wafer,stage,site,true,pred,abs_err
13,1,1,28.598,28.6,0.0020000000000024443
13,2,1,27.664,27.67,0.006000000000000227
13,3,1,29.309,29.31,0.0009999999999976694
13,4,1,34.218,34.22,0.001999999999995339
13,5,1,27.747,27.75,0.0030000000000001137
13,6,1,29.224,29.23,0.006000000000000227
13,1,2,28.658,28.65,0.008000000000002672
13,2,2,27.633,27.64,0.0070000000000014495
13,3,2,29.271,29.27,0.0010000000000012221
13,4,2,34.484,34.49,0.006000000000000227
13,5,2,27.93,27.93,0.0
13,6,2,29.386,29.39,0.004000000000001336
13,1,3,28.985,29.0,0.015000000000000568
13,2,3,27.71,27.71,0.0
13,3,3,29.273,29.27,0.0030000000000001137
13,4,3,34.155,34.16,0.0049999999999954525
13,5,3,27.729,27.73,0.0010000000000012221
13,6,3,29.214,29.21,0.003999999999997783
13,1,4,28.654,28.66,0.006000000000000227
13,2,4,27.632,27.64,0.007999999999999119
13,3,4,29.533,29.53,0.0030000000000001137
13,4,4,34.146,34.15,0.003999999999997783
13,5,4,27.715,27.72,0.004999999999999005
13,6,4,29.256,29.26,0.004000000000001336
13,1,1,29.157,29.17,0.013000000000001677
13,2,1,27.866,27.86,0.006000000000000227
13,3,1,29.32,29.32,0.0
13,4,1,34.438,34.44,0.001999999999995339
13,5,1,27.962,27.96,0.0019999999999988916
13,6,1,29.191,29.19,0.0009999999999976694
13,1,2,28.784,28.78,0.003999999999997783
13,2,2,27.616,27.61,0.006000000000000227
13,3,2,29.37,29.37,0.0
13,4,2,34.393,34.39,0.0030000000000001137
13,5,2,28.023,28.02,0.0030000000000001137
13,6,2,29.262,29.26,0.0019999999999988916
13,1,3,28.905,28.91,0.004999999999999005
13,2,3,27.694,27.7,0.006000000000000227
13,3,3,29.583,29.58,0.0030000000000001137
13,4,3,34.4,34.4,0.0
13,5,3,27.965,27.96,0.004999999999999005
13,6,3,29.303,29.3,0.0030000000000001137
13,1,4,28.673,28.67,0.002999999999996561
13,2,4,27.749,27.75,0.0010000000000012221
13,3,4,29.547,29.54,0.0070000000000014495
13,4,4,34.346,34.35,0.0040000000000048885
13,5,4,27.868,27.87,0.0020000000000024443
13,6,4,29.322,29.32,0.0019999999999988916
13,1,1,28.773,28.78,0.0070000000000014495
13,2,1,27.669,27.67,0.0010000000000012221
13,3,1,29.245,29.25,0.004999999999999005
13,4,1,34.293,34.3,0.006999999999997897
13,5,1,28.05,28.05,0.0
13,6,1,29.314,29.31,0.004000000000001336
13,1,2,29.074,29.08,0.005999999999996675
13,2,2,27.75,27.75,0.0
13,3,2,29.265,29.27,0.004999999999999005
13,4,2,34.297,34.3,0.0030000000000001137
13,5,2,27.771,27.77,0.0010000000000012221
13,6,2,29.073,29.07,0.0030000000000001137
13,1,3,28.581,28.58,0.0010000000000012221
13,2,3,27.571,27.57,0.0010000000000012221
13,3,3,29.264,29.27,0.006000000000000227
13,4,3,34.324,34.33,0.006000000000000227
13,5,3,27.919,27.92,0.0010000000000012221
13,6,3,29.312,29.31,0.0020000000000024443
13,1,4,28.878,28.88,0.0019999999999988916
13,2,4,27.632,27.64,0.007999999999999119
13,3,4,29.401,29.4,0.0010000000000012221
13,4,4,34.27,34.27,0.0
13,5,4,28.16,28.16,0.0
13,6,4,29.192,29.19,0.0019999999999988916
13,1,1,28.714,28.71,0.003999999999997783
13,2,1,27.727,27.73,0.0030000000000001137
13,3,1,29.38,29.38,0.0
13,4,1,34.304,34.3,0.0040000000000048885
13,5,1,27.943,27.94,0.0030000000000001137
13,6,1,29.103,29.1,0.0030000000000001137
13,1,2,28.914,28.91,0.004000000000001336
13,2,2,27.671,27.67,0.0009999999999976694
13,3,2,29.368,29.37,0.0020000000000024443
13,4,2,34.228,34.23,0.001999999999995339
13,5,2,27.833,27.83,0.0030000000000001137
13,6,2,29.181,29.18,0.0010000000000012221
13,1,3,28.895,28.89,0.004999999999999005
13,2,3,27.739,27.74,0.0009999999999976694
13,3,3,29.377,29.38,0.0030000000000001137
13,4,3,34.299,34.3,0.0009999999999976694
13,5,3,27.974,27.97,0.004000000000001336
13,6,3,29.208,29.21,0.0020000000000024443
13,1,4,28.933,28.93,0.0030000000000001137
13,2,4,27.789,27.79,0.0009999999999976694
13,3,4,29.337,29.34,0.0030000000000001137
13,4,4,34.554,34.55,0.0040000000000048885
13,5,4,27.983,27.99,0.006999999999997897
13,6,4,29.298,29.3,0.0020000000000024443
13,1,1,28.829,28.82,0.009000000000000341
13,2,1,27.686,27.68,0.006000000000000227
13,3,1,29.42,29.41,0.010000000000001563
13,4,1,34.345,34.35,0.005000000000002558
13,5,1,27.819,27.82,0.0010000000000012221
13,6,1,29.345,29.34,0.004999999999999005
13,1,2,28.79,28.79,0.0
13,2,2,27.693,27.69,0.0030000000000001137
13,3,2,29.281,29.28,0.0009999999999976694
13,4,2,34.465,34.46,0.005000000000002558
13,5,2,28.335,28.34,0.004999999999999005
13,6,2,29.362,29.36,0.0019999999999988916
13,1,3,28.895,28.9,0.004999999999999005
13,2,3,27.677,27.68,0.0030000000000001137
13,3,3,29.276,29.27,0.006000000000000227
13,4,3,34.259,34.26,0.0009999999999976694
13,5,3,27.768,27.77,0.0019999999999988916
13,6,3,29.334,29.34,0.006000000000000227
13,1,4,28.895,28.9,0.004999999999999005
13,2,4,27.576,27.58,0.003999999999997783
13,3,4,29.393,29.38,0.013000000000001677
13,4,4,34.296,34.29,0.006000000000000227
13,5,4,27.863,27.86,0.0030000000000001137
13,6,4,29.388,29.39,0.0019999999999988916
13,1,1,28.666,28.66,0.006000000000000227
13,2,1,27.569,27.57,0.0010000000000012221
13,3,1,29.258,29.26,0.0020000000000024443
13,4,1,34.302,34.3,0.0020000000000024443
13,5,1,27.836,27.84,0.004000000000001336
13,6,1,29.246,29.24,0.006000000000000227
13,1,2,29.045,29.05,0.004999999999999005
13,2,2,27.792,27.79,0.0020000000000024443
13,3,2,29.541,29.54,0.0010000000000012221
13,4,2,34.224,34.23,0.006000000000000227
13,5,2,28.037,28.04,0.0030000000000001137
13,6,2,29.304,29.3,0.003999999999997783
13,1,3,28.565,28.57,0.004999999999999005
13,2,3,27.511,27.51,0.0009999999999976694
13,3,3,29.174,29.17,0.003999999999997783
13,4,3,34.283,34.29,0.006999999999997897
13,5,3,27.849,27.85,0.0010000000000012221
13,6,3,29.233,29.23,0.0030000000000001137
13,1,4,28.533,28.54,0.006999999999997897
13,2,4,27.549,27.55,0.0010000000000012221
13,3,4,29.471,29.47,0.0010000000000012221
13,4,4,34.235,34.24,0.005000000000002558
13,5,4,27.917,27.92,0.0030000000000001137
13,6,4,29.14,29.14,0.0
13,1,1,28.822,28.83,0.007999999999999119
13,2,1,27.604,27.6,0.003999999999997783
13,3,1,29.271,29.28,0.009000000000000341
13,4,1,34.405,34.4,0.005000000000002558
13,5,1,27.898,27.9,0.0019999999999988916
13,6,1,28.977,28.98,0.0030000000000001137
13,1,2,28.971,28.96,0.010999999999999233
13,2,2,27.724,27.73,0.006000000000000227
13,3,2,29.305,29.31,0.004999999999999005
13,4,2,34.272,34.27,0.001999999999995339
13,5,2,27.87,27.87,0.0
13,6,2,29.474,29.47,0.004000000000001336
13,1,3,28.841,28.84,0.0010000000000012221
13,2,3,27.731,27.73,0.0010000000000012221
13,3,3,29.275,29.27,0.004999999999999005
13,4,3,34.47,34.47,0.0
13,5,3,27.962,27.96,0.0019999999999988916
13,6,3,29.36,29.36,0.0
13,1,4,28.993,28.99,0.0030000000000001137
13,2,4,27.644,27.65,0.006000000000000227
13,3,4,28.98,28.99,0.00999999999999801
13,4,4,34.29,34.29,0.0
13,5,4,27.987,27.99,0.0030000000000001137
13,6,4,29.101,29.1,0.0009999999999976694
13,1,1,28.855,28.86,0.004999999999999005
13,2,1,27.72,27.72,0.0
13,3,1,29.615,29.61,0.004999999999999005
13,4,1,34.354,34.36,0.006000000000000227
13,5,1,28.132,28.13,0.0020000000000024443
13,6,1,29.064,29.07,0.006000000000000227
13,1,2,28.718,28.72,0.0019999999999988916
13,2,2,27.795,27.79,0.005000000000002558
13,3,2,29.374,29.38,0.006000000000000227
13,4,2,34.516,34.52,0.0040000000000048885
13,5,2,27.986,27.99,0.003999999999997783
13,6,2,29.379,29.38,0.0009999999999976694
13,1,3,29.259,29.26,0.0010000000000012221
13,2,3,27.861,27.86,0.0010000000000012221
13,3,3,29.5,29.5,0.0
13,4,3,34.42,34.42,0.0
13,5,3,28.146,28.15,0.003999999999997783
13,6,3,29.153,29.15,0.0030000000000001137
13,1,4,29.069,29.07,0.0010000000000012221
13,2,4,27.745,27.75,0.004999999999999005
13,3,4,29.262,29.27,0.007999999999999119
13,4,4,34.165,34.17,0.005000000000002558
13,5,4,27.88,27.88,0.0
13,6,4,29.394,29.39,0.003999999999997783
13,1,1,28.775,28.77,0.004999999999999005
13,2,1,27.667,27.66,0.0070000000000014495
13,3,1,29.402,29.4,0.0020000000000024443
13,4,1,34.346,34.34,0.005999999999993122
13,5,1,28.015,28.01,0.004999999999999005
13,6,1,29.208,29.21,0.0020000000000024443
13,1,2,28.778,28.78,0.0020000000000024443
13,2,2,27.61,27.62,0.010000000000001563
13,3,2,29.498,29.5,0.0019999999999988916
13,4,2,34.087,34.08,0.007000000000005002
13,5,2,28.032,28.03,0.0019999999999988916
13,6,2,29.208,29.21,0.0020000000000024443
13,1,3,29.177,29.18,0.0030000000000001137
13,2,3,27.854,27.86,0.006000000000000227
13,3,3,29.343,29.34,0.0030000000000001137
13,4,3,34.316,34.32,0.003999999999997783
13,5,3,27.993,27.99,0.0030000000000001137
13,6,3,29.275,29.27,0.004999999999999005
13,1,4,28.715,28.72,0.004999999999999005
13,2,4,27.683,27.68,0.0030000000000001137
13,3,4,29.276,29.27,0.006000000000000227
13,4,4,34.345,34.35,0.005000000000002558
13,5,4,27.877,27.88,0.0030000000000001137
13,6,4,29.15,29.15,0.0
13,1,1,28.681,28.68,0.0010000000000012221
13,2,1,27.594,27.59,0.004000000000001336
13,3,1,29.284,29.28,0.003999999999997783
13,4,1,34.3,34.3,0.0
13,5,1,27.795,27.8,0.004999999999999005
13,6,1,29.339,29.34,0.0010000000000012221
13,1,2,28.794,28.8,0.006000000000000227
13,2,2,27.783,27.78,0.0030000000000001137
13,3,2,29.276,29.28,0.004000000000001336
13,4,2,34.483,34.48,0.0030000000000001137
13,5,2,28.183,28.18,0.0030000000000001137
13,6,2,29.188,29.19,0.0020000000000024443
13,1,3,28.961,28.95,0.010999999999999233
13,2,3,27.731,27.73,0.0010000000000012221
13,3,3,29.187,29.19,0.0030000000000001137
13,4,3,34.496,34.5,0.003999999999997783
13,5,3,27.874,27.87,0.003999999999997783
13,6,3,29.18,29.18,0.0
13,1,4,29.161,29.15,0.011000000000002785
13,2,4,27.88,27.88,0.0
13,3,4,29.435,29.45,0.015000000000000568
13,4,4,34.464,34.46,0.003999999999997783
13,5,4,27.941,27.94,0.0009999999999976694
13,6,4,29.324,29.32,0.004000000000001336
13,1,1,29.013,29.01,0.0030000000000001137
13,2,1,27.733,27.74,0.006999999999997897
13,3,1,29.192,29.2,0.007999999999999119
13,4,1,34.272,34.28,0.008000000000002672
13,5,1,27.929,27.93,0.0010000000000012221
13,6,1,29.379,29.38,0.0009999999999976694
13,1,2,28.931,28.93,0.0010000000000012221
13,2,2,27.773,27.77,0.0030000000000001137
13,3,2,29.528,29.53,0.0020000000000024443
13,4,2,34.382,34.38,0.001999999999995339
13,5,2,28.344,28.34,0.004000000000001336
13,6,2,29.142,29.14,0.0019999999999988916
13,1,3,28.847,28.84,0.0070000000000014495
13,2,3,27.658,27.66,0.0019999999999988916
13,3,3,29.461,29.46,0.0009999999999976694
13,4,3,34.141,34.14,0.0009999999999976694
13,5,3,27.847,27.85,0.0030000000000001137
13,6,3,29.431,29.43,0.0010000000000012221
13,1,4,28.942,28.94,0.0019999999999988916
13,2,4,27.802,27.8,0.0019999999999988916
13,3,4,29.459,29.46,0.0010000000000012221
13,4,4,34.442,34.45,0.008000000000002672
13,5,4,27.925,27.92,0.004999999999999005
13,6,4,29.16,29.16,0.0
13,1,1,28.9,28.91,0.010000000000001563
13,2,1,27.844,27.84,0.004000000000001336
13,3,1,29.231,29.22,0.011000000000002785
13,4,1,34.356,34.36,0.003999999999997783
13,5,1,27.889,27.89,0.0010000000000012221
13,6,1,29.451,29.45,0.0010000000000012221
13,1,2,28.602,28.6,0.0019999999999988916
13,2,2,27.575,27.57,0.004999999999999005
13,3,2,29.427,29.43,0.0030000000000001137
13,4,2,34.062,34.06,0.001999999999995339
13,5,2,27.678,27.68,0.0019999999999988916
13,6,2,29.127,29.13,0.0030000000000001137
13,1,3,28.809,28.82,0.010999999999999233
13,2,3,27.728,27.73,0.0019999999999988916
13,3,3,28.992,28.99,0.0020000000000024443
13,4,3,34.35,34.35,0.0
13,5,3,27.984,27.98,0.004000000000001336
13,6,3,29.166,29.16,0.006000000000000227
13,1,4,28.962,28.96,0.0019999999999988916
13,2,4,27.729,27.73,0.0010000000000012221
13,3,4,29.371,29.37,0.0009999999999976694
13,4,4,34.255,34.25,0.005000000000002558
13,5,4,27.811,27.81,0.0010000000000012221
13,6,4,29.271,29.27,0.0010000000000012221
13,1,1,29.14,29.14,0.0
13,2,1,27.784,27.79,0.006000000000000227
13,3,1,29.426,29.42,0.005999999999996675
13,4,1,34.215,34.22,0.0049999999999954525
13,5,1,27.939,27.94,0.0010000000000012221
13,6,1,29.045,29.05,0.004999999999999005
13,1,2,28.865,28.86,0.004999999999999005
13,2,2,27.638,27.64,0.0019999999999988916
13,3,2,29.385,29.38,0.005000000000002558
13,4,2,34.347,34.35,0.0030000000000001137
13,5,2,28.185,28.19,0.005000000000002558
13,6,2,29.334,29.33,0.004000000000001336
13,1,3,28.766,28.76,0.005999999999996675
13,2,3,27.723,27.72,0.0030000000000001137
13,3,3,29.344,29.34,0.004000000000001336
13,4,3,34.257,34.26,0.0030000000000001137
13,5,3,27.924,27.92,0.003999999999997783
13,6,3,29.464,29.46,0.003999999999997783
13,1,4,28.705,28.7,0.004999999999999005
13,2,4,27.578,27.58,0.0019999999999988916
13,3,4,29.239,29.24,0.0009999999999976694
13,4,4,34.505,34.51,0.0049999999999954525
13,5,4,28.25,28.25,0.0
13,6,4,29.297,29.3,0.0030000000000001137
13,1,1,28.863,28.87,0.0070000000000014495
13,2,1,27.696,27.69,0.006000000000000227
13,3,1,29.284,29.29,0.006000000000000227
13,4,1,34.373,34.37,0.0030000000000001137
13,5,1,28.164,28.17,0.006000000000000227
13,6,1,29.032,29.03,0.0019999999999988916
13,1,2,28.717,28.72,0.0030000000000001137
13,2,2,27.781,27.78,0.0009999999999976694
13,3,2,29.609,29.61,0.0009999999999976694
13,4,2,34.284,34.28,0.003999999999997783
13,5,2,27.919,27.92,0.0010000000000012221
13,6,2,28.912,28.91,0.0019999999999988916
13,1,3,28.853,28.85,0.0030000000000001137
13,2,3,27.726,27.72,0.006000000000000227
13,3,3,29.511,29.52,0.009000000000000341
13,4,3,34.205,34.21,0.005000000000002558
13,5,3,27.66,27.66,0.0
13,6,3,29.117,29.11,0.0070000000000014495
13,1,4,29.219,29.22,0.0009999999999976694
13,2,4,27.948,27.94,0.007999999999999119
13,3,4,29.521,29.52,0.0010000000000012221
13,4,4,34.52,34.52,0.0
13,5,4,27.944,27.94,0.003999999999997783
13,6,4,29.157,29.16,0.0030000000000001137
13,1,1,29.151,29.15,0.0010000000000012221
13,2,1,27.96,27.96,0.0
13,3,1,29.626,29.62,0.006000000000000227
13,4,1,34.411,34.41,0.0010000000000047748
13,5,1,27.862,27.86,0.0019999999999988916
13,6,1,29.253,29.25,0.0030000000000001137
13,1,2,28.759,28.75,0.009000000000000341
13,2,2,27.66,27.66,0.0
13,3,2,29.358,29.35,0.007999999999999119
13,4,2,34.444,34.45,0.006000000000000227
13,5,2,27.98,27.98,0.0
13,6,2,29.32,29.32,0.0
13,1,3,28.824,28.83,0.005999999999996675
13,2,3,27.673,27.67,0.002999999999996561
13,3,3,29.334,29.34,0.006000000000000227
13,4,3,34.236,34.23,0.006000000000000227
13,5,3,28.111,28.11,0.0010000000000012221
13,6,3,29.27,29.27,0.0
13,1,4,28.958,28.96,0.0020000000000024443
13,2,4,27.787,27.79,0.0030000000000001137
13,3,4,29.358,29.36,0.0019999999999988916
13,4,4,34.278,34.28,0.0020000000000024443
13,5,4,27.849,27.85,0.0010000000000012221
13,6,4,29.402,29.4,0.0020000000000024443
13,1,1,28.703,28.7,0.0030000000000001137
13,2,1,27.659,27.66,0.0010000000000012221
13,3,1,29.183,29.19,0.0070000000000014495
13,4,1,34.193,34.19,0.0030000000000001137
13,5,1,28.079,28.08,0.0009999999999976694
13,6,1,29.368,29.37,0.0020000000000024443
13,1,2,28.802,28.81,0.007999999999999119
13,2,2,27.631,27.63,0.0010000000000012221
13,3,2,29.299,29.3,0.0010000000000012221
13,4,2,34.156,34.16,0.003999999999997783
13,5,2,27.829,27.83,0.0009999999999976694
13,6,2,29.19,29.19,0.0
13,1,3,28.73,28.73,0.0
13,2,3,27.59,27.59,0.0
13,3,3,29.265,29.27,0.004999999999999005
13,4,3,34.347,34.35,0.0030000000000001137
13,5,3,28.153,28.15,0.0030000000000001137
13,6,3,29.234,29.23,0.004000000000001336
13,1,4,28.611,28.61,0.0010000000000012221
13,2,4,27.554,27.56,0.006000000000000227
13,3,4,29.416,29.41,0.006000000000000227
13,4,4,34.5,34.5,0.0
13,5,4,28.072,28.07,0.0019999999999988916
13,6,4,29.123,29.12,0.0030000000000001137
13,1,1,28.625,28.62,0.004999999999999005
13,2,1,27.622,27.63,0.007999999999999119
13,3,1,29.353,29.35,0.0030000000000001137
13,4,1,34.222,34.22,0.0020000000000024443
13,5,1,27.724,27.73,0.006000000000000227
13,6,1,29.225,29.22,0.005000000000002558
13,1,2,29.088,29.09,0.0019999999999988916
13,2,2,28.02,28.02,0.0
13,3,2,29.639,29.64,0.0010000000000012221
13,4,2,34.532,34.53,0.001999999999995339
13,5,2,27.935,27.94,0.005000000000002558
13,6,2,29.375,29.37,0.004999999999999005
13,1,3,29.234,29.24,0.005999999999996675
13,2,3,27.844,27.85,0.006000000000000227
13,3,3,29.453,29.45,0.0030000000000001137
13,4,3,34.353,34.35,0.0030000000000001137
13,5,3,27.762,27.77,0.007999999999999119
13,6,3,29.228,29.23,0.0019999999999988916
13,1,4,28.586,28.59,0.004000000000001336
13,2,4,27.606,27.61,0.003999999999997783
13,3,4,29.35,29.35,0.0
13,4,4,34.079,34.08,0.0009999999999976694
13,5,4,27.727,27.73,0.0030000000000001137
13,6,4,29.299,29.3,0.0010000000000012221
13,1,1,28.981,28.98,0.0010000000000012221
13,2,1,27.704,27.7,0.004000000000001336
13,3,1,29.077,29.08,0.002999999999996561
13,4,1,34.257,34.26,0.0030000000000001137
13,5,1,28.013,28.01,0.0030000000000001137
13,6,1,29.134,29.13,0.004000000000001336
13,1,2,28.882,28.89,0.007999999999999119
13,2,2,27.681,27.68,0.0010000000000012221
13,3,2,29.464,29.45,0.013999999999999346
13,4,2,34.395,34.39,0.005000000000002558
13,5,2,27.9,27.9,0.0
13,6,2,29.103,29.1,0.0030000000000001137
13,1,3,28.613,28.61,0.0030000000000001137
13,2,3,27.549,27.55,0.0010000000000012221
13,3,3,29.477,29.48,0.0030000000000001137
13,4,3,34.365,34.36,0.005000000000002558
13,5,3,27.955,27.96,0.005000000000002558
13,6,3,29.147,29.15,0.0030000000000001137
13,1,4,28.858,28.85,0.007999999999999119
13,2,4,27.714,27.72,0.006000000000000227
13,3,4,29.496,29.49,0.006000000000000227
13,4,4,34.3,34.3,0.0
13,5,4,27.946,27.95,0.003999999999997783
13,6,4,29.138,29.14,0.0019999999999988916
13,1,1,28.776,28.79,0.013999999999999346
13,2,1,27.695,27.69,0.004999999999999005
13,3,1,29.36,29.36,0.0
13,4,1,34.213,34.21,0.0030000000000001137
13,5,1,28.115,28.11,0.004999999999999005
13,6,1,29.098,29.1,0.0020000000000024443
13,1,2,29.061,29.06,0.0010000000000012221
13,2,2,27.732,27.73,0.0019999999999988916
13,3,2,29.085,29.09,0.004999999999999005
13,4,2,34.402,34.4,0.0020000000000024443
13,5,2,28.215,28.21,0.004999999999999005
13,6,2,29.184,29.19,0.006000000000000227
13,1,3,28.895,28.89,0.004999999999999005
13,2,3,27.765,27.76,0.004999999999999005
13,3,3,29.429,29.42,0.008999999999996788
13,4,3,34.366,34.37,0.003999999999997783
13,5,3,28.221,28.22,0.0010000000000012221
13,6,3,29.412,29.41,0.0019999999999988916
13,1,4,29.063,29.06,0.0030000000000001137
13,2,4,27.924,27.93,0.006000000000000227
13,3,4,29.446,29.44,0.006000000000000227
13,4,4,34.423,34.42,0.0030000000000001137
13,5,4,28.135,28.13,0.005000000000002558
13,6,4,29.443,29.44,0.0030000000000001137
13,1,1,28.845,28.84,0.004999999999999005
13,2,1,27.673,27.67,0.002999999999996561
13,3,1,29.18,29.18,0.0
13,4,1,34.3,34.3,0.0
13,5,1,27.885,27.89,0.004999999999999005
13,6,1,29.117,29.12,0.0030000000000001137
13,1,2,28.954,28.95,0.004000000000001336
13,2,2,27.742,27.74,0.0020000000000024443
13,3,2,29.39,29.39,0.0
13,4,2,34.476,34.48,0.003999999999997783
13,5,2,28.175,28.17,0.004999999999999005
13,6,2,29.164,29.16,0.004000000000001336
13,1,3,28.658,28.65,0.008000000000002672
13,2,3,27.599,27.6,0.0010000000000012221
13,3,3,29.287,29.28,0.006999999999997897
13,4,3,34.193,34.19,0.0030000000000001137
13,5,3,28.069,28.07,0.0010000000000012221
13,6,3,29.121,29.12,0.0009999999999976694
13,1,4,29.166,29.16,0.006000000000000227
13,2,4,27.869,27.87,0.0010000000000012221
13,3,4,29.248,29.25,0.0019999999999988916
13,4,4,34.298,34.3,0.001999999999995339
13,5,4,27.697,27.7,0.0030000000000001137
13,6,4,29.361,29.36,0.0010000000000012221
14,1,1,28.757,28.76,0.0030000000000001137
14,2,1,27.541,27.54,0.0010000000000012221
14,3,1,29.041,29.05,0.009000000000000341
14,4,1,34.052,34.05,0.0020000000000024443
14,5,1,27.801,27.8,0.0009999999999976694
14,6,1,28.98,28.98,0.0
14,1,2,28.725,28.72,0.005000000000002558
14,2,2,27.557,27.55,0.006999999999997897
14,3,2,29.276,29.28,0.004000000000001336
14,4,2,34.171,34.17,0.0009999999999976694
14,5,2,27.656,27.66,0.004000000000001336
14,6,2,29.142,29.14,0.0019999999999988916
14,1,3,28.216,28.23,0.013999999999999346
14,2,3,27.21,27.21,0.0
14,3,3,28.988,28.98,0.007999999999999119
14,4,3,34.094,34.09,0.003999999999997783
14,5,3,27.635,27.63,0.005000000000002558
14,6,3,28.979,28.98,0.0010000000000012221
14,1,4,28.369,28.36,0.009000000000000341
14,2,4,27.466,27.47,0.003999999999997783
14,3,4,29.338,29.34,0.0019999999999988916
14,4,4,34.306,34.31,0.0040000000000048885
14,5,4,27.867,27.87,0.0030000000000001137
14,6,4,29.029,29.03,0.0010000000000012221
14,1,1,28.587,28.58,0.0070000000000014495
14,2,1,27.462,27.46,0.0019999999999988916
14,3,1,29.09,29.09,0.0
14,4,1,34.134,34.13,0.003999999999997783
14,5,1,27.675,27.68,0.004999999999999005
14,6,1,28.885,28.89,0.004999999999999005
14,1,2,28.499,28.51,0.011000000000002785
14,2,2,27.44,27.44,0.0
14,3,2,28.929,28.93,0.0010000000000012221
14,4,2,34.063,34.06,0.0030000000000001137
14,5,2,27.84,27.84,0.0
14,6,2,29.163,29.16,0.0030000000000001137
14,1,3,28.311,28.32,0.009000000000000341
14,2,3,27.311,27.31,0.0010000000000012221
14,3,3,28.958,28.96,0.0020000000000024443
14,4,3,34.193,34.19,0.0030000000000001137
14,5,3,27.841,27.84,0.0010000000000012221
14,6,3,29.104,29.1,0.003999999999997783
14,1,4,28.54,28.54,0.0
14,2,4,27.428,27.43,0.0019999999999988916
14,3,4,28.942,28.95,0.007999999999999119
14,4,4,34.203,34.2,0.0030000000000001137
14,5,4,27.541,27.54,0.0010000000000012221
14,6,4,29.037,29.04,0.0030000000000001137
14,1,1,28.601,28.61,0.009000000000000341
14,2,1,27.421,27.42,0.0009999999999976694
14,3,1,29.268,29.27,0.0019999999999988916
14,4,1,34.003,34.0,0.0030000000000001137
14,5,1,27.631,27.63,0.0010000000000012221
14,6,1,28.973,28.97,0.0030000000000001137
14,1,2,28.508,28.51,0.0020000000000024443
14,2,2,27.379,27.38,0.0009999999999976694
14,3,2,28.981,28.98,0.0010000000000012221
14,4,2,34.16,34.16,0.0
14,5,2,27.776,27.77,0.006000000000000227
14,6,2,28.741,28.74,0.0010000000000012221
14,1,3,28.694,28.7,0.006000000000000227
14,2,3,27.484,27.48,0.004000000000001336
14,3,3,29.221,29.22,0.0010000000000012221
14,4,3,34.135,34.14,0.005000000000002558
14,5,3,27.701,27.7,0.0010000000000012221
14,6,3,29.162,29.16,0.0019999999999988916
14,1,4,28.495,28.48,0.015000000000000568
14,2,4,27.365,27.37,0.005000000000002558
14,3,4,29.179,29.18,0.0010000000000012221
14,4,4,34.147,34.15,0.0030000000000001137
14,5,4,27.745,27.74,0.005000000000002558
14,6,4,29.06,29.06,0.0
14,1,1,28.476,28.47,0.006000000000000227
14,2,1,27.453,27.45,0.0030000000000001137
14,3,1,29.338,29.34,0.0019999999999988916
14,4,1,34.193,34.19,0.0030000000000001137
14,5,1,27.676,27.68,0.004000000000001336
14,6,1,29.046,29.05,0.004000000000001336
14,1,2,28.733,28.73,0.0030000000000001137
14,2,2,27.452,27.45,0.0020000000000024443
14,3,2,29.151,29.15,0.0010000000000012221
14,4,2,33.995,34.0,0.005000000000002558
14,5,2,27.541,27.54,0.0010000000000012221
14,6,2,29.142,29.14,0.0019999999999988916
14,1,3,28.786,28.78,0.006000000000000227
14,2,3,27.428,27.43,0.0019999999999988916
14,3,3,29.373,29.37,0.0030000000000001137
14,4,3,33.768,33.77,0.0020000000000024443
14,5,3,27.654,27.66,0.006000000000000227
14,6,3,29.187,29.19,0.0030000000000001137
14,1,4,28.512,28.51,0.0019999999999988916
14,2,4,27.469,27.46,0.009000000000000341
14,3,4,29.266,29.27,0.004000000000001336
14,4,4,34.136,34.13,0.006000000000000227
14,5,4,27.8,27.8,0.0
14,6,4,29.169,29.17,0.0010000000000012221
14,1,1,28.398,28.4,0.0019999999999988916
14,2,1,27.378,27.38,0.0019999999999988916
14,3,1,29.183,29.18,0.0030000000000001137
14,4,1,33.987,33.99,0.0030000000000001137
14,5,1,27.666,27.67,0.004000000000001336
14,6,1,29.16,29.16,0.0
14,1,2,28.691,28.69,0.0009999999999976694
14,2,2,27.561,27.56,0.0010000000000012221
14,3,2,29.226,29.22,0.006000000000000227
14,4,2,34.005,34.01,0.0049999999999954525
14,5,2,27.538,27.54,0.0019999999999988916
14,6,2,28.803,28.8,0.0030000000000001137
14,1,3,28.543,28.53,0.012999999999998124
14,2,3,27.392,27.39,0.0019999999999988916
14,3,3,29.438,29.43,0.007999999999999119
14,4,3,33.573,33.61,0.036999999999999034
14,5,3,27.586,27.59,0.004000000000001336
14,6,3,28.773,28.77,0.0030000000000001137
14,1,4,28.474,28.47,0.004000000000001336
14,2,4,27.371,27.37,0.0009999999999976694
14,3,4,29.131,29.13,0.0010000000000012221
14,4,4,34.306,34.31,0.0040000000000048885
14,5,4,27.815,27.82,0.004999999999999005
14,6,4,28.809,28.81,0.0009999999999976694
14,1,1,28.431,28.44,0.009000000000000341
14,2,1,27.55,27.55,0.0
14,3,1,29.358,29.36,0.0019999999999988916
14,4,1,33.944,33.94,0.0040000000000048885
14,5,1,27.459,27.46,0.0010000000000012221
14,6,1,29.258,29.26,0.0020000000000024443
14,1,2,28.89,28.89,0.0
14,2,2,27.716,27.71,0.006000000000000227
14,3,2,29.121,29.12,0.0009999999999976694
14,4,2,34.192,34.19,0.0020000000000024443
14,5,2,27.761,27.76,0.0009999999999976694
14,6,2,29.186,29.18,0.006000000000000227
14,1,3,28.786,28.78,0.006000000000000227
14,2,3,27.624,27.62,0.003999999999997783
14,3,3,29.585,29.58,0.005000000000002558
14,4,3,34.023,34.02,0.0030000000000001137
14,5,3,27.567,27.57,0.0030000000000001137
14,6,3,29.257,29.26,0.0030000000000001137
14,1,4,28.662,28.67,0.008000000000002672
14,2,4,27.537,27.54,0.0030000000000001137
14,3,4,29.112,29.11,0.0019999999999988916
14,4,4,34.183,34.18,0.0030000000000001137
14,5,4,27.635,27.63,0.005000000000002558
14,6,4,28.988,28.99,0.0019999999999988916
14,1,1,28.528,28.52,0.007999999999999119
14,2,1,27.416,27.42,0.004000000000001336
14,3,1,29.209,29.21,0.0010000000000012221
14,4,1,34.082,34.08,0.0020000000000024443
14,5,1,27.785,27.79,0.004999999999999005
14,6,1,29.431,29.43,0.0010000000000012221
14,1,2,28.441,28.43,0.010999999999999233
14,2,2,27.467,27.47,0.0030000000000001137
14,3,2,29.028,29.03,0.0020000000000024443
14,4,2,34.312,34.31,0.001999999999995339
14,5,2,27.837,27.84,0.0030000000000001137
14,6,2,29.202,29.2,0.0020000000000024443
14,1,3,28.901,28.9,0.0010000000000012221
14,2,3,27.571,27.57,0.0010000000000012221
14,3,3,28.958,28.96,0.0020000000000024443
14,4,3,33.986,33.99,0.0040000000000048885
14,5,3,27.722,27.72,0.0020000000000024443
14,6,3,29.323,29.32,0.0030000000000001137
14,1,4,28.418,28.42,0.0020000000000024443
14,2,4,27.511,27.51,0.0009999999999976694
14,3,4,29.544,29.55,0.006000000000000227
14,4,4,34.046,34.05,0.003999999999997783
14,5,4,27.809,27.81,0.0009999999999976694
14,6,4,29.18,29.18,0.0
14,1,1,28.992,28.99,0.0020000000000024443
14,2,1,27.684,27.69,0.006000000000000227
14,3,1,29.287,29.29,0.0030000000000001137
14,4,1,33.938,33.94,0.001999999999995339
14,5,1,27.528,27.53,0.0020000000000024443
14,6,1,28.914,28.92,0.006000000000000227
14,1,2,28.532,28.54,0.007999999999999119
14,2,2,27.529,27.53,0.0010000000000012221
14,3,2,29.06,29.06,0.0
14,4,2,34.279,34.28,0.0009999999999976694
14,5,2,27.566,27.57,0.004000000000001336
14,6,2,28.907,28.91,0.0030000000000001137
14,1,3,28.264,28.25,0.013999999999999346
14,2,3,27.312,27.31,0.0020000000000024443
14,3,3,29.188,29.19,0.0020000000000024443
14,4,3,34.311,34.31,0.0009999999999976694
14,5,3,27.786,27.79,0.003999999999997783
14,6,3,29.23,29.23,0.0
14,1,4,28.372,28.38,0.007999999999999119
14,2,4,27.348,27.35,0.0020000000000024443
14,3,4,29.116,29.11,0.006000000000000227
14,4,4,34.084,34.08,0.0040000000000048885
14,5,4,27.863,27.86,0.0030000000000001137
14,6,4,28.992,28.99,0.0020000000000024443
14,1,1,28.923,28.92,0.002999999999996561
14,2,1,27.645,27.64,0.004999999999999005
14,3,1,29.186,29.19,0.004000000000001336
14,4,1,33.797,33.8,0.0030000000000001137
14,5,1,27.572,27.57,0.0019999999999988916
14,6,1,28.994,29.0,0.006000000000000227
14,1,2,28.668,28.67,0.0020000000000024443
14,2,2,27.713,27.71,0.0030000000000001137
14,3,2,29.451,29.45,0.0010000000000012221
14,4,2,34.175,34.18,0.005000000000002558
14,5,2,27.846,27.85,0.004000000000001336
14,6,2,28.848,28.85,0.0020000000000024443
14,1,3,28.519,28.52,0.0010000000000012221
14,2,3,27.505,27.51,0.005000000000002558
14,3,3,29.337,29.34,0.0030000000000001137
14,4,3,34.21,34.21,0.0
14,5,3,27.516,27.52,0.004000000000001336
14,6,3,29.08,29.08,0.0
14,1,4,28.71,28.71,0.0
14,2,4,27.495,27.49,0.005000000000002558
14,3,4,29.271,29.27,0.0010000000000012221
14,4,4,34.082,34.08,0.0020000000000024443
14,5,4,27.622,27.62,0.0019999999999988916
14,6,4,28.86,28.86,0.0
14,1,1,28.809,28.81,0.0009999999999976694
14,2,1,27.492,27.5,0.007999999999999119
14,3,1,29.174,29.17,0.003999999999997783
14,4,1,34.071,34.07,0.0009999999999976694
14,5,1,27.655,27.66,0.004999999999999005
14,6,1,29.137,29.14,0.0030000000000001137
14,1,2,28.44,28.44,0.0
14,2,2,27.329,27.33,0.0009999999999976694
14,3,2,28.867,28.87,0.0030000000000001137
14,4,2,34.011,34.01,0.0010000000000047748
14,5,2,27.622,27.62,0.0019999999999988916
14,6,2,28.934,28.93,0.004000000000001336
14,1,3,28.531,28.53,0.0009999999999976694
14,2,3,27.317,27.32,0.0030000000000001137
14,3,3,28.775,28.78,0.005000000000002558
14,4,3,33.91,33.91,0.0
14,5,3,27.517,27.52,0.0030000000000001137
14,6,3,29.251,29.25,0.0010000000000012221
14,1,4,28.679,28.67,0.008999999999996788
14,2,4,27.434,27.43,0.004000000000001336
14,3,4,29.157,29.16,0.0030000000000001137
14,4,4,34.269,34.27,0.0010000000000047748
14,5,4,27.957,27.96,0.0030000000000001137
14,6,4,29.241,29.24,0.0010000000000012221
14,1,1,28.775,28.78,0.005000000000002558
14,2,1,27.491,27.49,0.0010000000000012221
14,3,1,29.121,29.12,0.0009999999999976694
14,4,1,34.2,34.2,0.0
14,5,1,27.838,27.84,0.0019999999999988916
14,6,1,28.909,28.91,0.0010000000000012221
14,1,2,28.808,28.81,0.0019999999999988916
14,2,2,27.621,27.62,0.0009999999999976694
14,3,2,29.048,29.05,0.0020000000000024443
14,4,2,34.346,34.35,0.0040000000000048885
14,5,2,28.106,28.11,0.003999999999997783
14,6,2,29.404,29.4,0.004000000000001336
14,1,3,28.651,28.64,0.010999999999999233
14,2,3,27.41,27.41,0.0
14,3,3,29.112,29.12,0.008000000000002672
14,4,3,34.177,34.18,0.0030000000000001137
14,5,3,27.743,27.74,0.0030000000000001137
14,6,3,29.374,29.37,0.003999999999997783
14,1,4,28.567,28.56,0.0070000000000014495
14,2,4,27.527,27.53,0.0030000000000001137
14,3,4,29.164,29.17,0.006000000000000227
14,4,4,34.296,34.29,0.006000000000000227
14,5,4,27.902,27.9,0.0020000000000024443
14,6,4,29.122,29.12,0.0019999999999988916
14,1,1,28.753,28.75,0.0030000000000001137
14,2,1,27.532,27.53,0.0019999999999988916
14,3,1,28.972,28.97,0.0020000000000024443
14,4,1,33.968,33.97,0.001999999999995339
14,5,1,27.497,27.5,0.0030000000000001137
14,6,1,28.889,28.89,0.0010000000000012221
14,1,2,28.421,28.41,0.010999999999999233
14,2,2,27.364,27.37,0.006000000000000227
14,3,2,29.091,29.09,0.0010000000000012221
14,4,2,33.831,33.83,0.0010000000000047748
14,5,2,27.344,27.35,0.006000000000000227
14,6,2,29.225,29.23,0.004999999999999005
14,1,3,28.665,28.66,0.004999999999999005
14,2,3,27.569,27.57,0.0010000000000012221
14,3,3,29.058,29.06,0.0019999999999988916
14,4,3,34.246,34.24,0.006000000000000227
14,5,3,27.715,27.72,0.004999999999999005
14,6,3,28.744,28.75,0.006000000000000227
14,1,4,28.535,28.54,0.004999999999999005
14,2,4,27.509,27.51,0.0010000000000012221
14,3,4,29.13,29.13,0.0
14,4,4,34.19,34.19,0.0
14,5,4,27.723,27.72,0.0030000000000001137
14,6,4,28.707,28.71,0.0030000000000001137
14,1,1,28.947,28.94,0.006999999999997897
14,2,1,27.664,27.66,0.004000000000001336
14,3,1,29.144,29.15,0.006000000000000227
14,4,1,34.187,34.19,0.0030000000000001137
14,5,1,27.907,27.91,0.0030000000000001137
14,6,1,29.115,29.12,0.005000000000002558
14,1,2,28.426,28.42,0.005999999999996675
14,2,2,27.489,27.49,0.0009999999999976694
14,3,2,29.224,29.23,0.006000000000000227
14,4,2,34.17,34.17,0.0
14,5,2,27.71,27.71,0.0
14,6,2,29.23,29.23,0.0
14,1,3,28.416,28.41,0.006000000000000227
14,2,3,27.323,27.33,0.006999999999997897
14,3,3,29.02,29.02,0.0
14,4,3,34.111,34.11,0.0009999999999976694
14,5,3,27.45,27.45,0.0
14,6,3,28.888,28.89,0.0019999999999988916
14,1,4,28.363,28.37,0.0070000000000014495
14,2,4,27.329,27.33,0.0009999999999976694
14,3,4,29.358,29.36,0.0019999999999988916
14,4,4,34.038,34.04,0.0020000000000024443
14,5,4,27.759,27.76,0.0010000000000012221
14,6,4,28.862,28.86,0.0019999999999988916
14,1,1,28.661,28.66,0.0010000000000012221
14,2,1,27.498,27.5,0.0019999999999988916
14,3,1,29.188,29.19,0.0020000000000024443
14,4,1,34.038,34.04,0.0020000000000024443
14,5,1,27.777,27.78,0.0030000000000001137
14,6,1,28.869,28.87,0.0010000000000012221
14,1,2,28.504,28.51,0.006000000000000227
14,2,2,27.512,27.51,0.0019999999999988916
14,3,2,29.465,29.46,0.004999999999999005
14,4,2,34.124,34.12,0.0040000000000048885
14,5,2,27.923,27.92,0.002999999999996561
14,6,2,29.079,29.08,0.0009999999999976694
14,1,3,28.735,28.73,0.004999999999999005
14,2,3,27.637,27.64,0.0030000000000001137
14,3,3,29.385,29.38,0.005000000000002558
14,4,3,34.369,34.37,0.0009999999999976694
14,5,3,27.485,27.49,0.004999999999999005
14,6,3,28.942,28.94,0.0019999999999988916
14,1,4,28.64,28.65,0.00999999999999801
14,2,4,27.456,27.45,0.006000000000000227
14,3,4,29.226,29.24,0.013999999999999346
14,4,4,34.022,34.02,0.001999999999995339
14,5,4,27.668,27.67,0.0020000000000024443
14,6,4,28.972,28.97,0.0020000000000024443
14,1,1,28.577,28.58,0.002999999999996561
14,2,1,27.397,27.4,0.0030000000000001137
14,3,1,28.875,28.88,0.004999999999999005
14,4,1,34.064,34.07,0.006000000000000227
14,5,1,27.649,27.65,0.0009999999999976694
14,6,1,29.152,29.15,0.0020000000000024443
14,1,2,28.67,28.67,0.0
14,2,2,27.452,27.45,0.0020000000000024443
14,3,2,29.259,29.26,0.0010000000000012221
14,4,2,33.967,33.97,0.0030000000000001137
14,5,2,27.676,27.68,0.004000000000001336
14,6,2,29.364,29.36,0.004000000000001336
14,1,3,28.564,28.56,0.004000000000001336
14,2,3,27.535,27.54,0.004999999999999005
14,3,3,29.377,29.37,0.006999999999997897
14,4,3,33.938,33.94,0.001999999999995339
14,5,3,27.815,27.81,0.005000000000002558
14,6,3,28.748,28.75,0.0019999999999988916
14,1,4,28.58,28.58,0.0
14,2,4,27.509,27.51,0.0010000000000012221
14,3,4,29.368,29.37,0.0020000000000024443
14,4,4,34.049,34.05,0.0009999999999976694
14,5,4,27.614,27.61,0.004000000000001336
14,6,4,28.889,28.89,0.0010000000000012221
14,1,1,28.632,28.63,0.0020000000000024443
14,2,1,27.494,27.49,0.004000000000001336
14,3,1,28.957,28.96,0.0030000000000001137
14,4,1,34.039,34.04,0.0009999999999976694
14,5,1,27.633,27.63,0.0030000000000001137
14,6,1,29.038,29.04,0.0019999999999988916
14,1,2,28.507,28.51,0.0030000000000001137
14,2,2,27.392,27.4,0.007999999999999119
14,3,2,28.994,28.99,0.004000000000001336
14,4,2,34.224,34.22,0.003999999999997783
14,5,2,27.859,27.86,0.0009999999999976694
14,6,2,29.164,29.16,0.004000000000001336
14,1,3,28.429,28.43,0.0010000000000012221
14,2,3,27.433,27.44,0.0070000000000014495
14,3,3,29.278,29.28,0.0020000000000024443
14,4,3,34.1,34.1,0.0
14,5,3,27.844,27.84,0.004000000000001336
14,6,3,28.866,28.87,0.004000000000001336
14,1,4,28.601,28.61,0.009000000000000341
14,2,4,27.455,27.46,0.005000000000002558
14,3,4,29.264,29.26,0.003999999999997783
14,4,4,34.12,34.12,0.0
14,5,4,27.676,27.68,0.004000000000001336
14,6,4,29.189,29.19,0.0010000000000012221
14,1,1,28.625,28.62,0.004999999999999005
14,2,1,27.583,27.57,0.012999999999998124
14,3,1,29.12,29.12,0.0
14,4,1,34.03,34.03,0.0
14,5,1,27.761,27.76,0.0009999999999976694
14,6,1,29.07,29.07,0.0
14,1,2,28.696,28.69,0.006000000000000227
14,2,2,27.609,27.61,0.0009999999999976694
14,3,2,29.001,29.0,0.0010000000000012221
14,4,2,34.19,34.19,0.0
14,5,2,27.775,27.78,0.005000000000002558
14,6,2,28.702,28.7,0.0020000000000024443
14,1,3,28.415,28.42,0.005000000000002558
14,2,3,27.42,27.42,0.0
14,3,3,29.156,29.15,0.006000000000000227
14,4,3,33.991,33.99,0.0009999999999976694
14,5,3,27.633,27.63,0.0030000000000001137
14,6,3,29.14,29.14,0.0
14,1,4,28.79,28.78,0.00999999999999801
14,2,4,27.612,27.61,0.0019999999999988916
14,3,4,28.931,28.93,0.0010000000000012221
14,4,4,34.366,34.37,0.003999999999997783
14,5,4,27.882,27.88,0.0020000000000024443
14,6,4,28.983,28.99,0.006999999999997897
14,1,1,28.621,28.61,0.010999999999999233
14,2,1,27.572,27.57,0.0019999999999988916
14,3,1,29.253,29.25,0.0030000000000001137
14,4,1,33.992,33.99,0.001999999999995339
14,5,1,27.64,27.64,0.0
14,6,1,28.978,28.98,0.0019999999999988916
14,1,2,28.963,28.98,0.01699999999999946
14,2,2,27.641,27.64,0.0009999999999976694
14,3,2,29.192,29.19,0.0019999999999988916
14,4,2,34.058,34.06,0.0020000000000024443
14,5,2,28.009,28.01,0.0010000000000012221
14,6,2,28.762,28.76,0.0019999999999988916
14,1,3,28.557,28.56,0.0030000000000001137
14,2,3,27.534,27.53,0.003999999999997783
14,3,3,29.085,29.08,0.005000000000002558
14,4,3,34.229,34.23,0.0009999999999976694
14,5,3,27.73,27.73,0.0
14,6,3,28.938,28.94,0.0020000000000024443
14,1,4,28.488,28.49,0.0019999999999988916
14,2,4,27.42,27.42,0.0
14,3,4,29.244,29.24,0.004000000000001336
14,4,4,34.106,34.1,0.006000000000000227
14,5,4,27.846,27.85,0.004000000000001336
14,6,4,29.133,29.13,0.0030000000000001137
14,1,1,28.803,28.81,0.006999999999997897
14,2,1,27.686,27.69,0.004000000000001336
14,3,1,29.324,29.33,0.005999999999996675
14,4,1,34.168,34.17,0.0020000000000024443
14,5,1,27.623,27.62,0.0030000000000001137
14,6,1,28.913,28.91,0.0030000000000001137
14,1,2,28.683,28.67,0.012999999999998124
14,2,2,27.486,27.49,0.003999999999997783
14,3,2,28.904,28.9,0.004000000000001336
14,4,2,34.135,34.13,0.0049999999999954525
14,5,2,27.608,27.61,0.0019999999999988916
14,6,2,28.867,28.87,0.0030000000000001137
14,1,3,28.629,28.62,0.009000000000000341
14,2,3,27.508,27.51,0.0020000000000024443
14,3,3,29.055,29.06,0.004999999999999005
14,4,3,34.034,34.04,0.006000000000000227
14,5,3,27.581,27.58,0.0010000000000012221
14,6,3,28.914,28.92,0.006000000000000227
14,1,4,28.513,28.51,0.0030000000000001137
14,2,4,27.378,27.38,0.0019999999999988916
14,3,4,29.076,29.08,0.003999999999997783
14,4,4,33.958,33.96,0.0020000000000024443
14,5,4,27.578,27.58,0.0019999999999988916
14,6,4,28.983,28.98,0.0030000000000001137
14,1,1,28.807,28.81,0.0030000000000001137
14,2,1,27.636,27.63,0.006000000000000227
14,3,1,29.23,29.23,0.0
14,4,1,34.204,34.2,0.003999999999997783
14,5,1,27.751,27.75,0.0010000000000012221
14,6,1,28.877,28.88,0.0030000000000001137
14,1,2,28.361,28.36,0.0010000000000012221
14,2,2,27.271,27.27,0.0010000000000012221
14,3,2,29.118,29.12,0.0020000000000024443
14,4,2,34.015,34.02,0.005000000000002558
14,5,2,27.84,27.84,0.0
14,6,2,29.091,29.09,0.0010000000000012221
14,1,3,28.285,28.29,0.004999999999999005
14,2,3,27.379,27.38,0.0009999999999976694
14,3,3,29.056,29.06,0.003999999999997783
14,4,3,34.151,34.15,0.0010000000000047748
14,5,3,27.757,27.76,0.0030000000000001137
14,6,3,28.757,28.76,0.0030000000000001137
14,1,4,28.441,28.43,0.010999999999999233
14,2,4,27.43,27.43,0.0
14,3,4,29.117,29.12,0.0030000000000001137
14,4,4,33.996,34.0,0.003999999999997783
14,5,4,27.886,27.89,0.004000000000001336
14,6,4,28.93,28.93,0.0
15,1,1,29.081,29.08,0.0010000000000012221
15,2,1,27.764,27.76,0.003999999999997783
15,3,1,29.284,29.29,0.006000000000000227
15,4,1,34.456,34.46,0.003999999999997783
15,5,1,27.977,27.97,0.0070000000000014495
15,6,1,29.388,29.39,0.0019999999999988916
15,1,2,29.03,29.02,0.010000000000001563
15,2,2,27.876,27.88,0.003999999999997783
15,3,2,29.439,29.44,0.0010000000000012221
15,4,2,34.712,34.71,0.0020000000000024443
15,5,2,28.29,28.29,0.0
15,6,2,29.027,29.03,0.0030000000000001137
15,1,3,28.687,28.69,0.0030000000000001137
15,2,3,27.608,27.61,0.0019999999999988916
15,3,3,29.521,29.52,0.0010000000000012221
15,4,3,34.357,34.36,0.0030000000000001137
15,5,3,28.136,28.13,0.006000000000000227
15,6,3,29.397,29.4,0.0030000000000001137
15,1,4,28.859,28.86,0.0009999999999976694
15,2,4,27.652,27.65,0.0020000000000024443
15,3,4,29.337,29.35,0.013000000000001677
15,4,4,34.397,34.4,0.0030000000000001137
15,5,4,28.186,28.19,0.004000000000001336
15,6,4,29.163,29.16,0.0030000000000001137
15,1,1,28.898,28.91,0.012000000000000455
15,2,1,27.57,27.57,0.0
15,3,1,29.098,29.1,0.0020000000000024443
15,4,1,34.296,34.3,0.003999999999997783
15,5,1,28.097,28.1,0.0030000000000001137
15,6,1,29.127,29.13,0.0030000000000001137
15,1,2,28.65,28.65,0.0
15,2,2,27.595,27.59,0.004999999999999005
15,3,2,29.695,29.69,0.004999999999999005
15,4,2,34.235,34.23,0.005000000000002558
15,5,2,27.865,27.86,0.004999999999999005
15,6,2,29.365,29.37,0.005000000000002558
15,1,3,29.022,29.02,0.0019999999999988916
15,2,3,27.804,27.81,0.006000000000000227
15,3,3,29.612,29.61,0.0019999999999988916
15,4,3,34.392,34.39,0.0020000000000024443
15,5,3,27.742,27.74,0.0020000000000024443
15,6,3,29.36,29.36,0.0
15,1,4,28.67,28.67,0.0
15,2,4,27.638,27.64,0.0019999999999988916
15,3,4,29.353,29.36,0.006999999999997897
15,4,4,34.288,34.29,0.0020000000000024443
15,5,4,27.984,27.98,0.004000000000001336
15,6,4,29.153,29.15,0.0030000000000001137
15,1,1,28.518,28.52,0.0019999999999988916
15,2,1,27.497,27.5,0.0030000000000001137
15,3,1,29.339,29.34,0.0010000000000012221
15,4,1,34.154,34.15,0.0040000000000048885
15,5,1,27.763,27.76,0.0030000000000001137
15,6,1,28.945,28.94,0.004999999999999005
15,1,2,28.718,28.72,0.0019999999999988916
15,2,2,27.678,27.68,0.0019999999999988916
15,3,2,29.183,29.18,0.0030000000000001137
15,4,2,34.494,34.49,0.003999999999997783
15,5,2,28.022,28.02,0.0019999999999988916
15,6,2,29.05,29.05,0.0
15,1,3,29.006,29.0,0.006000000000000227
15,2,3,27.814,27.82,0.006000000000000227
15,3,3,29.382,29.38,0.0020000000000024443
15,4,3,34.185,34.19,0.0049999999999954525
15,5,3,27.941,27.94,0.0009999999999976694
15,6,3,29.294,29.29,0.004000000000001336
15,1,4,29.114,29.11,0.004000000000001336
15,2,4,27.803,27.8,0.0030000000000001137
15,3,4,29.641,29.65,0.009000000000000341
15,4,4,34.299,34.3,0.0009999999999976694
15,5,4,27.883,27.88,0.0030000000000001137
15,6,4,29.092,29.09,0.0019999999999988916
15,1,1,29.185,29.18,0.004999999999999005
15,2,1,27.855,27.85,0.004999999999999005
15,3,1,29.445,29.44,0.004999999999999005
15,4,1,34.388,34.39,0.0020000000000024443
15,5,1,28.18,28.18,0.0
15,6,1,29.268,29.27,0.0019999999999988916
15,1,2,28.81,28.81,0.0
15,2,2,27.613,27.61,0.0030000000000001137
15,3,2,29.576,29.58,0.003999999999997783
15,4,2,34.486,34.48,0.006000000000000227
15,5,2,28.138,28.14,0.0019999999999988916
15,6,2,29.025,29.02,0.004999999999999005
15,1,3,28.48,28.48,0.0
15,2,3,27.587,27.59,0.0030000000000001137
15,3,3,29.204,29.2,0.004000000000001336
15,4,3,34.405,34.41,0.0049999999999954525
15,5,3,28.062,28.06,0.0020000000000024443
15,6,3,29.326,29.33,0.003999999999997783
15,1,4,28.91,28.91,0.0
15,2,4,27.714,27.72,0.006000000000000227
15,3,4,29.383,29.38,0.0030000000000001137
15,4,4,34.405,34.41,0.0049999999999954525
15,5,4,27.993,27.99,0.0030000000000001137
15,6,4,29.146,29.15,0.003999999999997783
15,1,1,29.297,29.29,0.0070000000000014495
15,2,1,28.015,28.01,0.004999999999999005
15,3,1,29.645,29.64,0.004999999999999005
15,4,1,34.391,34.39,0.0009999999999976694
15,5,1,27.89,27.89,0.0
15,6,1,29.388,29.38,0.008000000000002672
15,1,2,28.75,28.75,0.0
15,2,2,27.788,27.79,0.0019999999999988916
15,3,2,29.31,29.31,0.0
15,4,2,34.547,34.55,0.0030000000000001137
15,5,2,28.264,28.26,0.003999999999997783
15,6,2,29.518,29.52,0.0019999999999988916
15,1,3,28.98,28.98,0.0
15,2,3,27.818,27.82,0.0019999999999988916
15,3,3,29.633,29.63,0.0030000000000001137
15,4,3,34.306,34.31,0.0040000000000048885
15,5,3,27.935,27.94,0.005000000000002558
15,6,3,29.318,29.32,0.0019999999999988916
15,1,4,28.6,28.61,0.00999999999999801
15,2,4,27.568,27.57,0.0019999999999988916
15,3,4,29.252,29.25,0.0019999999999988916
15,4,4,34.314,34.31,0.003999999999997783
15,5,4,27.827,27.83,0.002999999999996561
15,6,4,29.346,29.34,0.006000000000000227
15,1,1,28.857,28.86,0.0030000000000001137
15,2,1,27.758,27.75,0.007999999999999119
15,3,1,29.543,29.54,0.0030000000000001137
15,4,1,34.438,34.44,0.001999999999995339
15,5,1,28.031,28.03,0.0009999999999976694
15,6,1,29.369,29.37,0.0010000000000012221
15,1,2,28.892,28.89,0.0019999999999988916
15,2,2,27.583,27.58,0.0030000000000001137
15,3,2,29.625,29.62,0.004999999999999005
15,4,2,34.179,34.18,0.0009999999999976694
15,5,2,27.862,27.86,0.0019999999999988916
15,6,2,29.053,29.05,0.0030000000000001137
15,1,3,29.059,29.06,0.0009999999999976694
15,2,3,27.872,27.87,0.0019999999999988916
15,3,3,29.093,29.09,0.0030000000000001137
15,4,3,34.211,34.21,0.0009999999999976694
15,5,3,27.917,27.92,0.0030000000000001137
15,6,3,29.395,29.4,0.004999999999999005
15,1,4,28.764,28.76,0.003999999999997783
15,2,4,27.767,27.77,0.0030000000000001137
15,3,4,29.639,29.64,0.0010000000000012221
15,4,4,34.462,34.46,0.0020000000000024443
15,5,4,27.986,27.99,0.003999999999997783
15,6,4,29.039,29.04,0.0009999999999976694
15,1,1,28.841,28.84,0.0010000000000012221
15,2,1,27.804,27.8,0.003999999999997783
15,3,1,29.477,29.48,0.0030000000000001137
15,4,1,34.382,34.39,0.008000000000002672
15,5,1,27.913,27.91,0.0030000000000001137
15,6,1,29.193,29.19,0.0030000000000001137
15,1,2,29.068,29.07,0.0019999999999988916
15,2,2,27.821,27.82,0.0010000000000012221
15,3,2,29.276,29.29,0.013999999999999346
15,4,2,34.305,34.3,0.005000000000002558
15,5,2,28.093,28.09,0.0030000000000001137
15,6,2,29.346,29.35,0.004000000000001336
15,1,3,28.851,28.85,0.0009999999999976694
15,2,3,27.784,27.78,0.003999999999997783
15,3,3,29.325,29.32,0.004999999999999005
15,4,3,34.464,34.46,0.003999999999997783
15,5,3,28.19,28.19,0.0
15,6,3,29.32,29.32,0.0
15,1,4,28.9,28.9,0.0
15,2,4,27.759,27.76,0.0010000000000012221
15,3,4,29.313,29.32,0.0070000000000014495
15,4,4,34.274,34.28,0.006000000000000227
15,5,4,27.925,27.93,0.004999999999999005
15,6,4,29.402,29.4,0.0020000000000024443
15,1,1,28.743,28.74,0.0030000000000001137
15,2,1,27.663,27.66,0.0030000000000001137
15,3,1,29.62,29.62,0.0
15,4,1,34.324,34.32,0.003999999999997783
15,5,1,27.987,27.99,0.0030000000000001137
15,6,1,29.681,29.68,0.0010000000000012221
15,1,2,28.473,28.48,0.0070000000000014495
15,2,2,27.553,27.55,0.0030000000000001137
15,3,2,29.649,29.65,0.0009999999999976694
15,4,2,34.431,34.43,0.0009999999999976694
15,5,2,28.088,28.09,0.0019999999999988916
15,6,2,28.955,28.96,0.005000000000002558
15,1,3,28.944,28.95,0.006000000000000227
15,2,3,27.744,27.74,0.004000000000001336
15,3,3,29.424,29.42,0.003999999999997783
15,4,3,34.438,34.44,0.001999999999995339
15,5,3,28.038,28.04,0.0019999999999988916
15,6,3,29.464,29.46,0.003999999999997783
15,1,4,29.012,29.02,0.007999999999999119
15,2,4,27.873,27.87,0.0030000000000001137
15,3,4,29.739,29.74,0.0009999999999976694
15,4,4,34.514,34.51,0.0040000000000048885
15,5,4,27.876,27.88,0.003999999999997783
15,6,4,29.209,29.21,0.0010000000000012221
15,1,1,28.667,28.66,0.0070000000000014495
15,2,1,27.562,27.57,0.007999999999999119
15,3,1,29.345,29.35,0.005000000000002558
15,4,1,34.248,34.25,0.0020000000000024443
15,5,1,28.075,28.07,0.004999999999999005
15,6,1,29.204,29.2,0.004000000000001336
15,1,2,28.92,28.91,0.010000000000001563
15,2,2,27.739,27.74,0.0009999999999976694
15,3,2,29.487,29.49,0.0030000000000001137
15,4,2,34.452,34.45,0.001999999999995339
15,5,2,28.087,28.09,0.0030000000000001137
15,6,2,29.396,29.4,0.003999999999997783
15,1,3,29.077,29.07,0.0070000000000014495
15,2,3,27.71,27.71,0.0
15,3,3,29.566,29.56,0.006000000000000227
15,4,3,34.358,34.36,0.0020000000000024443
15,5,3,27.977,27.98,0.0030000000000001137
15,6,3,29.638,29.64,0.0019999999999988916
15,1,4,28.833,28.84,0.0070000000000014495
15,2,4,27.728,27.73,0.0019999999999988916
15,3,4,29.375,29.38,0.004999999999999005
15,4,4,34.285,34.28,0.0049999999999954525
15,5,4,27.997,28.0,0.0030000000000001137
15,6,4,29.571,29.57,0.0010000000000012221
15,1,1,28.794,28.8,0.006000000000000227
15,2,1,27.653,27.65,0.0030000000000001137
15,3,1,29.422,29.42,0.0019999999999988916
15,4,1,34.25,34.25,0.0
15,5,1,27.766,27.77,0.004000000000001336
15,6,1,29.028,29.03,0.0020000000000024443
15,1,2,29.008,29.0,0.007999999999999119
15,2,2,27.815,27.82,0.004999999999999005
15,3,2,29.485,29.48,0.004999999999999005
15,4,2,34.175,34.18,0.005000000000002558
15,5,2,28.058,28.06,0.0019999999999988916
15,6,2,29.377,29.38,0.0030000000000001137
15,1,3,28.809,28.81,0.0009999999999976694
15,2,3,27.628,27.63,0.0019999999999988916
15,3,3,29.249,29.25,0.0010000000000012221
15,4,3,34.404,34.4,0.0040000000000048885
15,5,3,28.305,28.3,0.004999999999999005
15,6,3,29.012,29.01,0.0019999999999988916
15,1,4,29.156,29.16,0.004000000000001336
15,2,4,27.852,27.86,0.007999999999999119
15,3,4,29.699,29.7,0.0009999999999976694
15,4,4,34.315,34.31,0.0049999999999954525
15,5,4,28.013,28.01,0.0030000000000001137
15,6,4,29.114,29.12,0.006000000000000227
15,1,1,28.691,28.69,0.0009999999999976694
15,2,1,27.66,27.66,0.0
15,3,1,29.231,29.23,0.0010000000000012221
15,4,1,34.246,34.24,0.006000000000000227
15,5,1,27.905,27.91,0.004999999999999005
15,6,1,29.6,29.6,0.0
15,1,2,28.427,28.42,0.006999999999997897
15,2,2,27.535,27.53,0.004999999999999005
15,3,2,29.334,29.33,0.004000000000001336
15,4,2,34.07,34.07,0.0
15,5,2,27.707,27.71,0.0030000000000001137
15,6,2,29.47,29.47,0.0
15,1,3,28.889,28.89,0.0010000000000012221
15,2,3,27.733,27.73,0.0030000000000001137
15,3,3,29.402,29.41,0.007999999999999119
15,4,3,34.216,34.22,0.003999999999997783
15,5,3,27.817,27.82,0.0030000000000001137
15,6,3,29.167,29.17,0.0030000000000001137
15,1,4,28.844,28.84,0.004000000000001336
15,2,4,27.691,27.7,0.009000000000000341
15,3,4,29.458,29.46,0.0020000000000024443
15,4,4,34.402,34.4,0.0020000000000024443
15,5,4,27.866,27.87,0.004000000000001336
15,6,4,29.148,29.15,0.0019999999999988916
15,1,1,28.574,28.58,0.005999999999996675
15,2,1,27.68,27.68,0.0
15,3,1,29.385,29.39,0.004999999999999005
15,4,1,34.387,34.39,0.0030000000000001137
15,5,1,27.844,27.85,0.006000000000000227
15,6,1,29.252,29.25,0.0019999999999988916
15,1,2,28.786,28.78,0.006000000000000227
15,2,2,27.666,27.67,0.004000000000001336
15,3,2,29.341,29.34,0.0010000000000012221
15,4,2,34.365,34.37,0.0049999999999954525
15,5,2,27.923,27.92,0.002999999999996561
15,6,2,29.196,29.19,0.006000000000000227
15,1,3,29.007,29.0,0.0070000000000014495
15,2,3,27.768,27.77,0.0019999999999988916
15,3,3,29.23,29.23,0.0
15,4,3,34.339,34.34,0.0010000000000047748
15,5,3,27.888,27.89,0.0019999999999988916
15,6,3,29.518,29.52,0.0019999999999988916
15,1,4,29.23,29.24,0.00999999999999801
15,2,4,27.795,27.8,0.004999999999999005
15,3,4,29.292,29.3,0.007999999999999119
15,4,4,34.284,34.29,0.006000000000000227
15,5,4,28.032,28.03,0.0019999999999988916
15,6,4,29.501,29.5,0.0010000000000012221
15,1,1,28.993,28.99,0.0030000000000001137
15,2,1,27.879,27.88,0.0009999999999976694
15,3,1,29.687,29.68,0.0070000000000014495
15,4,1,34.468,34.47,0.001999999999995339
15,5,1,28.254,28.25,0.004000000000001336
15,6,1,29.371,29.37,0.0009999999999976694
15,1,2,28.923,28.91,0.012999999999998124
15,2,2,27.828,27.83,0.0019999999999988916
15,3,2,29.637,29.64,0.0030000000000001137
15,4,2,34.254,34.25,0.003999999999997783
15,5,2,27.956,27.95,0.006000000000000227
15,6,2,29.118,29.12,0.0020000000000024443
15,1,3,28.918,28.92,0.0020000000000024443
15,2,3,27.809,27.81,0.0009999999999976694
15,3,3,29.309,29.31,0.0009999999999976694
15,4,3,34.395,34.4,0.0049999999999954525
15,5,3,27.928,27.93,0.0019999999999988916
15,6,3,29.175,29.17,0.004999999999999005
15,1,4,28.968,28.97,0.0019999999999988916
15,2,4,27.67,27.67,0.0
15,3,4,29.367,29.36,0.0070000000000014495
15,4,4,34.431,34.43,0.0009999999999976694
15,5,4,27.993,28.0,0.0070000000000014495
15,6,4,29.152,29.15,0.0020000000000024443
15,1,1,28.949,28.94,0.009000000000000341
15,2,1,27.78,27.78,0.0
15,3,1,29.288,29.28,0.007999999999999119
15,4,1,34.423,34.42,0.0030000000000001137
15,5,1,27.893,27.89,0.0030000000000001137
15,6,1,29.108,29.11,0.0019999999999988916
15,1,2,28.504,28.49,0.014000000000002899
15,2,2,27.332,27.33,0.0020000000000024443
15,3,2,29.199,29.2,0.0009999999999976694
15,4,2,34.484,34.48,0.0040000000000048885
15,5,2,27.977,27.98,0.0030000000000001137
15,6,2,29.432,29.43,0.0019999999999988916
15,1,3,29.012,29.02,0.007999999999999119
15,2,3,27.723,27.72,0.0030000000000001137
15,3,3,29.269,29.27,0.0010000000000012221
15,4,3,34.346,34.35,0.0040000000000048885
15,5,3,28.033,28.03,0.0030000000000001137
15,6,3,29.331,29.33,0.0010000000000012221
15,1,4,28.745,28.75,0.004999999999999005
15,2,4,27.656,27.66,0.004000000000001336
15,3,4,29.47,29.47,0.0
15,4,4,34.586,34.58,0.006000000000000227
15,5,4,28.184,28.18,0.004000000000001336
15,6,4,29.02,29.02,0.0
15,1,1,28.645,28.65,0.004999999999999005
15,2,1,27.567,27.57,0.0030000000000001137
15,3,1,29.619,29.62,0.0010000000000012221
15,4,1,34.273,34.27,0.0030000000000001137
15,5,1,27.713,27.71,0.0030000000000001137
15,6,1,29.51,29.51,0.0
15,1,2,28.437,28.44,0.0030000000000001137
15,2,2,27.486,27.49,0.003999999999997783
15,3,2,29.327,29.33,0.002999999999996561
15,4,2,34.3,34.3,0.0
15,5,2,28.048,28.05,0.0020000000000024443
15,6,2,28.992,28.99,0.0020000000000024443
15,1,3,28.939,28.93,0.009000000000000341
15,2,3,27.896,27.9,0.003999999999997783
15,3,3,29.451,29.45,0.0010000000000012221
15,4,3,34.354,34.35,0.003999999999997783
15,5,3,28.067,28.07,0.0030000000000001137
15,6,3,29.164,29.16,0.004000000000001336
15,1,4,28.635,28.65,0.014999999999997016
15,2,4,27.645,27.64,0.004999999999999005
15,3,4,29.648,29.64,0.007999999999999119
15,4,4,34.486,34.49,0.0040000000000048885
15,5,4,28.153,28.15,0.0030000000000001137
15,6,4,29.034,29.03,0.003999999999997783
15,1,1,29.092,29.09,0.0019999999999988916
15,2,1,28.028,28.03,0.0020000000000024443
15,3,1,29.628,29.62,0.007999999999999119
15,4,1,34.331,34.33,0.0010000000000047748
15,5,1,27.818,27.82,0.0019999999999988916
15,6,1,29.268,29.27,0.0019999999999988916
15,1,2,28.867,28.86,0.0070000000000014495
15,2,2,27.639,27.65,0.010999999999999233
15,3,2,29.167,29.17,0.0030000000000001137
15,4,2,34.439,34.44,0.0009999999999976694
15,5,2,28.001,28.0,0.0010000000000012221
15,6,2,29.028,29.03,0.0020000000000024443
15,1,3,28.982,28.97,0.012000000000000455
15,2,3,27.74,27.74,0.0
15,3,3,29.298,29.29,0.007999999999999119
15,4,3,34.382,34.38,0.001999999999995339
15,5,3,28.041,28.04,0.0010000000000012221
15,6,3,29.561,29.56,0.0010000000000012221
15,1,4,28.703,28.7,0.0030000000000001137
15,2,4,27.656,27.65,0.006000000000000227
15,3,4,29.267,29.27,0.0030000000000001137
15,4,4,34.248,34.25,0.0020000000000024443
15,5,4,27.739,27.74,0.0009999999999976694
15,6,4,29.282,29.28,0.0019999999999988916
15,1,1,28.913,28.91,0.0030000000000001137
15,2,1,27.852,27.85,0.0019999999999988916
15,3,1,29.407,29.41,0.0030000000000001137
15,4,1,34.312,34.31,0.001999999999995339
15,5,1,27.687,27.69,0.0030000000000001137
15,6,1,28.969,28.97,0.0009999999999976694
15,1,2,28.999,29.01,0.011000000000002785
15,2,2,27.759,27.76,0.0010000000000012221
15,3,2,29.518,29.52,0.0019999999999988916
15,4,2,34.251,34.25,0.0009999999999976694
15,5,2,28.005,28.0,0.004999999999999005
15,6,2,29.262,29.26,0.0019999999999988916
15,1,3,28.923,28.9,0.022999999999999687
15,2,3,27.589,27.59,0.0010000000000012221
15,3,3,29.536,29.53,0.006000000000000227
15,4,3,34.244,34.24,0.003999999999997783
15,5,3,27.916,27.92,0.004000000000001336
15,6,3,28.992,28.99,0.0020000000000024443
15,1,4,28.859,28.86,0.0009999999999976694
15,2,4,27.65,27.65,0.0
15,3,4,29.431,29.43,0.0010000000000012221
15,4,4,34.309,34.31,0.0010000000000047748
15,5,4,27.956,27.96,0.004000000000001336
15,6,4,29.581,29.58,0.0010000000000012221
15,1,1,28.847,28.85,0.0030000000000001137
15,2,1,27.679,27.68,0.0010000000000012221
15,3,1,29.216,29.22,0.003999999999997783
15,4,1,34.428,34.43,0.0020000000000024443
15,5,1,27.946,27.95,0.003999999999997783
15,6,1,29.161,29.16,0.0010000000000012221
15,1,2,28.696,28.7,0.003999999999997783
15,2,2,27.715,27.72,0.004999999999999005
15,3,2,29.267,29.27,0.0030000000000001137
15,4,2,34.458,34.46,0.0020000000000024443
15,5,2,28.054,28.05,0.003999999999997783
15,6,2,29.377,29.38,0.0030000000000001137
15,1,3,28.983,28.98,0.0030000000000001137
15,2,3,27.821,27.81,0.011000000000002785
15,3,3,29.106,29.11,0.003999999999997783
15,4,3,34.436,34.44,0.003999999999997783
15,5,3,27.891,27.89,0.0009999999999976694
15,6,3,29.406,29.41,0.004000000000001336
15,1,4,28.644,28.65,0.006000000000000227
15,2,4,27.562,27.56,0.0020000000000024443
15,3,4,29.254,29.25,0.004000000000001336
15,4,4,34.402,34.4,0.0020000000000024443
15,5,4,28.035,28.03,0.004999999999999005
15,6,4,29.229,29.23,0.0010000000000012221
15,1,1,29.047,29.04,0.0070000000000014495
15,2,1,27.869,27.87,0.0010000000000012221
15,3,1,29.499,29.5,0.0010000000000012221
15,4,1,34.571,34.57,0.0009999999999976694
15,5,1,28.066,28.06,0.006000000000000227
15,6,1,29.441,29.44,0.0009999999999976694
15,1,2,28.89,28.89,0.0
15,2,2,27.633,27.63,0.0030000000000001137
15,3,2,29.051,29.05,0.0009999999999976694
15,4,2,34.339,34.34,0.0010000000000047748
15,5,2,28.351,28.35,0.0009999999999976694
15,6,2,29.421,29.42,0.0009999999999976694
15,1,3,29.044,29.05,0.006000000000000227
15,2,3,27.814,27.81,0.004000000000001336
15,3,3,29.498,29.51,0.012000000000000455
15,4,3,34.475,34.47,0.005000000000002558
15,5,3,28.106,28.11,0.003999999999997783
15,6,3,29.401,29.4,0.0010000000000012221
15,1,4,28.955,28.95,0.004999999999999005
15,2,4,27.701,27.7,0.0010000000000012221
15,3,4,29.47,29.47,0.0
15,4,4,34.243,34.24,0.0030000000000001137
15,5,4,28.006,28.01,0.004000000000001336
15,6,4,29.186,29.19,0.004000000000001336
15,1,1,29.132,29.13,0.0020000000000024443
15,2,1,27.856,27.86,0.003999999999997783
15,3,1,29.466,29.47,0.003999999999997783
15,4,1,34.303,34.3,0.0030000000000001137
15,5,1,28.13,28.13,0.0
15,6,1,29.238,29.24,0.0019999999999988916
15,1,2,28.575,28.57,0.004999999999999005
15,2,2,27.584,27.59,0.006000000000000227
15,3,2,29.346,29.34,0.006000000000000227
15,4,2,34.26,34.26,0.0
15,5,2,27.922,27.92,0.0019999999999988916
15,6,2,29.142,29.14,0.0019999999999988916
15,1,3,28.813,28.82,0.0070000000000014495
15,2,3,27.735,27.74,0.004999999999999005
15,3,3,29.456,29.46,0.004000000000001336
15,4,3,34.173,34.18,0.006999999999997897
15,5,3,27.71,27.71,0.0
15,6,3,29.202,29.2,0.0020000000000024443
15,1,4,28.515,28.52,0.004999999999999005
15,2,4,27.532,27.53,0.0019999999999988916
15,3,4,29.536,29.53,0.006000000000000227
15,4,4,34.455,34.45,0.0049999999999954525
15,5,4,28.101,28.1,0.0009999999999976694
15,6,4,29.366,29.37,0.004000000000001336
16,1,1,28.582,28.58,0.0020000000000024443
16,2,1,27.547,27.55,0.0030000000000001137
16,3,1,29.332,29.33,0.0020000000000024443
16,4,1,34.581,34.58,0.0010000000000047748
16,5,1,28.396,28.39,0.006000000000000227
16,6,1,29.378,29.38,0.0019999999999988916
16,1,2,28.858,28.86,0.0019999999999988916
16,2,2,27.876,27.88,0.003999999999997783
16,3,2,29.68,29.68,0.0
16,4,2,34.631,34.63,0.0009999999999976694
16,5,2,28.014,28.01,0.003999999999997783
16,6,2,29.23,29.23,0.0
16,1,3,28.965,28.97,0.004999999999999005
16,2,3,27.988,27.99,0.0019999999999988916
16,3,3,29.557,29.56,0.0030000000000001137
16,4,3,34.649,34.65,0.0009999999999976694
16,5,3,28.32,28.32,0.0
16,6,3,29.256,29.26,0.004000000000001336
16,1,4,29.161,29.16,0.0010000000000012221
16,2,4,27.817,27.82,0.0030000000000001137
16,3,4,29.561,29.56,0.0010000000000012221
16,4,4,34.388,34.39,0.0020000000000024443
16,5,4,28.229,28.23,0.0010000000000012221
16,6,4,29.313,29.31,0.0030000000000001137
16,1,1,29.068,29.07,0.0019999999999988916
16,2,1,27.895,27.89,0.004999999999999005
16,3,1,29.343,29.35,0.0070000000000014495
16,4,1,34.592,34.59,0.001999999999995339
16,5,1,28.347,28.35,0.0030000000000001137
16,6,1,29.375,29.38,0.004999999999999005
16,1,2,29.029,29.03,0.0010000000000012221
16,2,2,27.712,27.71,0.0019999999999988916
16,3,2,29.325,29.33,0.004999999999999005
16,4,2,34.538,34.54,0.0020000000000024443
16,5,2,28.334,28.33,0.004000000000001336
16,6,2,29.399,29.4,0.0009999999999976694
16,1,3,29.169,29.17,0.0010000000000012221
16,2,3,27.885,27.89,0.004999999999999005
16,3,3,29.367,29.36,0.0070000000000014495
16,4,3,34.627,34.63,0.0030000000000001137
16,5,3,28.17,28.17,0.0
16,6,3,29.507,29.51,0.0030000000000001137
16,1,4,29.146,29.15,0.003999999999997783
16,2,4,27.892,27.89,0.0019999999999988916
16,3,4,29.554,29.56,0.006000000000000227
16,4,4,34.505,34.5,0.005000000000002558
16,5,4,28.287,28.29,0.0030000000000001137
16,6,4,29.498,29.5,0.0019999999999988916
16,1,1,28.735,28.73,0.004999999999999005
16,2,1,27.585,27.58,0.005000000000002558
16,3,1,29.55,29.55,0.0
16,4,1,34.389,34.39,0.0009999999999976694
16,5,1,27.979,27.98,0.0010000000000012221
16,6,1,29.464,29.47,0.006000000000000227
16,1,2,29.147,29.16,0.013000000000001677
16,2,2,27.959,27.96,0.0010000000000012221
16,3,2,29.577,29.57,0.0070000000000014495
16,4,2,34.507,34.51,0.0030000000000001137
16,5,2,28.265,28.27,0.004999999999999005
16,6,2,29.312,29.31,0.0020000000000024443
16,1,3,29.098,29.1,0.0020000000000024443
16,2,3,27.797,27.8,0.0030000000000001137
16,3,3,29.394,29.4,0.006000000000000227
16,4,3,34.379,34.38,0.0010000000000047748
16,5,3,27.873,27.87,0.0030000000000001137
16,6,3,29.177,29.18,0.0030000000000001137
16,1,4,28.752,28.75,0.0019999999999988916
16,2,4,27.571,27.57,0.0010000000000012221
16,3,4,29.259,29.26,0.0010000000000012221
16,4,4,34.578,34.58,0.001999999999995339
16,5,4,28.287,28.29,0.0030000000000001137
16,6,4,29.338,29.34,0.0019999999999988916
16,1,1,29.045,29.04,0.005000000000002558
16,2,1,27.969,27.97,0.0009999999999976694
16,3,1,29.394,29.39,0.003999999999997783
16,4,1,34.564,34.56,0.003999999999997783
16,5,1,28.034,28.04,0.006000000000000227
16,6,1,29.6,29.6,0.0
16,1,2,28.986,28.98,0.006000000000000227
16,2,2,27.734,27.74,0.005999999999996675
16,3,2,29.369,29.37,0.0010000000000012221
16,4,2,34.579,34.58,0.0009999999999976694
16,5,2,28.147,28.15,0.0030000000000001137
16,6,2,29.238,29.24,0.0019999999999988916
16,1,3,28.456,28.45,0.006000000000000227
16,2,3,27.624,27.62,0.003999999999997783
16,3,3,29.471,29.47,0.0010000000000012221
16,4,3,34.437,34.44,0.0030000000000001137
16,5,3,28.217,28.22,0.0030000000000001137
16,6,3,29.281,29.28,0.0009999999999976694
16,1,4,29.033,29.03,0.0030000000000001137
16,2,4,27.894,27.89,0.003999999999997783
16,3,4,29.314,29.32,0.006000000000000227
16,4,4,34.603,34.6,0.0030000000000001137
16,5,4,28.153,28.15,0.0030000000000001137
16,6,4,29.407,29.41,0.0030000000000001137
16,1,1,29.154,29.16,0.006000000000000227
16,2,1,27.916,27.92,0.004000000000001336
16,3,1,29.438,29.44,0.0020000000000024443
16,4,1,34.352,34.35,0.001999999999995339
16,5,1,27.964,27.96,0.003999999999997783
16,6,1,29.282,29.28,0.0019999999999988916
16,1,2,29.01,29.01,0.0
16,2,2,27.865,27.87,0.005000000000002558
16,3,2,29.735,29.73,0.004999999999999005
16,4,2,34.395,34.4,0.0049999999999954525
16,5,2,28.17,28.17,0.0
16,6,2,29.12,29.12,0.0
16,1,3,28.651,28.66,0.009000000000000341
16,2,3,27.66,27.66,0.0
16,3,3,29.617,29.61,0.0070000000000014495
16,4,3,34.392,34.39,0.0020000000000024443
16,5,3,28.181,28.18,0.0010000000000012221
16,6,3,29.145,29.15,0.004999999999999005
16,1,4,29.109,29.11,0.0009999999999976694
16,2,4,27.798,27.8,0.0020000000000024443
16,3,4,29.415,29.42,0.005000000000002558
16,4,4,34.582,34.58,0.0020000000000024443
16,5,4,28.106,28.11,0.003999999999997783
16,6,4,29.302,29.3,0.0019999999999988916
16,1,1,28.815,28.81,0.005000000000002558
16,2,1,27.853,27.85,0.0030000000000001137
16,3,1,29.459,29.47,0.010999999999999233
16,4,1,34.518,34.52,0.0020000000000024443
16,5,1,28.122,28.12,0.0019999999999988916
16,6,1,29.119,29.12,0.0010000000000012221
16,1,2,28.927,28.93,0.0030000000000001137
16,2,2,27.914,27.91,0.004000000000001336
16,3,2,29.592,29.59,0.0019999999999988916
16,4,2,34.456,34.46,0.003999999999997783
16,5,2,27.989,27.99,0.0009999999999976694
16,6,2,29.207,29.21,0.0030000000000001137
16,1,3,29.087,29.09,0.0030000000000001137
16,2,3,27.825,27.83,0.004999999999999005
16,3,3,29.442,29.44,0.0019999999999988916
16,4,3,34.378,34.38,0.0020000000000024443
16,5,3,27.85,27.85,0.0
16,6,3,29.153,29.15,0.0030000000000001137
16,1,4,28.758,28.75,0.007999999999999119
16,2,4,27.669,27.67,0.0010000000000012221
16,3,4,29.384,29.39,0.006000000000000227
16,4,4,34.685,34.69,0.0049999999999954525
16,5,4,28.184,28.18,0.004000000000001336
16,6,4,29.425,29.42,0.004999999999999005
16,1,1,29.073,29.07,0.0030000000000001137
16,2,1,27.77,27.77,0.0
16,3,1,29.182,29.18,0.0019999999999988916
16,4,1,34.355,34.36,0.005000000000002558
16,5,1,28.078,28.08,0.0019999999999988916
16,6,1,29.293,29.29,0.0030000000000001137
16,1,2,29.022,29.03,0.008000000000002672
16,2,2,27.92,27.92,0.0
16,3,2,29.387,29.39,0.0030000000000001137
16,4,2,34.231,34.23,0.0010000000000047748
16,5,2,28.043,28.04,0.0030000000000001137
16,6,2,29.354,29.35,0.003999999999997783
16,1,3,29.158,29.15,0.008000000000002672
16,2,3,27.994,27.99,0.004000000000001336
16,3,3,29.579,29.57,0.009000000000000341
16,4,3,34.48,34.48,0.0
16,5,3,27.897,27.9,0.0030000000000001137
16,6,3,29.105,29.11,0.004999999999999005
16,1,4,28.801,28.8,0.0009999999999976694
16,2,4,27.672,27.67,0.0019999999999988916
16,3,4,29.171,29.17,0.0009999999999976694
16,4,4,34.514,34.51,0.0040000000000048885
16,5,4,28.211,28.21,0.0009999999999976694
16,6,4,29.59,29.59,0.0
16,1,1,29.072,29.07,0.0019999999999988916
16,2,1,27.941,27.94,0.0009999999999976694
16,3,1,29.864,29.85,0.013999999999999346
16,4,1,34.128,34.13,0.0020000000000024443
16,5,1,28.042,28.04,0.0020000000000024443
16,6,1,29.511,29.51,0.0009999999999976694
16,1,2,29.341,29.32,0.021000000000000796
16,2,2,28.03,28.03,0.0
16,3,2,29.387,29.39,0.0030000000000001137
16,4,2,34.529,34.53,0.0009999999999976694
16,5,2,28.064,28.06,0.004000000000001336
16,6,2,29.296,29.3,0.004000000000001336
16,1,3,29.157,29.15,0.0070000000000014495
16,2,3,28.027,28.03,0.0030000000000001137
16,3,3,29.559,29.56,0.0009999999999976694
16,4,3,34.587,34.59,0.0030000000000001137
16,5,3,28.099,28.1,0.0010000000000012221
16,6,3,29.03,29.03,0.0
16,1,4,29.418,29.41,0.007999999999999119
16,2,4,28.058,28.06,0.0019999999999988916
16,3,4,29.478,29.48,0.0019999999999988916
16,4,4,34.396,34.4,0.003999999999997783
16,5,4,28.056,28.05,0.006000000000000227
16,6,4,29.202,29.2,0.0020000000000024443
16,1,1,29.05,29.05,0.0
16,2,1,27.89,27.89,0.0
16,3,1,29.697,29.7,0.0030000000000001137
16,4,1,34.516,34.52,0.0040000000000048885
16,5,1,27.963,27.96,0.0030000000000001137
16,6,1,29.215,29.21,0.004999999999999005
16,1,2,29.146,29.15,0.003999999999997783
16,2,2,27.84,27.84,0.0
16,3,2,29.598,29.6,0.0020000000000024443
16,4,2,34.531,34.53,0.0009999999999976694
16,5,2,27.963,27.96,0.0030000000000001137
16,6,2,29.64,29.64,0.0
16,1,3,29.044,29.04,0.004000000000001336
16,2,3,27.723,27.73,0.0070000000000014495
16,3,3,29.503,29.5,0.0030000000000001137
16,4,3,34.46,34.46,0.0
16,5,3,28.237,28.24,0.0030000000000001137
16,6,3,29.28,29.28,0.0
16,1,4,28.814,28.81,0.004000000000001336
16,2,4,27.685,27.69,0.005000000000002558
16,3,4,29.397,29.39,0.006999999999997897
16,4,4,34.391,34.39,0.0009999999999976694
16,5,4,27.943,27.94,0.0030000000000001137
16,6,4,29.334,29.33,0.004000000000001336
16,1,1,28.851,28.84,0.010999999999999233
16,2,1,27.843,27.84,0.0030000000000001137
16,3,1,29.604,29.6,0.003999999999997783
16,4,1,34.376,34.38,0.0040000000000048885
16,5,1,28.161,28.16,0.0010000000000012221
16,6,1,29.185,29.19,0.005000000000002558
16,1,2,28.99,28.99,0.0
16,2,2,27.726,27.73,0.004000000000001336
16,3,2,29.305,29.3,0.004999999999999005
16,4,2,34.629,34.63,0.0010000000000047748
16,5,2,28.127,28.13,0.0030000000000001137
16,6,2,29.239,29.24,0.0009999999999976694
16,1,3,29.018,29.01,0.007999999999999119
16,2,3,27.798,27.8,0.0020000000000024443
16,3,3,29.428,29.42,0.007999999999999119
16,4,3,34.458,34.46,0.0020000000000024443
16,5,3,28.292,28.29,0.0020000000000024443
16,6,3,29.594,29.59,0.004000000000001336
16,1,4,29.173,29.17,0.002999999999996561
16,2,4,27.841,27.84,0.0010000000000012221
16,3,4,29.553,29.56,0.006999999999997897
16,4,4,34.522,34.52,0.001999999999995339
16,5,4,28.283,28.28,0.0030000000000001137
16,6,4,29.478,29.48,0.0019999999999988916
16,1,1,29.103,29.1,0.0030000000000001137
16,2,1,27.835,27.83,0.005000000000002558
16,3,1,29.381,29.39,0.009000000000000341
16,4,1,34.433,34.43,0.0030000000000001137
16,5,1,28.272,28.27,0.0019999999999988916
16,6,1,29.538,29.54,0.0019999999999988916
16,1,2,29.116,29.11,0.006000000000000227
16,2,2,27.849,27.85,0.0010000000000012221
16,3,2,29.439,29.44,0.0010000000000012221
16,4,2,34.334,34.33,0.0040000000000048885
16,5,2,27.854,27.86,0.006000000000000227
16,6,2,29.572,29.57,0.0019999999999988916
16,1,3,29.07,29.08,0.00999999999999801
16,2,3,27.8,27.8,0.0
16,3,3,29.171,29.17,0.0009999999999976694
16,4,3,34.389,34.39,0.0009999999999976694
16,5,3,27.859,27.86,0.0009999999999976694
16,6,3,29.214,29.21,0.003999999999997783
16,1,4,29.041,29.04,0.0010000000000012221
16,2,4,27.872,27.87,0.0019999999999988916
16,3,4,29.666,29.66,0.006000000000000227
16,4,4,34.562,34.56,0.001999999999995339
16,5,4,28.036,28.03,0.006000000000000227
16,6,4,29.249,29.25,0.0010000000000012221
16,1,1,29.434,29.44,0.006000000000000227
16,2,1,28.077,28.07,0.0070000000000014495
16,3,1,29.691,29.7,0.009000000000000341
16,4,1,34.47,34.47,0.0
16,5,1,28.297,28.3,0.0030000000000001137
16,6,1,29.304,29.3,0.003999999999997783
16,1,2,28.958,28.96,0.0020000000000024443
16,2,2,27.924,27.92,0.003999999999997783
16,3,2,29.551,29.55,0.0009999999999976694
16,4,2,34.417,34.42,0.0030000000000001137
16,5,2,27.981,27.98,0.0010000000000012221
16,6,2,29.231,29.23,0.0010000000000012221
16,1,3,29.032,29.03,0.0019999999999988916
16,2,3,27.836,27.83,0.006000000000000227
16,3,3,29.318,29.32,0.0019999999999988916
16,4,3,34.23,34.23,0.0
16,5,3,27.975,27.97,0.005000000000002558
16,6,3,29.435,29.43,0.004999999999999005
16,1,4,28.877,28.88,0.0030000000000001137
16,2,4,27.824,27.82,0.004000000000001336
16,3,4,29.721,29.73,0.009000000000000341
16,4,4,34.305,34.3,0.005000000000002558
16,5,4,28.261,28.26,0.0009999999999976694
16,6,4,29.458,29.46,0.0020000000000024443
16,1,1,28.921,28.93,0.009000000000000341
16,2,1,27.787,27.79,0.0030000000000001137
16,3,1,29.47,29.47,0.0
16,4,1,34.484,34.48,0.0040000000000048885
16,5,1,28.195,28.2,0.004999999999999005
16,6,1,29.35,29.35,0.0
16,1,2,29.137,29.14,0.0030000000000001137
16,2,2,27.895,27.9,0.004999999999999005
16,3,2,29.508,29.51,0.0020000000000024443
16,4,2,34.585,34.59,0.005000000000002558
16,5,2,28.117,28.12,0.0030000000000001137
16,6,2,29.631,29.63,0.0010000000000012221
16,1,3,28.997,28.99,0.0070000000000014495
16,2,3,27.854,27.85,0.003999999999997783
16,3,3,29.5,29.5,0.0
16,4,3,34.494,34.5,0.006000000000000227
16,5,3,28.33,28.33,0.0
16,6,3,29.661,29.66,0.0010000000000012221
16,1,4,29.228,29.22,0.008000000000002672
16,2,4,28.013,28.01,0.0030000000000001137
16,3,4,29.715,29.71,0.004999999999999005
16,4,4,34.585,34.58,0.005000000000002558
16,5,4,28.29,28.29,0.0
16,6,4,29.359,29.36,0.0009999999999976694
16,1,1,28.851,28.84,0.010999999999999233
16,2,1,27.715,27.72,0.004999999999999005
16,3,1,29.607,29.61,0.0030000000000001137
16,4,1,34.408,34.41,0.001999999999995339
16,5,1,27.959,27.96,0.0010000000000012221
16,6,1,29.452,29.45,0.0020000000000024443
16,1,2,28.962,28.96,0.0019999999999988916
16,2,2,27.808,27.81,0.0019999999999988916
16,3,2,29.402,29.4,0.0020000000000024443
16,4,2,34.455,34.46,0.005000000000002558
16,5,2,28.038,28.04,0.0019999999999988916
16,6,2,29.351,29.35,0.0009999999999976694
16,1,3,28.806,28.81,0.003999999999997783
16,2,3,27.641,27.64,0.0009999999999976694
16,3,3,29.245,29.25,0.004999999999999005
16,4,3,34.677,34.67,0.006999999999997897
16,5,3,28.287,28.29,0.0030000000000001137
16,6,3,29.395,29.4,0.004999999999999005
16,1,4,28.797,28.8,0.0030000000000001137
16,2,4,27.733,27.73,0.0030000000000001137
16,3,4,29.689,29.68,0.009000000000000341
16,4,4,34.504,34.5,0.003999999999997783
16,5,4,27.967,27.97,0.0030000000000001137
16,6,4,29.412,29.41,0.0019999999999988916
16,1,1,28.959,28.95,0.009000000000000341
16,2,1,27.72,27.72,0.0
16,3,1,29.674,29.68,0.006000000000000227
16,4,1,34.587,34.58,0.007000000000005002
16,5,1,28.298,28.3,0.0020000000000024443
16,6,1,29.658,29.66,0.0019999999999988916
16,1,2,29.053,29.06,0.006999999999997897
16,2,2,27.875,27.87,0.004999999999999005
16,3,2,29.783,29.78,0.0030000000000001137
16,4,2,34.129,34.13,0.0010000000000047748
16,5,2,27.745,27.74,0.005000000000002558
16,6,2,29.499,29.5,0.0010000000000012221
16,1,3,29.141,29.13,0.010999999999999233
16,2,3,27.805,27.8,0.004999999999999005
16,3,3,29.444,29.45,0.006000000000000227
16,4,3,34.436,34.44,0.003999999999997783
16,5,3,28.12,28.12,0.0
16,6,3,29.174,29.17,0.003999999999997783
16,1,4,28.67,28.66,0.010000000000001563
16,2,4,27.656,27.66,0.004000000000001336
16,3,4,29.494,29.49,0.004000000000001336
16,4,4,34.405,34.4,0.005000000000002558
16,5,4,28.16,28.16,0.0
16,6,4,29.193,29.19,0.0030000000000001137
16,1,1,29.141,29.14,0.0009999999999976694
16,2,1,27.842,27.84,0.0019999999999988916
16,3,1,29.449,29.46,0.010999999999999233
16,4,1,34.306,34.31,0.0040000000000048885
16,5,1,27.969,27.97,0.0009999999999976694
16,6,1,29.196,29.2,0.003999999999997783
16,1,2,29.028,29.03,0.0020000000000024443
16,2,2,27.838,27.84,0.0019999999999988916
16,3,2,29.556,29.56,0.003999999999997783
16,4,2,34.529,34.53,0.0009999999999976694
16,5,2,28.364,28.36,0.004000000000001336
16,6,2,29.369,29.37,0.0010000000000012221
16,1,3,29.105,29.11,0.004999999999999005
16,2,3,27.9,27.9,0.0
16,3,3,29.503,29.5,0.0030000000000001137
16,4,3,34.51,34.51,0.0
16,5,3,28.182,28.18,0.0019999999999988916
16,6,3,29.54,29.54,0.0
16,1,4,28.703,28.71,0.0070000000000014495
16,2,4,27.727,27.73,0.0030000000000001137
16,3,4,29.482,29.48,0.0019999999999988916
16,4,4,34.227,34.23,0.0030000000000001137
16,5,4,28.02,28.02,0.0
16,6,4,29.166,29.17,0.004000000000001336
16,1,1,29.193,29.19,0.0030000000000001137
16,2,1,28.02,28.02,0.0
16,3,1,29.832,29.83,0.0020000000000024443
16,4,1,34.638,34.64,0.0020000000000024443
16,5,1,28.343,28.34,0.0030000000000001137
16,6,1,29.533,29.53,0.0030000000000001137
16,1,2,28.892,28.89,0.0019999999999988916
16,2,2,27.78,27.78,0.0
16,3,2,29.684,29.68,0.004000000000001336
16,4,2,34.247,34.25,0.0030000000000001137
16,5,2,27.919,27.92,0.0010000000000012221
16,6,2,29.293,29.29,0.0030000000000001137
16,1,3,28.986,28.98,0.006000000000000227
16,2,3,27.856,27.85,0.006000000000000227
16,3,3,29.775,29.77,0.004999999999999005
16,4,3,34.373,34.37,0.0030000000000001137
16,5,3,27.927,27.93,0.0030000000000001137
16,6,3,29.377,29.38,0.0030000000000001137
16,1,4,28.849,28.84,0.009000000000000341
16,2,4,27.833,27.83,0.0030000000000001137
16,3,4,29.504,29.5,0.004000000000001336
16,4,4,34.551,34.55,0.0010000000000047748
16,5,4,28.174,28.17,0.003999999999997783
16,6,4,29.002,29.0,0.0019999999999988916
16,1,1,28.889,28.9,0.010999999999999233
16,2,1,27.726,27.73,0.004000000000001336
16,3,1,29.259,29.26,0.0010000000000012221
16,4,1,34.321,34.32,0.0009999999999976694
16,5,1,27.896,27.9,0.003999999999997783
16,6,1,29.65,29.65,0.0
16,1,2,28.832,28.84,0.007999999999999119
16,2,2,27.705,27.71,0.005000000000002558
16,3,2,29.309,29.31,0.0009999999999976694
16,4,2,34.32,34.32,0.0
16,5,2,28.104,28.1,0.003999999999997783
16,6,2,29.264,29.26,0.003999999999997783
16,1,3,28.984,29.0,0.015999999999998238
16,2,3,27.971,27.97,0.0010000000000012221
16,3,3,29.728,29.73,0.0019999999999988916
16,4,3,34.559,34.56,0.0010000000000047748
16,5,3,28.28,28.28,0.0
16,6,3,29.179,29.18,0.0010000000000012221
16,1,4,28.854,28.85,0.003999999999997783
16,2,4,27.661,27.66,0.0010000000000012221
16,3,4,29.672,29.67,0.0019999999999988916
16,4,4,34.293,34.29,0.0030000000000001137
16,5,4,28.036,28.04,0.003999999999997783
16,6,4,29.216,29.22,0.003999999999997783
16,1,1,28.689,28.69,0.0010000000000012221
16,2,1,27.628,27.63,0.0019999999999988916
16,3,1,29.201,29.2,0.0010000000000012221
16,4,1,34.461,34.46,0.0009999999999976694
16,5,1,27.948,27.95,0.0019999999999988916
16,6,1,29.555,29.56,0.004999999999999005
16,1,2,28.798,28.8,0.0020000000000024443
16,2,2,27.858,27.86,0.0019999999999988916
16,3,2,29.475,29.48,0.004999999999999005
16,4,2,34.205,34.21,0.005000000000002558
16,5,2,28.129,28.13,0.0009999999999976694
16,6,2,29.238,29.24,0.0019999999999988916
16,1,3,28.715,28.71,0.004999999999999005
16,2,3,27.742,27.74,0.0020000000000024443
16,3,3,29.463,29.46,0.0030000000000001137
16,4,3,34.567,34.57,0.0030000000000001137
16,5,3,28.169,28.17,0.0010000000000012221
16,6,3,29.438,29.44,0.0020000000000024443
16,1,4,29.188,29.19,0.0020000000000024443
16,2,4,27.868,27.87,0.0020000000000024443
16,3,4,29.471,29.47,0.0010000000000012221
16,4,4,34.149,34.15,0.0009999999999976694
16,5,4,27.921,27.92,0.0009999999999976694
16,6,4,29.433,29.43,0.0030000000000001137
16,1,1,29.176,29.18,0.004000000000001336
16,2,1,27.903,27.9,0.0030000000000001137
16,3,1,29.453,29.45,0.0030000000000001137
16,4,1,34.492,34.5,0.008000000000002672
16,5,1,28.246,28.25,0.004000000000001336
16,6,1,29.713,29.71,0.0030000000000001137
16,1,2,29.092,29.09,0.0019999999999988916
16,2,2,27.907,27.91,0.0030000000000001137
16,3,2,29.497,29.5,0.0030000000000001137
16,4,2,34.465,34.47,0.0049999999999954525
16,5,2,28.003,28.0,0.0030000000000001137
16,6,2,29.426,29.43,0.004000000000001336
16,1,3,28.942,28.94,0.0019999999999988916
16,2,3,27.836,27.84,0.004000000000001336
16,3,3,29.529,29.53,0.0010000000000012221
16,4,3,34.41,34.41,0.0
16,5,3,28.088,28.09,0.0019999999999988916
16,6,3,29.324,29.32,0.004000000000001336
16,1,4,28.843,28.85,0.0070000000000014495
16,2,4,27.731,27.73,0.0010000000000012221
16,3,4,29.672,29.67,0.0019999999999988916
16,4,4,34.533,34.53,0.0030000000000001137
16,5,4,28.042,28.05,0.007999999999999119
16,6,4,29.24,29.24,0.0
17,1,1,28.642,28.64,0.0019999999999988916
17,2,1,27.456,27.46,0.004000000000001336
17,3,1,29.088,29.08,0.008000000000002672
17,4,1,34.379,34.38,0.0010000000000047748
17,5,1,28.013,28.01,0.0030000000000001137
17,6,1,29.099,29.1,0.0010000000000012221
17,1,2,28.588,28.59,0.0019999999999988916
17,2,2,27.543,27.55,0.0070000000000014495
17,3,2,29.282,29.28,0.0019999999999988916
17,4,2,34.118,34.12,0.001999999999995339
17,5,2,27.758,27.76,0.0020000000000024443
17,6,2,28.944,28.94,0.003999999999997783
17,1,3,28.634,28.64,0.006000000000000227
17,2,3,27.485,27.48,0.004999999999999005
17,3,3,28.955,28.96,0.005000000000002558
17,4,3,34.229,34.23,0.0009999999999976694
17,5,3,27.918,27.92,0.0020000000000024443
17,6,3,29.051,29.05,0.0009999999999976694
17,1,4,29.096,29.1,0.004000000000001336
17,2,4,27.919,27.92,0.0010000000000012221
17,3,4,29.285,29.28,0.004999999999999005
17,4,4,34.135,34.14,0.005000000000002558
17,5,4,27.586,27.59,0.004000000000001336
17,6,4,29.068,29.07,0.0019999999999988916
17,1,1,28.59,28.59,0.0
17,2,1,27.485,27.49,0.004999999999999005
17,3,1,29.109,29.11,0.0009999999999976694
17,4,1,33.984,33.98,0.0040000000000048885
17,5,1,27.804,27.8,0.003999999999997783
17,6,1,28.884,28.88,0.004000000000001336
17,1,2,28.54,28.54,0.0
17,2,2,27.403,27.4,0.0030000000000001137
17,3,2,29.112,29.11,0.0019999999999988916
17,4,2,34.132,34.13,0.001999999999995339
17,5,2,27.813,27.81,0.0030000000000001137
17,6,2,28.97,28.97,0.0
17,1,3,28.822,28.82,0.0019999999999988916
17,2,3,27.51,27.51,0.0
17,3,3,29.272,29.27,0.0019999999999988916
17,4,3,34.007,34.01,0.0030000000000001137
17,5,3,27.679,27.68,0.0010000000000012221
17,6,3,29.129,29.13,0.0009999999999976694
17,1,4,28.744,28.74,0.004000000000001336
17,2,4,27.481,27.48,0.0010000000000012221
17,3,4,29.025,29.03,0.005000000000002558
17,4,4,34.006,34.01,0.003999999999997783
17,5,4,27.87,27.87,0.0
17,6,4,28.742,28.74,0.0020000000000024443
17,1,1,28.645,28.63,0.015000000000000568
17,2,1,27.507,27.51,0.0030000000000001137
17,3,1,29.369,29.36,0.009000000000000341
17,4,1,34.122,34.12,0.0020000000000024443
17,5,1,27.731,27.73,0.0010000000000012221
17,6,1,29.044,29.04,0.004000000000001336
17,1,2,28.669,28.66,0.009000000000000341
17,2,2,27.453,27.46,0.0070000000000014495
17,3,2,29.233,29.24,0.006999999999997897
17,4,2,34.293,34.29,0.0030000000000001137
17,5,2,27.939,27.94,0.0010000000000012221
17,6,2,28.906,28.9,0.006000000000000227
17,1,3,28.573,28.57,0.0030000000000001137
17,2,3,27.578,27.58,0.0019999999999988916
17,3,3,29.414,29.42,0.006000000000000227
17,4,3,34.157,34.16,0.0030000000000001137
17,5,3,27.767,27.77,0.0030000000000001137
17,6,3,29.294,29.29,0.004000000000001336
17,1,4,28.737,28.73,0.006999999999997897
17,2,4,27.617,27.61,0.0070000000000014495
17,3,4,29.199,29.2,0.0009999999999976694
17,4,4,34.074,34.07,0.003999999999997783
17,5,4,27.661,27.66,0.0010000000000012221
17,6,4,28.897,28.9,0.0030000000000001137
17,1,1,28.528,28.52,0.007999999999999119
17,2,1,27.483,27.48,0.0030000000000001137
17,3,1,29.209,29.21,0.0010000000000012221
17,4,1,33.994,33.99,0.003999999999997783
17,5,1,27.617,27.62,0.0030000000000001137
17,6,1,29.024,29.02,0.004000000000001336
17,1,2,28.564,28.56,0.004000000000001336
17,2,2,27.579,27.58,0.0009999999999976694
17,3,2,29.027,29.03,0.0030000000000001137
17,4,2,34.134,34.13,0.003999999999997783
17,5,2,27.591,27.59,0.0010000000000012221
17,6,2,29.263,29.26,0.0030000000000001137
17,1,3,28.839,28.84,0.0010000000000012221
17,2,3,27.609,27.61,0.0009999999999976694
17,3,3,29.261,29.26,0.0009999999999976694
17,4,3,34.044,34.04,0.003999999999997783
17,5,3,27.784,27.78,0.003999999999997783
17,6,3,29.061,29.06,0.0010000000000012221
17,1,4,28.643,28.64,0.0030000000000001137
17,2,4,27.444,27.44,0.003999999999997783
17,3,4,29.0,28.99,0.010000000000001563
17,4,4,33.976,33.98,0.003999999999997783
17,5,4,27.488,27.49,0.0019999999999988916
17,6,4,29.054,29.05,0.003999999999997783
17,1,1,28.573,28.57,0.0030000000000001137
17,2,1,27.459,27.46,0.0010000000000012221
17,3,1,29.266,29.27,0.004000000000001336
17,4,1,34.057,34.06,0.0030000000000001137
17,5,1,27.769,27.77,0.0010000000000012221
17,6,1,29.005,29.01,0.005000000000002558
17,1,2,28.832,28.83,0.0020000000000024443
17,2,2,27.573,27.57,0.0030000000000001137
17,3,2,29.118,29.12,0.0020000000000024443
17,4,2,34.306,34.3,0.006000000000000227
17,5,2,27.814,27.82,0.006000000000000227
17,6,2,28.779,28.78,0.0010000000000012221
17,1,3,28.765,28.77,0.004999999999999005
17,2,3,27.6,27.6,0.0
17,3,3,29.171,29.18,0.009000000000000341
17,4,3,34.314,34.31,0.003999999999997783
17,5,3,27.872,27.87,0.0019999999999988916
17,6,3,28.64,28.64,0.0
17,1,4,28.565,28.57,0.004999999999999005
17,2,4,27.46,27.46,0.0
17,3,4,29.094,29.09,0.004000000000001336
17,4,4,34.197,34.2,0.0030000000000001137
17,5,4,27.664,27.66,0.004000000000001336
17,6,4,28.963,28.96,0.0030000000000001137
17,1,1,28.891,28.89,0.0009999999999976694
17,2,1,27.63,27.63,0.0
17,3,1,29.185,29.18,0.004999999999999005
17,4,1,34.161,34.16,0.0010000000000047748
17,5,1,27.687,27.69,0.0030000000000001137
17,6,1,28.988,28.99,0.0019999999999988916
17,1,2,28.429,28.43,0.0010000000000012221
17,2,2,27.352,27.35,0.0019999999999988916
17,3,2,29.078,29.08,0.0019999999999988916
17,4,2,33.936,33.94,0.003999999999997783
17,5,2,27.628,27.63,0.0019999999999988916
17,6,2,28.9,28.9,0.0
17,1,3,28.613,28.62,0.0070000000000014495
17,2,3,27.52,27.52,0.0
17,3,3,28.918,28.92,0.0020000000000024443
17,4,3,34.33,34.33,0.0
17,5,3,27.698,27.7,0.0019999999999988916
17,6,3,29.178,29.18,0.0019999999999988916
17,1,4,28.501,28.5,0.0010000000000012221
17,2,4,27.432,27.43,0.0019999999999988916
17,3,4,28.969,28.97,0.0009999999999976694
17,4,4,34.212,34.21,0.0020000000000024443
17,5,4,27.513,27.51,0.0030000000000001137
17,6,4,28.808,28.81,0.0019999999999988916
17,1,1,28.367,28.37,0.0030000000000001137
17,2,1,27.388,27.38,0.008000000000002672
17,3,1,28.98,28.99,0.00999999999999801
17,4,1,34.233,34.23,0.0030000000000001137
17,5,1,27.879,27.88,0.0009999999999976694
17,6,1,29.116,29.12,0.004000000000001336
17,1,2,28.575,28.57,0.004999999999999005
17,2,2,27.449,27.45,0.0009999999999976694
17,3,2,29.163,29.16,0.0030000000000001137
17,4,2,33.967,33.97,0.0030000000000001137
17,5,2,27.259,27.26,0.0010000000000012221
17,6,2,29.153,29.15,0.0030000000000001137
17,1,3,28.834,28.83,0.004000000000001336
17,2,3,27.472,27.47,0.0020000000000024443
17,3,3,28.955,28.96,0.005000000000002558
17,4,3,34.002,34.0,0.0020000000000024443
17,5,3,27.813,27.81,0.0030000000000001137
17,6,3,29.154,29.15,0.004000000000001336
17,1,4,28.64,28.64,0.0
17,2,4,27.528,27.53,0.0020000000000024443
17,3,4,29.096,29.1,0.004000000000001336
17,4,4,34.026,34.03,0.003999999999997783
17,5,4,27.635,27.64,0.004999999999999005
17,6,4,28.78,28.78,0.0
17,1,1,28.594,28.6,0.006000000000000227
17,2,1,27.514,27.51,0.003999999999997783
17,3,1,28.952,28.95,0.0020000000000024443
17,4,1,33.927,33.93,0.0030000000000001137
17,5,1,27.572,27.57,0.0019999999999988916
17,6,1,28.985,28.99,0.004999999999999005
17,1,2,28.792,28.79,0.0020000000000024443
17,2,2,27.631,27.63,0.0010000000000012221
17,3,2,28.921,28.92,0.0009999999999976694
17,4,2,34.312,34.31,0.001999999999995339
17,5,2,27.902,27.9,0.0020000000000024443
17,6,2,28.918,28.92,0.0020000000000024443
17,1,3,28.372,28.37,0.0019999999999988916
17,2,3,27.358,27.35,0.007999999999999119
17,3,3,29.094,29.1,0.006000000000000227
17,4,3,33.978,33.98,0.001999999999995339
17,5,3,27.612,27.61,0.0019999999999988916
17,6,3,29.306,29.31,0.003999999999997783
17,1,4,28.381,28.37,0.010999999999999233
17,2,4,27.356,27.35,0.006000000000000227
17,3,4,29.182,29.18,0.0019999999999988916
17,4,4,34.202,34.2,0.001999999999995339
17,5,4,27.857,27.85,0.006999999999997897
17,6,4,28.738,28.74,0.0019999999999988916
17,1,1,28.903,28.9,0.0030000000000001137
17,2,1,27.571,27.57,0.0010000000000012221
17,3,1,29.154,29.16,0.006000000000000227
17,4,1,34.108,34.11,0.0020000000000024443
17,5,1,27.767,27.77,0.0030000000000001137
17,6,1,28.984,28.98,0.004000000000001336
17,1,2,28.886,28.88,0.006000000000000227
17,2,2,27.745,27.74,0.005000000000002558
17,3,2,29.098,29.1,0.0020000000000024443
17,4,2,34.221,34.22,0.0009999999999976694
17,5,2,27.817,27.82,0.0030000000000001137
17,6,2,28.914,28.92,0.006000000000000227
17,1,3,28.578,28.58,0.0019999999999988916
17,2,3,27.397,27.4,0.0030000000000001137
17,3,3,28.81,28.81,0.0
17,4,3,34.283,34.29,0.006999999999997897
17,5,3,28.076,28.08,0.003999999999997783
17,6,3,29.03,29.03,0.0
17,1,4,28.939,28.94,0.0010000000000012221
17,2,4,27.507,27.51,0.0030000000000001137
17,3,4,29.057,29.05,0.006999999999997897
17,4,4,33.887,33.89,0.0030000000000001137
17,5,4,27.79,27.79,0.0
17,6,4,29.04,29.04,0.0
17,1,1,28.776,28.78,0.004000000000001336
17,2,1,27.623,27.62,0.0030000000000001137
17,3,1,28.952,28.96,0.007999999999999119
17,4,1,34.112,34.11,0.0020000000000024443
17,5,1,27.743,27.74,0.0030000000000001137
17,6,1,29.07,29.07,0.0
17,1,2,28.692,28.69,0.0019999999999988916
17,2,2,27.445,27.45,0.004999999999999005
17,3,2,29.015,29.01,0.004999999999999005
17,4,2,34.349,34.35,0.0010000000000047748
17,5,2,27.955,27.96,0.005000000000002558
17,6,2,28.993,28.99,0.0030000000000001137
17,1,3,28.719,28.72,0.0009999999999976694
17,2,3,27.463,27.46,0.0030000000000001137
17,3,3,28.878,28.89,0.012000000000000455
17,4,3,34.145,34.14,0.005000000000002558
17,5,3,27.787,27.79,0.0030000000000001137
17,6,3,28.776,28.78,0.004000000000001336
17,1,4,28.347,28.34,0.0070000000000014495
17,2,4,27.376,27.38,0.003999999999997783
17,3,4,29.238,29.24,0.0019999999999988916
17,4,4,34.067,34.07,0.0030000000000001137
17,5,4,27.668,27.67,0.0020000000000024443
17,6,4,29.066,29.07,0.004000000000001336
17,1,1,28.587,28.58,0.0070000000000014495
17,2,1,27.573,27.57,0.0030000000000001137
17,3,1,29.153,29.15,0.0030000000000001137
17,4,1,34.072,34.07,0.0020000000000024443
17,5,1,27.803,27.8,0.0030000000000001137
17,6,1,29.143,29.14,0.0030000000000001137
17,1,2,28.34,28.34,0.0
17,2,2,27.298,27.3,0.0020000000000024443
17,3,2,29.043,29.05,0.0070000000000014495
17,4,2,34.323,34.32,0.0030000000000001137
17,5,2,27.948,27.95,0.0019999999999988916
17,6,2,28.995,29.0,0.004999999999999005
17,1,3,28.419,28.42,0.0010000000000012221
17,2,3,27.601,27.6,0.0009999999999976694
17,3,3,29.158,29.15,0.008000000000002672
17,4,3,34.153,34.15,0.0030000000000001137
17,5,3,27.681,27.68,0.0010000000000012221
17,6,3,29.322,29.32,0.0019999999999988916
17,1,4,28.943,28.94,0.0030000000000001137
17,2,4,27.792,27.79,0.0020000000000024443
17,3,4,29.189,29.19,0.0010000000000012221
17,4,4,34.19,34.19,0.0
17,5,4,27.788,27.79,0.0019999999999988916
17,6,4,29.158,29.16,0.0019999999999988916
17,1,1,28.804,28.8,0.003999999999997783
17,2,1,27.673,27.67,0.002999999999996561
17,3,1,29.504,29.5,0.004000000000001336
17,4,1,34.136,34.14,0.003999999999997783
17,5,1,27.834,27.83,0.004000000000001336
17,6,1,29.173,29.17,0.002999999999996561
17,1,2,28.678,28.68,0.0019999999999988916
17,2,2,27.512,27.51,0.0019999999999988916
17,3,2,29.312,29.31,0.0020000000000024443
17,4,2,33.939,33.94,0.0009999999999976694
17,5,2,27.811,27.81,0.0010000000000012221
17,6,2,29.28,29.28,0.0
17,1,3,28.469,28.47,0.0009999999999976694
17,2,3,27.412,27.41,0.0019999999999988916
17,3,3,29.23,29.23,0.0
17,4,3,33.954,33.95,0.003999999999997783
17,5,3,27.436,27.44,0.004000000000001336
17,6,3,28.963,28.96,0.0030000000000001137
17,1,4,28.545,28.54,0.005000000000002558
17,2,4,27.409,27.41,0.0010000000000012221
17,3,4,29.086,29.09,0.004000000000001336
17,4,4,34.154,34.15,0.0040000000000048885
17,5,4,27.713,27.71,0.0030000000000001137
17,6,4,29.257,29.25,0.0070000000000014495
17,1,1,28.512,28.51,0.0019999999999988916
17,2,1,27.358,27.36,0.0019999999999988916
17,3,1,29.239,29.24,0.0009999999999976694
17,4,1,34.133,34.13,0.0030000000000001137
17,5,1,27.701,27.7,0.0010000000000012221
17,6,1,29.094,29.09,0.004000000000001336
17,1,2,28.528,28.53,0.0020000000000024443
17,2,2,27.491,27.49,0.0010000000000012221
17,3,2,29.125,29.13,0.004999999999999005
17,4,2,34.247,34.25,0.0030000000000001137
17,5,2,27.723,27.72,0.0030000000000001137
17,6,2,29.018,29.02,0.0019999999999988916
17,1,3,28.673,28.67,0.002999999999996561
17,2,3,27.602,27.6,0.0019999999999988916
17,3,3,29.244,29.24,0.004000000000001336
17,4,3,33.775,33.78,0.005000000000002558
17,5,3,27.435,27.44,0.005000000000002558
17,6,3,28.87,28.87,0.0
17,1,4,28.602,28.59,0.012000000000000455
17,2,4,27.495,27.5,0.004999999999999005
17,3,4,28.999,29.0,0.0010000000000012221
17,4,4,33.933,33.93,0.0030000000000001137
17,5,4,27.551,27.55,0.0009999999999976694
17,6,4,29.298,29.3,0.0020000000000024443
17,1,1,28.772,28.77,0.0019999999999988916
17,2,1,27.557,27.56,0.0030000000000001137
17,3,1,29.33,29.33,0.0
17,4,1,33.977,33.98,0.0030000000000001137
17,5,1,27.749,27.75,0.0010000000000012221
17,6,1,29.123,29.12,0.0030000000000001137
17,1,2,28.561,28.57,0.009000000000000341
17,2,2,27.407,27.41,0.0030000000000001137
17,3,2,29.061,29.07,0.009000000000000341
17,4,2,34.126,34.12,0.006000000000000227
17,5,2,27.753,27.75,0.0030000000000001137
17,6,2,29.057,29.06,0.0030000000000001137
17,1,3,28.803,28.8,0.0030000000000001137
17,2,3,27.576,27.58,0.003999999999997783
17,3,3,28.793,28.8,0.0070000000000014495
17,4,3,34.103,34.1,0.0030000000000001137
17,5,3,27.825,27.83,0.004999999999999005
17,6,3,29.171,29.17,0.0009999999999976694
17,1,4,28.69,28.7,0.00999999999999801
17,2,4,27.603,27.6,0.0030000000000001137
17,3,4,29.388,29.39,0.0019999999999988916
17,4,4,34.148,34.15,0.001999999999995339
17,5,4,27.624,27.62,0.003999999999997783
17,6,4,28.791,28.79,0.0010000000000012221
17,1,1,28.69,28.68,0.010000000000001563
17,2,1,27.489,27.49,0.0009999999999976694
17,3,1,29.097,29.1,0.0030000000000001137
17,4,1,33.97,33.97,0.0
17,5,1,27.595,27.59,0.004999999999999005
17,6,1,29.243,29.24,0.0030000000000001137
17,1,2,28.434,28.43,0.004000000000001336
17,2,2,27.457,27.46,0.0030000000000001137
17,3,2,29.423,29.43,0.0070000000000014495
17,4,2,34.144,34.14,0.003999999999997783
17,5,2,27.462,27.46,0.0019999999999988916
17,6,2,29.083,29.08,0.0030000000000001137
17,1,3,28.525,28.52,0.004999999999999005
17,2,3,27.493,27.49,0.0030000000000001137
17,3,3,29.405,29.4,0.005000000000002558
17,4,3,34.215,34.21,0.005000000000002558
17,5,3,27.737,27.74,0.0030000000000001137
17,6,3,29.39,29.39,0.0
17,1,4,28.454,28.46,0.006000000000000227
17,2,4,27.404,27.4,0.004000000000001336
17,3,4,29.056,29.05,0.006000000000000227
17,4,4,34.253,34.25,0.0030000000000001137
17,5,4,27.675,27.68,0.004999999999999005
17,6,4,29.094,29.09,0.004000000000001336
17,1,1,28.645,28.64,0.004999999999999005
17,2,1,27.427,27.43,0.0030000000000001137
17,3,1,28.992,28.99,0.0020000000000024443
17,4,1,33.905,33.91,0.0049999999999954525
17,5,1,27.646,27.64,0.006000000000000227
17,6,1,29.384,29.38,0.004000000000001336
17,1,2,28.672,28.67,0.0019999999999988916
17,2,2,27.532,27.53,0.0019999999999988916
17,3,2,29.134,29.13,0.004000000000001336
17,4,2,34.069,34.07,0.0009999999999976694
17,5,2,27.445,27.45,0.004999999999999005
17,6,2,28.826,28.83,0.003999999999997783
17,1,3,28.397,28.41,0.013000000000001677
17,2,3,27.318,27.32,0.0019999999999988916
17,3,3,29.271,29.26,0.010999999999999233
17,4,3,34.258,34.26,0.001999999999995339
17,5,3,27.708,27.71,0.0020000000000024443
17,6,3,28.901,28.9,0.0010000000000012221
17,1,4,28.559,28.56,0.0009999999999976694
17,2,4,27.522,27.52,0.0019999999999988916
17,3,4,29.203,29.2,0.0030000000000001137
17,4,4,34.407,34.41,0.0030000000000001137
17,5,4,27.991,27.99,0.0010000000000012221
17,6,4,29.168,29.17,0.0020000000000024443
17,1,1,28.457,28.46,0.0030000000000001137
17,2,1,27.461,27.46,0.0009999999999976694
17,3,1,28.924,28.93,0.006000000000000227
17,4,1,33.956,33.96,0.003999999999997783
17,5,1,27.791,27.79,0.0010000000000012221
17,6,1,29.288,29.29,0.0019999999999988916
17,1,2,28.327,28.34,0.012999999999998124
17,2,2,27.351,27.35,0.0009999999999976694
17,3,2,29.228,29.23,0.0019999999999988916
17,4,2,33.979,33.98,0.0009999999999976694
17,5,2,27.589,27.59,0.0010000000000012221
17,6,2,29.273,29.27,0.0030000000000001137
17,1,3,28.743,28.75,0.0070000000000014495
17,2,3,27.572,27.58,0.007999999999999119
17,3,3,29.179,29.18,0.0010000000000012221
17,4,3,34.249,34.25,0.0009999999999976694
17,5,3,27.836,27.83,0.006000000000000227
17,6,3,29.234,29.24,0.005999999999996675
17,1,4,28.619,28.62,0.0010000000000012221
17,2,4,27.409,27.41,0.0010000000000012221
17,3,4,29.15,29.15,0.0
17,4,4,34.045,34.05,0.0049999999999954525
17,5,4,27.669,27.67,0.0010000000000012221
17,6,4,29.039,29.04,0.0009999999999976694
17,1,1,28.558,28.55,0.007999999999999119
17,2,1,27.463,27.46,0.0030000000000001137
17,3,1,29.121,29.12,0.0009999999999976694
17,4,1,34.035,34.04,0.005000000000002558
17,5,1,27.735,27.74,0.004999999999999005
17,6,1,28.963,28.96,0.0030000000000001137
17,1,2,28.566,28.57,0.004000000000001336
17,2,2,27.549,27.55,0.0010000000000012221
17,3,2,29.122,29.12,0.0019999999999988916
17,4,2,34.209,34.21,0.0009999999999976694
17,5,2,27.802,27.8,0.0019999999999988916
17,6,2,29.047,29.05,0.0030000000000001137
17,1,3,28.457,28.45,0.0070000000000014495
17,2,3,27.36,27.36,0.0
17,3,3,28.96,28.96,0.0
17,4,3,34.202,34.2,0.001999999999995339
17,5,3,27.828,27.83,0.0019999999999988916
17,6,3,29.029,29.03,0.0010000000000012221
17,1,4,28.731,28.73,0.0010000000000012221
17,2,4,27.471,27.47,0.0010000000000012221
17,3,4,29.3,29.3,0.0
17,4,4,34.028,34.03,0.0020000000000024443
17,5,4,27.651,27.65,0.0010000000000012221
17,6,4,29.177,29.18,0.0030000000000001137
17,1,1,28.688,28.68,0.007999999999999119
17,2,1,27.588,27.59,0.0019999999999988916
17,3,1,29.238,29.23,0.007999999999999119
17,4,1,34.261,34.26,0.0010000000000047748
17,5,1,27.484,27.48,0.004000000000001336
17,6,1,29.014,29.01,0.003999999999997783
17,1,2,28.404,28.4,0.004000000000001336
17,2,2,27.351,27.35,0.0009999999999976694
17,3,2,29.27,29.27,0.0
17,4,2,33.909,33.91,0.0009999999999976694
17,5,2,27.493,27.49,0.0030000000000001137
17,6,2,28.625,28.63,0.004999999999999005
17,1,3,28.351,28.35,0.0009999999999976694
17,2,3,27.307,27.31,0.0030000000000001137
17,3,3,29.273,29.28,0.0070000000000014495
17,4,3,34.153,34.15,0.0030000000000001137
17,5,3,27.741,27.74,0.0010000000000012221
17,6,3,29.199,29.2,0.0009999999999976694
17,1,4,28.509,28.5,0.009000000000000341
17,2,4,27.439,27.44,0.0010000000000012221
17,3,4,29.15,29.16,0.010000000000001563
17,4,4,34.121,34.12,0.0010000000000047748
17,5,4,27.695,27.7,0.004999999999999005
17,6,4,29.182,29.18,0.0019999999999988916
17,1,1,28.722,28.71,0.012000000000000455
17,2,1,27.516,27.52,0.004000000000001336
17,3,1,29.045,29.05,0.004999999999999005
17,4,1,34.077,34.08,0.0030000000000001137
17,5,1,27.585,27.58,0.005000000000002558
17,6,1,29.024,29.02,0.004000000000001336
17,1,2,28.61,28.61,0.0
17,2,2,27.535,27.53,0.004999999999999005
17,3,2,29.296,29.29,0.006000000000000227
17,4,2,34.161,34.16,0.0010000000000047748
17,5,2,27.634,27.63,0.004000000000001336
17,6,2,29.292,29.29,0.0020000000000024443
17,1,3,28.464,28.46,0.003999999999997783
17,2,3,27.423,27.43,0.0070000000000014495
17,3,3,29.189,29.19,0.0010000000000012221
17,4,3,34.218,34.22,0.001999999999995339
17,5,3,27.571,27.57,0.0010000000000012221
17,6,3,28.876,28.88,0.003999999999997783
17,1,4,28.538,28.54,0.0019999999999988916
17,2,4,27.415,27.41,0.004999999999999005
17,3,4,29.385,29.38,0.005000000000002558
17,4,4,34.146,34.15,0.003999999999997783
17,5,4,27.463,27.47,0.006999999999997897
17,6,4,28.839,28.84,0.0010000000000012221
18,1,1,28.599,28.59,0.009000000000000341
18,2,1,27.491,27.49,0.0010000000000012221
18,3,1,29.106,29.11,0.003999999999997783
18,4,1,34.249,34.25,0.0009999999999976694
18,5,1,27.613,27.61,0.0030000000000001137
18,6,1,29.164,29.17,0.006000000000000227
18,1,2,28.558,28.56,0.0019999999999988916
18,2,2,27.493,27.49,0.0030000000000001137
18,3,2,29.283,29.28,0.0030000000000001137
18,4,2,34.099,34.1,0.0010000000000047748
18,5,2,27.988,27.99,0.0019999999999988916
18,6,2,28.981,28.98,0.0010000000000012221
18,1,3,28.448,28.44,0.007999999999999119
18,2,3,27.366,27.37,0.004000000000001336
18,3,3,29.106,29.1,0.006000000000000227
18,4,3,34.035,34.03,0.0049999999999954525
18,5,3,27.771,27.77,0.0010000000000012221
18,6,3,29.181,29.18,0.0010000000000012221
18,1,4,28.41,28.41,0.0
18,2,4,27.586,27.59,0.004000000000001336
18,3,4,29.238,29.23,0.007999999999999119
18,4,4,34.209,34.21,0.0009999999999976694
18,5,4,27.907,27.91,0.0030000000000001137
18,6,4,28.955,28.96,0.005000000000002558
18,1,1,28.667,28.67,0.0030000000000001137
18,2,1,27.558,27.56,0.0019999999999988916
18,3,1,29.246,29.24,0.006000000000000227
18,4,1,34.2,34.2,0.0
18,5,1,27.987,27.99,0.0030000000000001137
18,6,1,29.067,29.07,0.0030000000000001137
18,1,2,29.005,29.01,0.005000000000002558
18,2,2,27.703,27.7,0.0030000000000001137
18,3,2,28.979,28.98,0.0010000000000012221
18,4,2,34.151,34.15,0.0010000000000047748
18,5,2,27.919,27.92,0.0010000000000012221
18,6,2,29.158,29.16,0.0019999999999988916
18,1,3,28.611,28.61,0.0010000000000012221
18,2,3,27.508,27.51,0.0020000000000024443
18,3,3,29.33,29.33,0.0
18,4,3,34.177,34.18,0.0030000000000001137
18,5,3,27.67,27.67,0.0
18,6,3,29.018,29.02,0.0019999999999988916
18,1,4,28.458,28.46,0.0020000000000024443
18,2,4,27.396,27.4,0.003999999999997783
18,3,4,29.127,29.13,0.0030000000000001137
18,4,4,34.252,34.25,0.0020000000000024443
18,5,4,27.835,27.84,0.004999999999999005
18,6,4,29.137,29.14,0.0030000000000001137
18,1,1,28.867,28.87,0.0030000000000001137
18,2,1,27.626,27.62,0.006000000000000227
18,3,1,29.024,29.01,0.013999999999999346
18,4,1,34.299,34.3,0.0009999999999976694
18,5,1,27.999,28.0,0.0010000000000012221
18,6,1,28.946,28.95,0.003999999999997783
18,1,2,28.526,28.53,0.004000000000001336
18,2,2,27.437,27.43,0.0070000000000014495
18,3,2,29.457,29.45,0.0070000000000014495
18,4,2,34.191,34.19,0.0010000000000047748
18,5,2,27.797,27.79,0.0070000000000014495
18,6,2,28.873,28.87,0.0030000000000001137
18,1,3,28.148,28.1,0.047999999999998266
18,2,3,27.4,27.4,0.0
18,3,3,29.299,29.3,0.0010000000000012221
18,4,3,34.21,34.21,0.0
18,5,3,27.655,27.65,0.005000000000002558
18,6,3,28.975,28.97,0.005000000000002558
18,1,4,28.942,28.94,0.0019999999999988916
18,2,4,27.755,27.76,0.005000000000002558
18,3,4,29.102,29.1,0.0019999999999988916
18,4,4,33.98,33.98,0.0
18,5,4,27.429,27.43,0.0010000000000012221
18,6,4,29.059,29.06,0.0009999999999976694
18,1,1,28.531,28.51,0.020999999999997243
18,2,1,27.375,27.38,0.004999999999999005
18,3,1,29.283,29.28,0.0030000000000001137
18,4,1,33.996,34.0,0.003999999999997783
18,5,1,27.671,27.67,0.0009999999999976694
18,6,1,29.045,29.04,0.005000000000002558
18,1,2,28.703,28.68,0.022999999999999687
18,2,2,27.527,27.53,0.0030000000000001137
18,3,2,29.186,29.19,0.004000000000001336
18,4,2,34.264,34.27,0.006000000000000227
18,5,2,28.009,28.01,0.0010000000000012221
18,6,2,29.065,29.06,0.005000000000002558
18,1,3,28.44,28.44,0.0
18,2,3,27.45,27.45,0.0
18,3,3,29.203,29.2,0.0030000000000001137
18,4,3,34.134,34.13,0.003999999999997783
18,5,3,27.51,27.51,0.0
18,6,3,28.734,28.74,0.005999999999996675
18,1,4,28.607,28.61,0.0030000000000001137
18,2,4,27.639,27.64,0.0010000000000012221
18,3,4,29.38,29.38,0.0
18,4,4,34.167,34.17,0.0030000000000001137
18,5,4,27.84,27.84,0.0
18,6,4,29.199,29.2,0.0009999999999976694
18,1,1,28.646,28.65,0.003999999999997783
18,2,1,27.554,27.55,0.003999999999997783
18,3,1,29.211,29.2,0.010999999999999233
18,4,1,34.193,34.19,0.0030000000000001137
18,5,1,27.692,27.69,0.0019999999999988916
18,6,1,29.016,29.02,0.004000000000001336
18,1,2,28.764,28.77,0.006000000000000227
18,2,2,27.563,27.56,0.0030000000000001137
18,3,2,29.116,29.12,0.004000000000001336
18,4,2,33.901,33.9,0.0010000000000047748
18,5,2,27.752,27.75,0.0019999999999988916
18,6,2,28.68,28.68,0.0
18,1,3,28.19,28.2,0.00999999999999801
18,2,3,27.265,27.27,0.004999999999999005
18,3,3,29.048,29.05,0.0020000000000024443
18,4,3,34.218,34.22,0.001999999999995339
18,5,3,27.904,27.9,0.004000000000001336
18,6,3,28.853,28.85,0.0030000000000001137
18,1,4,28.299,28.31,0.010999999999999233
18,2,4,27.369,27.37,0.0010000000000012221
18,3,4,29.173,29.17,0.002999999999996561
18,4,4,33.916,33.91,0.006000000000000227
18,5,4,27.687,27.69,0.0030000000000001137
18,6,4,28.992,28.99,0.0020000000000024443
18,1,1,28.685,28.69,0.005000000000002558
18,2,1,27.545,27.54,0.005000000000002558
18,3,1,29.409,29.41,0.0010000000000012221
18,4,1,34.247,34.25,0.0030000000000001137
18,5,1,27.753,27.75,0.0030000000000001137
18,6,1,29.156,29.16,0.004000000000001336
18,1,2,28.679,28.68,0.0010000000000012221
18,2,2,27.582,27.58,0.0020000000000024443
18,3,2,29.153,29.15,0.0030000000000001137
18,4,2,34.101,34.1,0.0009999999999976694
18,5,2,27.782,27.78,0.0019999999999988916
18,6,2,29.016,29.02,0.004000000000001336
18,1,3,29.048,29.04,0.007999999999999119
18,2,3,27.686,27.68,0.006000000000000227
18,3,3,29.086,29.08,0.006000000000000227
18,4,3,34.246,34.25,0.003999999999997783
18,5,3,27.998,28.0,0.0019999999999988916
18,6,3,29.15,29.15,0.0
18,1,4,28.564,28.56,0.004000000000001336
18,2,4,27.467,27.46,0.006999999999997897
18,3,4,29.084,29.08,0.004000000000001336
18,4,4,34.065,34.06,0.0049999999999954525
18,5,4,27.741,27.74,0.0010000000000012221
18,6,4,29.231,29.23,0.0010000000000012221
18,1,1,28.525,28.52,0.004999999999999005
18,2,1,27.43,27.42,0.00999999999999801
18,3,1,29.408,29.4,0.008000000000002672
18,4,1,33.987,33.99,0.0030000000000001137
18,5,1,27.593,27.59,0.0030000000000001137
18,6,1,29.134,29.13,0.004000000000001336
18,1,2,28.496,28.49,0.006000000000000227
18,2,2,27.488,27.49,0.0019999999999988916
18,3,2,28.861,28.86,0.0010000000000012221
18,4,2,33.994,33.99,0.003999999999997783
18,5,2,27.601,27.6,0.0009999999999976694
18,6,2,29.139,29.14,0.0010000000000012221
18,1,3,28.83,28.83,0.0
18,2,3,27.663,27.66,0.0030000000000001137
18,3,3,29.034,29.04,0.006000000000000227
18,4,3,34.195,34.2,0.005000000000002558
18,5,3,27.783,27.78,0.0030000000000001137
18,6,3,29.299,29.3,0.0010000000000012221
18,1,4,28.632,28.63,0.0020000000000024443
18,2,4,27.57,27.57,0.0
18,3,4,29.163,29.16,0.0030000000000001137
18,4,4,34.221,34.22,0.0009999999999976694
18,5,4,27.857,27.86,0.0030000000000001137
18,6,4,29.222,29.22,0.0020000000000024443
18,1,1,28.758,28.75,0.007999999999999119
18,2,1,27.501,27.5,0.0010000000000012221
18,3,1,29.192,29.19,0.0019999999999988916
18,4,1,34.328,34.33,0.001999999999995339
18,5,1,27.964,27.96,0.003999999999997783
18,6,1,29.121,29.12,0.0009999999999976694
18,1,2,28.752,28.75,0.0019999999999988916
18,2,2,27.572,27.57,0.0019999999999988916
18,3,2,29.237,29.23,0.006999999999997897
18,4,2,34.093,34.09,0.0030000000000001137
18,5,2,27.642,27.64,0.0019999999999988916
18,6,2,28.895,28.9,0.004999999999999005
18,1,3,28.745,28.74,0.005000000000002558
18,2,3,27.474,27.47,0.004000000000001336
18,3,3,28.954,28.95,0.004000000000001336
18,4,3,33.923,33.92,0.0030000000000001137
18,5,3,27.445,27.44,0.004999999999999005
18,6,3,28.915,28.92,0.005000000000002558
18,1,4,28.601,28.61,0.009000000000000341
18,2,4,27.431,27.44,0.009000000000000341
18,3,4,28.975,28.98,0.004999999999999005
18,4,4,33.924,33.92,0.003999999999997783
18,5,4,27.614,27.61,0.004000000000001336
18,6,4,28.956,28.96,0.004000000000001336
18,1,1,28.42,28.43,0.00999999999999801
18,2,1,27.317,27.32,0.0030000000000001137
18,3,1,28.965,28.97,0.004999999999999005
18,4,1,34.03,34.03,0.0
18,5,1,27.757,27.76,0.0030000000000001137
18,6,1,28.864,28.87,0.006000000000000227
18,1,2,28.582,28.58,0.0020000000000024443
18,2,2,27.515,27.52,0.004999999999999005
18,3,2,29.232,29.23,0.0019999999999988916
18,4,2,34.129,34.13,0.0010000000000047748
18,5,2,27.973,27.97,0.0030000000000001137
18,6,2,28.906,28.91,0.004000000000001336
18,1,3,28.738,28.74,0.0019999999999988916
18,2,3,27.418,27.42,0.0020000000000024443
18,3,3,29.011,29.01,0.0009999999999976694
18,4,3,34.012,34.01,0.0020000000000024443
18,5,3,27.705,27.7,0.004999999999999005
18,6,3,28.915,28.91,0.004999999999999005
18,1,4,28.415,28.41,0.004999999999999005
18,2,4,27.325,27.32,0.004999999999999005
18,3,4,29.132,29.14,0.007999999999999119
18,4,4,34.214,34.22,0.006000000000000227
18,5,4,27.844,27.84,0.004000000000001336
18,6,4,29.046,29.04,0.006000000000000227
18,1,1,28.508,28.51,0.0020000000000024443
18,2,1,27.429,27.43,0.0010000000000012221
18,3,1,29.034,29.03,0.003999999999997783
18,4,1,33.923,33.92,0.0030000000000001137
18,5,1,27.445,27.45,0.004999999999999005
18,6,1,29.278,29.28,0.0020000000000024443
18,1,2,28.79,28.79,0.0
18,2,2,27.488,27.49,0.0019999999999988916
18,3,2,28.991,28.99,0.0010000000000012221
18,4,2,33.975,33.98,0.0049999999999954525
18,5,2,27.704,27.7,0.004000000000001336
18,6,2,28.792,28.79,0.0020000000000024443
18,1,3,28.526,28.52,0.006000000000000227
18,2,3,27.409,27.41,0.0010000000000012221
18,3,3,28.865,28.86,0.004999999999999005
18,4,3,33.819,33.82,0.0009999999999976694
18,5,3,27.46,27.46,0.0
18,6,3,29.132,29.13,0.0020000000000024443
18,1,4,28.633,28.63,0.0030000000000001137
18,2,4,27.523,27.52,0.0030000000000001137
18,3,4,29.114,29.11,0.004000000000001336
18,4,4,33.917,33.92,0.0030000000000001137
18,5,4,27.56,27.56,0.0
18,6,4,29.143,29.14,0.0030000000000001137
18,1,1,28.332,28.33,0.0020000000000024443
18,2,1,27.317,27.32,0.0030000000000001137
18,3,1,29.074,29.07,0.004000000000001336
18,4,1,33.99,33.99,0.0
18,5,1,27.703,27.7,0.0030000000000001137
18,6,1,29.328,29.33,0.0019999999999988916
18,1,2,28.632,28.63,0.0020000000000024443
18,2,2,27.459,27.46,0.0010000000000012221
18,3,2,29.199,29.2,0.0009999999999976694
18,4,2,34.035,34.04,0.005000000000002558
18,5,2,27.545,27.54,0.005000000000002558
18,6,2,29.111,29.11,0.0010000000000012221
18,1,3,28.455,28.45,0.004999999999999005
18,2,3,27.523,27.52,0.0030000000000001137
18,3,3,29.216,29.21,0.006000000000000227
18,4,3,34.168,34.17,0.0020000000000024443
18,5,3,27.604,27.6,0.003999999999997783
18,6,3,29.128,29.13,0.0019999999999988916
18,1,4,28.801,28.79,0.010999999999999233
18,2,4,27.618,27.61,0.007999999999999119
18,3,4,29.086,29.08,0.006000000000000227
18,4,4,34.105,34.1,0.0049999999999954525
18,5,4,27.629,27.63,0.0009999999999976694
18,6,4,29.118,29.12,0.0020000000000024443
18,1,1,28.57,28.57,0.0
18,2,1,27.34,27.34,0.0
18,3,1,29.027,29.03,0.0030000000000001137
18,4,1,34.137,34.14,0.0030000000000001137
18,5,1,27.725,27.72,0.005000000000002558
18,6,1,29.263,29.26,0.0030000000000001137
18,1,2,28.712,28.71,0.0019999999999988916
18,2,2,27.489,27.49,0.0009999999999976694
18,3,2,29.073,29.07,0.0030000000000001137
18,4,2,33.893,33.89,0.0030000000000001137
18,5,2,27.614,27.61,0.004000000000001336
18,6,2,29.247,29.25,0.0030000000000001137
18,1,3,28.532,28.52,0.012000000000000455
18,2,3,27.463,27.46,0.0030000000000001137
18,3,3,29.073,29.08,0.006999999999997897
18,4,3,34.346,34.35,0.0040000000000048885
18,5,3,27.801,27.8,0.0009999999999976694
18,6,3,28.952,28.95,0.0020000000000024443
18,1,4,28.747,28.75,0.0030000000000001137
18,2,4,27.512,27.51,0.0019999999999988916
18,3,4,28.839,28.84,0.0010000000000012221
18,4,4,34.116,34.12,0.003999999999997783
18,5,4,27.868,27.87,0.0020000000000024443
18,6,4,29.002,29.0,0.0019999999999988916
18,1,1,28.227,28.22,0.0070000000000014495
18,2,1,27.169,27.17,0.0010000000000012221
18,3,1,28.904,28.91,0.006000000000000227
18,4,1,34.188,34.19,0.001999999999995339
18,5,1,27.93,27.93,0.0
18,6,1,29.071,29.07,0.0010000000000012221
18,1,2,28.479,28.48,0.0010000000000012221
18,2,2,27.583,27.58,0.0030000000000001137
18,3,2,29.157,29.16,0.0030000000000001137
18,4,2,34.228,34.23,0.001999999999995339
18,5,2,27.67,27.67,0.0
18,6,2,28.744,28.74,0.004000000000001336
18,1,3,28.724,28.72,0.004000000000001336
18,2,3,27.565,27.56,0.005000000000002558
18,3,3,29.1,29.1,0.0
18,4,3,34.171,34.17,0.0009999999999976694
18,5,3,27.761,27.76,0.0009999999999976694
18,6,3,29.095,29.1,0.005000000000002558
18,1,4,28.564,28.56,0.004000000000001336
18,2,4,27.403,27.41,0.0070000000000014495
18,3,4,28.888,28.89,0.0019999999999988916
18,4,4,34.122,34.12,0.0020000000000024443
18,5,4,27.651,27.65,0.0010000000000012221
18,6,4,29.234,29.23,0.004000000000001336
18,1,1,28.685,28.68,0.004999999999999005
18,2,1,27.613,27.61,0.0030000000000001137
18,3,1,29.163,29.16,0.0030000000000001137
18,4,1,34.214,34.22,0.006000000000000227
18,5,1,27.684,27.68,0.004000000000001336
18,6,1,28.95,28.95,0.0
18,1,2,28.466,28.47,0.003999999999997783
18,2,2,27.388,27.39,0.0019999999999988916
18,3,2,29.206,29.2,0.006000000000000227
18,4,2,34.156,34.16,0.003999999999997783
18,5,2,27.697,27.7,0.0030000000000001137
18,6,2,29.131,29.13,0.0010000000000012221
18,1,3,28.886,28.88,0.006000000000000227
18,2,3,27.654,27.65,0.004000000000001336
18,3,3,29.095,29.09,0.004999999999999005
18,4,3,34.088,34.09,0.0020000000000024443
18,5,3,27.754,27.76,0.006000000000000227
18,6,3,28.993,28.99,0.0030000000000001137
18,1,4,28.727,28.73,0.0030000000000001137
18,2,4,27.489,27.49,0.0009999999999976694
18,3,4,29.132,29.13,0.0020000000000024443
18,4,4,33.971,33.97,0.0009999999999976694
18,5,4,27.613,27.61,0.0030000000000001137
18,6,4,28.898,28.9,0.0019999999999988916
18,1,1,28.578,28.58,0.0019999999999988916
18,2,1,27.491,27.49,0.0010000000000012221
18,3,1,29.186,29.19,0.004000000000001336
18,4,1,34.035,34.03,0.0049999999999954525
18,5,1,27.662,27.66,0.0019999999999988916
18,6,1,28.882,28.88,0.0020000000000024443
18,1,2,28.633,28.63,0.0030000000000001137
18,2,2,27.529,27.53,0.0010000000000012221
18,3,2,29.3,29.31,0.00999999999999801
18,4,2,34.197,34.2,0.0030000000000001137
18,5,2,27.848,27.85,0.0020000000000024443
18,6,2,29.194,29.19,0.003999999999997783
18,1,3,28.351,28.35,0.0009999999999976694
18,2,3,27.335,27.34,0.004999999999999005
18,3,3,29.069,29.07,0.0010000000000012221
18,4,3,34.07,34.07,0.0
18,5,3,27.752,27.75,0.0019999999999988916
18,6,3,28.974,28.98,0.006000000000000227
18,1,4,28.178,28.19,0.012000000000000455
18,2,4,27.321,27.32,0.0010000000000012221
18,3,4,29.165,29.16,0.004999999999999005
18,4,4,33.988,33.99,0.0020000000000024443
18,5,4,27.547,27.55,0.0030000000000001137
18,6,4,28.922,28.92,0.0019999999999988916
18,1,1,28.513,28.52,0.006999999999997897
18,2,1,27.508,27.51,0.0020000000000024443
18,3,1,28.981,28.98,0.0010000000000012221
18,4,1,34.107,34.11,0.0030000000000001137
18,5,1,27.668,27.67,0.0020000000000024443
18,6,1,29.006,29.0,0.006000000000000227
18,1,2,28.609,28.6,0.009000000000000341
18,2,2,27.484,27.48,0.004000000000001336
18,3,2,29.05,29.06,0.00999999999999801
18,4,2,33.987,33.99,0.0030000000000001137
18,5,2,27.619,27.62,0.0010000000000012221
18,6,2,29.488,29.49,0.0019999999999988916
18,1,3,28.339,28.34,0.0010000000000012221
18,2,3,27.577,27.57,0.0070000000000014495
18,3,3,29.499,29.5,0.0010000000000012221
18,4,3,34.25,34.25,0.0
18,5,3,27.728,27.73,0.0019999999999988916
18,6,3,29.145,29.14,0.004999999999999005
18,1,4,28.619,28.61,0.009000000000000341
18,2,4,27.403,27.4,0.0030000000000001137
18,3,4,28.951,28.95,0.0010000000000012221
18,4,4,34.07,34.07,0.0
18,5,4,27.651,27.65,0.0010000000000012221
18,6,4,28.775,28.78,0.005000000000002558
18,1,1,28.762,28.74,0.022000000000002018
18,2,1,27.509,27.51,0.0010000000000012221
18,3,1,29.15,29.16,0.010000000000001563
18,4,1,34.102,34.1,0.001999999999995339
18,5,1,27.793,27.79,0.0030000000000001137
18,6,1,28.881,28.88,0.0010000000000012221
18,1,2,28.792,28.8,0.007999999999999119
18,2,2,27.579,27.58,0.0009999999999976694
18,3,2,29.045,29.05,0.004999999999999005
18,4,2,34.022,34.02,0.001999999999995339
18,5,2,27.516,27.51,0.005999999999996675
18,6,2,29.005,29.01,0.005000000000002558
18,1,3,28.722,28.71,0.012000000000000455
18,2,3,27.615,27.61,0.004999999999999005
18,3,3,29.285,29.28,0.004999999999999005
18,4,3,34.104,34.1,0.003999999999997783
18,5,3,27.576,27.58,0.003999999999997783
18,6,3,29.029,29.03,0.0010000000000012221
18,1,4,28.453,28.45,0.0030000000000001137
18,2,4,27.336,27.34,0.004000000000001336
18,3,4,29.34,29.33,0.010000000000001563
18,4,4,34.066,34.07,0.003999999999997783
18,5,4,27.915,27.91,0.004999999999999005
18,6,4,28.824,28.82,0.004000000000001336
18,1,1,28.48,28.48,0.0
18,2,1,27.414,27.41,0.004000000000001336
18,3,1,29.154,29.15,0.004000000000001336
18,4,1,34.072,34.07,0.0020000000000024443
18,5,1,27.778,27.78,0.0020000000000024443
18,6,1,29.261,29.26,0.0009999999999976694
18,1,2,28.468,28.47,0.0019999999999988916
18,2,2,27.482,27.49,0.007999999999999119
18,3,2,29.278,29.28,0.0020000000000024443
18,4,2,34.102,34.1,0.001999999999995339
18,5,2,27.464,27.46,0.003999999999997783
18,6,2,28.956,28.96,0.004000000000001336
18,1,3,28.306,28.31,0.003999999999997783
18,2,3,27.337,27.34,0.0030000000000001137
18,3,3,29.322,29.32,0.0019999999999988916
18,4,3,34.11,34.11,0.0
18,5,3,27.902,27.9,0.0020000000000024443
18,6,3,29.123,29.12,0.0030000000000001137
18,1,4,28.813,28.81,0.0030000000000001137
18,2,4,27.533,27.54,0.006999999999997897
18,3,4,29.018,29.02,0.0019999999999988916
18,4,4,34.151,34.15,0.0010000000000047748
18,5,4,27.585,27.59,0.004999999999999005
18,6,4,29.333,29.33,0.0030000000000001137
18,1,1,28.665,28.66,0.004999999999999005
18,2,1,27.496,27.5,0.004000000000001336
18,3,1,29.109,29.1,0.009000000000000341
18,4,1,34.01,34.01,0.0
18,5,1,27.509,27.51,0.0010000000000012221
18,6,1,29.112,29.11,0.0019999999999988916
18,1,2,28.491,28.49,0.0010000000000012221
18,2,2,27.409,27.41,0.0010000000000012221
18,3,2,29.002,29.0,0.0019999999999988916
18,4,2,34.075,34.08,0.0049999999999954525
18,5,2,27.83,27.83,0.0
18,6,2,29.165,29.17,0.005000000000002558
18,1,3,28.551,28.55,0.0009999999999976694
18,2,3,27.476,27.48,0.004000000000001336
18,3,3,29.169,29.17,0.0010000000000012221
18,4,3,34.194,34.19,0.0040000000000048885
18,5,3,27.831,27.83,0.0010000000000012221
18,6,3,28.946,28.95,0.003999999999997783
18,1,4,28.339,28.34,0.0010000000000012221
18,2,4,27.344,27.34,0.004000000000001336
18,3,4,29.307,29.3,0.006999999999997897
18,4,4,34.147,34.14,0.006999999999997897
18,5,4,27.728,27.73,0.0019999999999988916
18,6,4,29.267,29.27,0.0030000000000001137
18,1,1,28.771,28.78,0.009000000000000341
18,2,1,27.55,27.55,0.0
18,3,1,29.107,29.12,0.013000000000001677
18,4,1,34.07,34.07,0.0
18,5,1,27.54,27.54,0.0
18,6,1,28.675,28.67,0.004999999999999005
18,1,2,28.539,28.54,0.0009999999999976694
18,2,2,27.445,27.45,0.004999999999999005
18,3,2,29.136,29.14,0.004000000000001336
18,4,2,34.068,34.07,0.0020000000000024443
18,5,2,27.515,27.52,0.004999999999999005
18,6,2,29.145,29.15,0.004999999999999005
18,1,3,28.536,28.55,0.013999999999999346
18,2,3,27.548,27.55,0.0020000000000024443
18,3,3,29.24,29.24,0.0
18,4,3,34.296,34.29,0.006000000000000227
18,5,3,27.616,27.62,0.004000000000001336
18,6,3,29.073,29.07,0.0030000000000001137
18,1,4,28.504,28.51,0.006000000000000227
18,2,4,27.413,27.41,0.0030000000000001137
18,3,4,29.132,29.13,0.0020000000000024443
18,4,4,34.301,34.3,0.0010000000000047748
18,5,4,28.123,28.12,0.0030000000000001137
18,6,4,29.249,29.25,0.0010000000000012221
19,1,1,28.975,28.98,0.004999999999999005
19,2,1,27.843,27.85,0.0070000000000014495
19,3,1,29.384,29.38,0.004000000000001336
19,4,1,34.531,34.53,0.0009999999999976694
19,5,1,27.911,27.91,0.0010000000000012221
19,6,1,29.404,29.4,0.004000000000001336
19,1,2,28.941,28.94,0.0009999999999976694
19,2,2,27.768,27.77,0.0019999999999988916
19,3,2,29.339,29.34,0.0010000000000012221
19,4,2,34.481,34.48,0.0010000000000047748
19,5,2,28.096,28.1,0.004000000000001336
19,6,2,29.463,29.46,0.0030000000000001137
19,1,3,28.76,28.76,0.0
19,2,3,27.672,27.67,0.0019999999999988916
19,3,3,29.238,29.24,0.0019999999999988916
19,4,3,34.491,34.49,0.0009999999999976694
19,5,3,28.32,28.32,0.0
19,6,3,29.304,29.3,0.003999999999997783
19,1,4,28.876,28.87,0.006000000000000227
19,2,4,27.747,27.75,0.0030000000000001137
19,3,4,29.436,29.44,0.004000000000001336
19,4,4,34.455,34.45,0.0049999999999954525
19,5,4,28.062,28.06,0.0020000000000024443
19,6,4,29.125,29.12,0.004999999999999005
19,1,1,28.864,28.87,0.006000000000000227
19,2,1,27.745,27.74,0.005000000000002558
19,3,1,29.276,29.28,0.004000000000001336
19,4,1,34.317,34.32,0.0030000000000001137
19,5,1,28.029,28.03,0.0010000000000012221
19,6,1,29.519,29.52,0.0010000000000012221
19,1,2,28.976,28.97,0.006000000000000227
19,2,2,27.816,27.81,0.006000000000000227
19,3,2,29.281,29.28,0.0009999999999976694
19,4,2,34.425,34.42,0.0049999999999954525
19,5,2,28.041,28.04,0.0010000000000012221
19,6,2,29.385,29.38,0.005000000000002558
19,1,3,28.997,29.0,0.0030000000000001137
19,2,3,27.838,27.84,0.0019999999999988916
19,3,3,29.549,29.55,0.0010000000000012221
19,4,3,34.389,34.39,0.0009999999999976694
19,5,3,27.882,27.88,0.0020000000000024443
19,6,3,29.086,29.09,0.004000000000001336
19,1,4,28.883,28.88,0.0030000000000001137
19,2,4,27.699,27.7,0.0009999999999976694
19,3,4,29.296,29.3,0.004000000000001336
19,4,4,34.468,34.47,0.001999999999995339
19,5,4,28.035,28.03,0.004999999999999005
19,6,4,29.325,29.33,0.004999999999999005
19,1,1,28.856,28.86,0.003999999999997783
19,2,1,27.859,27.86,0.0009999999999976694
19,3,1,29.609,29.61,0.0009999999999976694
19,4,1,34.306,34.31,0.0040000000000048885
19,5,1,27.996,28.0,0.004000000000001336
19,6,1,29.435,29.43,0.004999999999999005
19,1,2,29.126,29.12,0.006000000000000227
19,2,2,27.873,27.87,0.0030000000000001137
19,3,2,29.494,29.49,0.004000000000001336
19,4,2,34.545,34.55,0.0049999999999954525
19,5,2,28.155,28.16,0.004999999999999005
19,6,2,29.232,29.23,0.0019999999999988916
19,1,3,28.628,28.63,0.0019999999999988916
19,2,3,27.652,27.65,0.0020000000000024443
19,3,3,29.426,29.44,0.014000000000002899
19,4,3,34.434,34.43,0.003999999999997783
19,5,3,28.117,28.12,0.0030000000000001137
19,6,3,29.166,29.16,0.006000000000000227
19,1,4,28.981,28.99,0.008999999999996788
19,2,4,27.772,27.77,0.0019999999999988916
19,3,4,29.29,29.3,0.010000000000001563
19,4,4,34.295,34.3,0.0049999999999954525
19,5,4,27.994,27.99,0.004000000000001336
19,6,4,29.253,29.25,0.0030000000000001137
19,1,1,28.779,28.78,0.0010000000000012221
19,2,1,27.711,27.71,0.0009999999999976694
19,3,1,29.365,29.36,0.004999999999999005
19,4,1,34.2,34.2,0.0
19,5,1,27.813,27.81,0.0030000000000001137
19,6,1,29.115,29.11,0.004999999999999005
19,1,2,29.124,29.13,0.006000000000000227
19,2,2,27.678,27.68,0.0019999999999988916
19,3,2,29.301,29.31,0.009000000000000341
19,4,2,34.358,34.36,0.0020000000000024443
19,5,2,28.013,28.02,0.006999999999997897
19,6,2,29.438,29.44,0.0020000000000024443
19,1,3,28.911,28.91,0.0010000000000012221
19,2,3,27.727,27.73,0.0030000000000001137
19,3,3,29.293,29.29,0.0030000000000001137
19,4,3,34.216,34.22,0.003999999999997783
19,5,3,27.763,27.76,0.0030000000000001137
19,6,3,29.128,29.13,0.0019999999999988916
19,1,4,28.973,28.97,0.0030000000000001137
19,2,4,27.797,27.8,0.0030000000000001137
19,3,4,29.457,29.46,0.0030000000000001137
19,4,4,34.458,34.46,0.0020000000000024443
19,5,4,27.895,27.9,0.004999999999999005
19,6,4,29.202,29.2,0.0020000000000024443
19,1,1,29.004,29.01,0.006000000000000227
19,2,1,27.679,27.68,0.0010000000000012221
19,3,1,29.477,29.48,0.0030000000000001137
19,4,1,34.471,34.47,0.0009999999999976694
19,5,1,28.006,28.01,0.004000000000001336
19,6,1,29.121,29.12,0.0009999999999976694
19,1,2,28.837,28.84,0.0030000000000001137
19,2,2,27.769,27.77,0.0010000000000012221
19,3,2,29.536,29.53,0.006000000000000227
19,4,2,34.398,34.4,0.001999999999995339
19,5,2,28.198,28.2,0.0019999999999988916
19,6,2,28.967,28.97,0.0030000000000001137
19,1,3,28.94,28.94,0.0
19,2,3,27.802,27.8,0.0019999999999988916
19,3,3,29.448,29.45,0.0019999999999988916
19,4,3,34.535,34.54,0.005000000000002558
19,5,3,28.202,28.2,0.0020000000000024443
19,6,3,29.381,29.38,0.0010000000000012221
19,1,4,28.652,28.64,0.012000000000000455
19,2,4,27.627,27.63,0.0030000000000001137
19,3,4,29.307,29.31,0.0030000000000001137
19,4,4,34.219,34.22,0.0009999999999976694
19,5,4,27.913,27.91,0.0030000000000001137
19,6,4,29.423,29.42,0.002999999999996561
19,1,1,28.561,28.56,0.0010000000000012221
19,2,1,27.549,27.54,0.009000000000000341
19,3,1,29.532,29.53,0.0019999999999988916
19,4,1,34.443,34.45,0.007000000000005002
19,5,1,28.052,28.05,0.0019999999999988916
19,6,1,29.203,29.2,0.0030000000000001137
19,1,2,28.826,28.82,0.006000000000000227
19,2,2,27.687,27.69,0.0030000000000001137
19,3,2,29.391,29.39,0.0009999999999976694
19,4,2,34.531,34.53,0.0009999999999976694
19,5,2,28.065,28.06,0.005000000000002558
19,6,2,29.471,29.47,0.0010000000000012221
19,1,3,29.001,29.0,0.0010000000000012221
19,2,3,27.742,27.74,0.0020000000000024443
19,3,3,29.387,29.39,0.0030000000000001137
19,4,3,34.443,34.44,0.0030000000000001137
19,5,3,27.77,27.77,0.0
19,6,3,29.437,29.44,0.0030000000000001137
19,1,4,28.865,28.86,0.004999999999999005
19,2,4,27.683,27.68,0.0030000000000001137
19,3,4,29.436,29.44,0.004000000000001336
19,4,4,34.358,34.36,0.0020000000000024443
19,5,4,28.147,28.15,0.0030000000000001137
19,6,4,29.357,29.36,0.0030000000000001137
19,1,1,28.945,28.93,0.015000000000000568
19,2,1,27.748,27.75,0.0019999999999988916
19,3,1,29.354,29.35,0.003999999999997783
19,4,1,34.243,34.24,0.0030000000000001137
19,5,1,27.875,27.87,0.004999999999999005
19,6,1,29.088,29.09,0.0019999999999988916
19,1,2,28.765,28.76,0.004999999999999005
19,2,2,27.582,27.59,0.007999999999999119
19,3,2,29.395,29.4,0.004999999999999005
19,4,2,34.412,34.41,0.0020000000000024443
19,5,2,27.957,27.96,0.0030000000000001137
19,6,2,29.396,29.39,0.006000000000000227
19,1,3,28.871,28.88,0.009000000000000341
19,2,3,27.615,27.62,0.005000000000002558
19,3,3,29.368,29.37,0.0020000000000024443
19,4,3,34.391,34.39,0.0009999999999976694
19,5,3,27.867,27.87,0.0030000000000001137
19,6,3,29.193,29.19,0.0030000000000001137
19,1,4,28.871,28.87,0.0009999999999976694
19,2,4,27.768,27.76,0.007999999999999119
19,3,4,29.436,29.43,0.006000000000000227
19,4,4,34.569,34.57,0.0009999999999976694
19,5,4,28.148,28.15,0.0019999999999988916
19,6,4,29.343,29.34,0.0030000000000001137
19,1,1,28.796,28.8,0.004000000000001336
19,2,1,27.629,27.63,0.0009999999999976694
19,3,1,29.344,29.34,0.004000000000001336
19,4,1,34.335,34.33,0.005000000000002558
19,5,1,28.005,28.01,0.005000000000002558
19,6,1,29.406,29.41,0.004000000000001336
19,1,2,28.9,28.91,0.010000000000001563
19,2,2,27.756,27.75,0.006000000000000227
19,3,2,29.355,29.35,0.004999999999999005
19,4,2,34.499,34.5,0.0009999999999976694
19,5,2,27.961,27.96,0.0009999999999976694
19,6,2,29.376,29.38,0.003999999999997783
19,1,3,28.569,28.56,0.009000000000000341
19,2,3,27.617,27.62,0.0030000000000001137
19,3,3,29.367,29.37,0.0030000000000001137
19,4,3,34.497,34.5,0.0030000000000001137
19,5,3,27.936,27.94,0.004000000000001336
19,6,3,29.144,29.14,0.003999999999997783
19,1,4,28.638,28.64,0.0019999999999988916
19,2,4,27.781,27.78,0.0009999999999976694
19,3,4,29.524,29.52,0.004000000000001336
19,4,4,34.307,34.31,0.0030000000000001137
19,5,4,27.778,27.78,0.0020000000000024443
19,6,4,29.133,29.13,0.0030000000000001137
19,1,1,28.877,28.88,0.0030000000000001137
19,2,1,27.748,27.75,0.0019999999999988916
19,3,1,29.512,29.52,0.007999999999999119
19,4,1,34.325,34.32,0.005000000000002558
19,5,1,28.212,28.21,0.0019999999999988916
19,6,1,29.504,29.5,0.004000000000001336
19,1,2,28.677,28.69,0.013000000000001677
19,2,2,27.641,27.64,0.0009999999999976694
19,3,2,29.218,29.22,0.0019999999999988916
19,4,2,34.436,34.44,0.003999999999997783
19,5,2,28.286,28.29,0.003999999999997783
19,6,2,29.45,29.45,0.0
19,1,3,29.059,29.06,0.0009999999999976694
19,2,3,27.791,27.79,0.0010000000000012221
19,3,3,29.143,29.14,0.0030000000000001137
19,4,3,34.276,34.28,0.003999999999997783
19,5,3,27.962,27.96,0.0019999999999988916
19,6,3,29.428,29.43,0.0019999999999988916
19,1,4,28.915,28.91,0.004999999999999005
19,2,4,27.805,27.8,0.004999999999999005
19,3,4,29.511,29.51,0.0009999999999976694
19,4,4,34.382,34.38,0.001999999999995339
19,5,4,28.024,28.02,0.004000000000001336
19,6,4,29.226,29.22,0.006000000000000227
19,1,1,28.85,28.84,0.010000000000001563
19,2,1,27.704,27.7,0.004000000000001336
19,3,1,29.33,29.33,0.0
19,4,1,34.264,34.26,0.0040000000000048885
19,5,1,27.992,27.99,0.0020000000000024443
19,6,1,29.451,29.45,0.0010000000000012221
19,1,2,28.972,28.96,0.012000000000000455
19,2,2,27.815,27.81,0.005000000000002558
19,3,2,29.188,29.19,0.0020000000000024443
19,4,2,34.702,34.7,0.001999999999995339
19,5,2,28.264,28.26,0.003999999999997783
19,6,2,29.238,29.24,0.0019999999999988916
19,1,3,29.006,29.01,0.004000000000001336
19,2,3,27.755,27.76,0.005000000000002558
19,3,3,29.191,29.19,0.0009999999999976694
19,4,3,34.503,34.5,0.0030000000000001137
19,5,3,27.988,27.99,0.0019999999999988916
19,6,3,29.482,29.48,0.0019999999999988916
19,1,4,28.779,28.79,0.010999999999999233
19,2,4,27.763,27.76,0.0030000000000001137
19,3,4,29.391,29.39,0.0009999999999976694
19,4,4,34.359,34.36,0.0009999999999976694
19,5,4,27.836,27.84,0.004000000000001336
19,6,4,29.297,29.3,0.0030000000000001137
19,1,1,28.658,28.66,0.0019999999999988916
19,2,1,27.647,27.65,0.0030000000000001137
19,3,1,29.215,29.22,0.004999999999999005
19,4,1,34.502,34.5,0.0020000000000024443
19,5,1,28.103,28.1,0.0030000000000001137
19,6,1,29.238,29.24,0.0019999999999988916
19,1,2,28.91,28.91,0.0
19,2,2,27.707,27.71,0.0030000000000001137
19,3,2,29.701,29.71,0.009000000000000341
19,4,2,34.437,34.44,0.0030000000000001137
19,5,2,28.238,28.24,0.0019999999999988916
19,6,2,29.349,29.35,0.0010000000000012221
19,1,3,28.901,28.9,0.0010000000000012221
19,2,3,27.714,27.71,0.003999999999997783
19,3,3,29.322,29.33,0.007999999999999119
19,4,3,34.414,34.41,0.0040000000000048885
19,5,3,28.091,28.09,0.0010000000000012221
19,6,3,29.334,29.34,0.006000000000000227
19,1,4,29.042,29.04,0.0020000000000024443
19,2,4,27.726,27.73,0.004000000000001336
19,3,4,29.269,29.27,0.0010000000000012221
19,4,4,34.253,34.25,0.0030000000000001137
19,5,4,28.217,28.22,0.0030000000000001137
19,6,4,29.06,29.06,0.0
19,1,1,28.891,28.89,0.0009999999999976694
19,2,1,27.779,27.77,0.009000000000000341
19,3,1,29.58,29.58,0.0
19,4,1,34.412,34.41,0.0020000000000024443
19,5,1,27.862,27.87,0.008000000000002672
19,6,1,29.201,29.2,0.0010000000000012221
19,1,2,28.719,28.73,0.010999999999999233
19,2,2,27.695,27.69,0.004999999999999005
19,3,2,29.475,29.47,0.005000000000002558
19,4,2,34.406,34.41,0.003999999999997783
19,5,2,28.173,28.18,0.0070000000000014495
19,6,2,29.417,29.42,0.0030000000000001137
19,1,3,28.748,28.75,0.0019999999999988916
19,2,3,27.554,27.56,0.006000000000000227
19,3,3,29.354,29.36,0.006000000000000227
19,4,3,34.421,34.42,0.0009999999999976694
19,5,3,28.069,28.07,0.0010000000000012221
19,6,3,29.242,29.24,0.0020000000000024443
19,1,4,28.863,28.87,0.0070000000000014495
19,2,4,27.657,27.66,0.0030000000000001137
19,3,4,29.383,29.38,0.0030000000000001137
19,4,4,34.093,34.09,0.0030000000000001137
19,5,4,27.813,27.81,0.0030000000000001137
19,6,4,29.427,29.43,0.0030000000000001137
19,1,1,29.012,29.02,0.007999999999999119
19,2,1,27.727,27.72,0.0070000000000014495
19,3,1,29.114,29.11,0.004000000000001336
19,4,1,34.17,34.17,0.0
19,5,1,27.559,27.56,0.0009999999999976694
19,6,1,29.281,29.28,0.0009999999999976694
19,1,2,28.783,28.79,0.006999999999997897
19,2,2,27.692,27.69,0.0019999999999988916
19,3,2,29.633,29.64,0.0070000000000014495
19,4,2,34.233,34.23,0.0030000000000001137
19,5,2,28.0,28.0,0.0
19,6,2,29.237,29.24,0.0030000000000001137
19,1,3,28.743,28.75,0.0070000000000014495
19,2,3,27.659,27.66,0.0010000000000012221
19,3,3,29.352,29.36,0.007999999999999119
19,4,3,34.333,34.33,0.0030000000000001137
19,5,3,27.97,27.97,0.0
19,6,3,29.126,29.13,0.003999999999997783
19,1,4,28.861,28.85,0.010999999999999233
19,2,4,27.765,27.77,0.004999999999999005
19,3,4,29.279,29.28,0.0010000000000012221
19,4,4,34.517,34.52,0.0030000000000001137
19,5,4,28.263,28.26,0.0030000000000001137
19,6,4,29.415,29.42,0.005000000000002558
19,1,1,29.008,29.01,0.0020000000000024443
19,2,1,27.809,27.81,0.0009999999999976694
19,3,1,29.289,29.28,0.009000000000000341
19,4,1,34.479,34.48,0.0009999999999976694
19,5,1,27.94,27.94,0.0
19,6,1,29.183,29.18,0.0030000000000001137
19,1,2,29.298,29.29,0.007999999999999119
19,2,2,28.05,28.05,0.0
19,3,2,29.613,29.62,0.0070000000000014495
19,4,2,34.314,34.31,0.003999999999997783
19,5,2,27.862,27.86,0.0019999999999988916
19,6,2,29.298,29.3,0.0020000000000024443
19,1,3,28.861,28.87,0.009000000000000341
19,2,3,27.678,27.68,0.0019999999999988916
19,3,3,29.421,29.42,0.0009999999999976694
19,4,3,34.435,34.43,0.005000000000002558
19,5,3,28.15,28.15,0.0
19,6,3,29.511,29.51,0.0009999999999976694
19,1,4,28.842,28.84,0.0019999999999988916
19,2,4,27.665,27.67,0.005000000000002558
19,3,4,29.278,29.27,0.007999999999999119
19,4,4,34.418,34.42,0.0020000000000024443
19,5,4,27.946,27.95,0.003999999999997783
19,6,4,29.363,29.37,0.0070000000000014495
19,1,1,28.659,28.65,0.009000000000000341
19,2,1,27.568,27.57,0.0019999999999988916
19,3,1,29.467,29.46,0.006999999999997897
19,4,1,34.397,34.4,0.0030000000000001137
19,5,1,27.915,27.92,0.005000000000002558
19,6,1,29.249,29.25,0.0010000000000012221
19,1,2,28.929,28.93,0.0010000000000012221
19,2,2,27.726,27.73,0.004000000000001336
19,3,2,29.435,29.44,0.005000000000002558
19,4,2,34.423,34.42,0.0030000000000001137
19,5,2,27.982,27.98,0.0019999999999988916
19,6,2,29.484,29.48,0.004000000000001336
19,1,3,28.532,28.54,0.007999999999999119
19,2,3,27.51,27.52,0.00999999999999801
19,3,3,29.186,29.18,0.006000000000000227
19,4,3,34.348,34.35,0.0020000000000024443
19,5,3,27.952,27.95,0.0020000000000024443
19,6,3,29.433,29.43,0.0030000000000001137
19,1,4,28.921,28.92,0.0009999999999976694
19,2,4,27.713,27.72,0.006999999999997897
19,3,4,29.574,29.57,0.004000000000001336
19,4,4,34.474,34.47,0.003999999999997783
19,5,4,28.107,28.11,0.0030000000000001137
19,6,4,29.121,29.12,0.0009999999999976694
19,1,1,28.855,28.86,0.004999999999999005
19,2,1,27.641,27.64,0.0009999999999976694
19,3,1,29.271,29.27,0.0010000000000012221
19,4,1,34.3,34.3,0.0
19,5,1,28.123,28.12,0.0030000000000001137
19,6,1,29.414,29.41,0.004000000000001336
19,1,2,28.673,28.67,0.002999999999996561
19,2,2,27.719,27.72,0.0009999999999976694
19,3,2,29.514,29.51,0.003999999999997783
19,4,2,34.434,34.43,0.003999999999997783
19,5,2,28.07,28.07,0.0
19,6,2,29.217,29.22,0.0030000000000001137
19,1,3,28.994,28.99,0.004000000000001336
19,2,3,27.786,27.79,0.003999999999997783
19,3,3,29.205,29.21,0.005000000000002558
19,4,3,34.449,34.45,0.0010000000000047748
19,5,3,27.971,27.97,0.0010000000000012221
19,6,3,29.253,29.25,0.0030000000000001137
19,1,4,28.806,28.81,0.003999999999997783
19,2,4,27.576,27.58,0.003999999999997783
19,3,4,29.295,29.29,0.005000000000002558
19,4,4,34.318,34.32,0.0020000000000024443
19,5,4,28.122,28.12,0.0019999999999988916
19,6,4,29.474,29.47,0.004000000000001336
19,1,1,29.046,29.05,0.004000000000001336
19,2,1,27.739,27.74,0.0009999999999976694
19,3,1,29.452,29.46,0.007999999999999119
19,4,1,34.433,34.43,0.0030000000000001137
19,5,1,27.951,27.95,0.0010000000000012221
19,6,1,29.566,29.57,0.004000000000001336
19,1,2,28.828,28.83,0.0019999999999988916
19,2,2,27.732,27.73,0.0019999999999988916
19,3,2,29.497,29.5,0.0030000000000001137
19,4,2,34.179,34.18,0.0009999999999976694
19,5,2,27.892,27.89,0.0019999999999988916
19,6,2,29.126,29.13,0.003999999999997783
19,1,3,28.69,28.69,0.0
19,2,3,27.677,27.68,0.0030000000000001137
19,3,3,29.517,29.52,0.0030000000000001137
19,4,3,34.594,34.59,0.003999999999997783
19,5,3,28.218,28.22,0.0019999999999988916
19,6,3,29.065,29.07,0.004999999999999005
19,1,4,29.148,29.15,0.0019999999999988916
19,2,4,28.005,28.0,0.004999999999999005
19,3,4,29.339,29.34,0.0010000000000012221
19,4,4,34.353,34.35,0.0030000000000001137
19,5,4,27.925,27.92,0.004999999999999005
19,6,4,29.317,29.32,0.0030000000000001137
19,1,1,28.792,28.79,0.0020000000000024443
19,2,1,27.73,27.73,0.0
19,3,1,29.351,29.35,0.0009999999999976694
19,4,1,34.402,34.4,0.0020000000000024443
19,5,1,27.891,27.89,0.0009999999999976694
19,6,1,29.222,29.22,0.0020000000000024443
19,1,2,28.824,28.83,0.005999999999996675
19,2,2,27.735,27.74,0.004999999999999005
19,3,2,29.516,29.51,0.005999999999996675
19,4,2,34.255,34.26,0.0049999999999954525
19,5,2,27.901,27.9,0.0010000000000012221
19,6,2,29.37,29.37,0.0
19,1,3,29.008,29.02,0.012000000000000455
19,2,3,27.887,27.89,0.0030000000000001137
19,3,3,29.694,29.69,0.003999999999997783
19,4,3,34.19,34.19,0.0
19,5,3,27.751,27.75,0.0010000000000012221
19,6,3,29.337,29.34,0.0030000000000001137
19,1,4,28.75,28.76,0.010000000000001563
19,2,4,27.608,27.6,0.007999999999999119
19,3,4,29.072,29.07,0.0019999999999988916
19,4,4,34.49,34.49,0.0
19,5,4,28.295,28.29,0.005000000000002558
19,6,4,29.129,29.13,0.0009999999999976694
19,1,1,29.04,29.04,0.0
19,2,1,27.813,27.81,0.0030000000000001137
19,3,1,29.319,29.33,0.010999999999999233
19,4,1,34.319,34.32,0.0009999999999976694
19,5,1,28.056,28.06,0.003999999999997783
19,6,1,29.541,29.54,0.0010000000000012221
19,1,2,28.896,28.89,0.006000000000000227
19,2,2,27.817,27.81,0.0070000000000014495
19,3,2,29.483,29.48,0.0030000000000001137
19,4,2,34.453,34.45,0.0030000000000001137
19,5,2,28.0,28.0,0.0
19,6,2,29.309,29.31,0.0009999999999976694
19,1,3,28.872,28.89,0.018000000000000682
19,2,3,27.776,27.78,0.004000000000001336
19,3,3,29.328,29.33,0.0019999999999988916
19,4,3,34.273,34.27,0.0030000000000001137
19,5,3,27.882,27.88,0.0020000000000024443
19,6,3,29.431,29.43,0.0010000000000012221
19,1,4,28.919,28.92,0.0010000000000012221
19,2,4,27.765,27.76,0.004999999999999005
19,3,4,29.34,29.34,0.0
19,4,4,34.216,34.21,0.006000000000000227
19,5,4,27.91,27.91,0.0
19,6,4,29.126,29.13,0.003999999999997783
19,1,1,28.67,28.67,0.0
19,2,1,27.665,27.67,0.005000000000002558
19,3,1,29.546,29.54,0.006000000000000227
19,4,1,34.349,34.35,0.0010000000000047748
19,5,1,27.899,27.9,0.0009999999999976694
19,6,1,29.166,29.17,0.004000000000001336
19,1,2,28.681,28.69,0.009000000000000341
19,2,2,27.61,27.61,0.0
19,3,2,29.16,29.16,0.0
19,4,2,34.365,34.36,0.005000000000002558
19,5,2,27.876,27.88,0.003999999999997783
19,6,2,29.34,29.34,0.0
19,1,3,28.891,28.89,0.0009999999999976694
19,2,3,27.709,27.71,0.0010000000000012221
19,3,3,29.35,29.35,0.0
19,4,3,34.25,34.25,0.0
19,5,3,27.903,27.9,0.0030000000000001137
19,6,3,29.529,29.53,0.0010000000000012221
19,1,4,28.822,28.82,0.0019999999999988916
19,2,4,27.728,27.73,0.0019999999999988916
19,3,4,29.247,29.25,0.0030000000000001137
19,4,4,34.569,34.57,0.0009999999999976694
19,5,4,28.072,28.07,0.0019999999999988916
19,6,4,29.397,29.4,0.0030000000000001137
