wafer,stage,site,true,pred,abs_err
7,1,1,28.423,28.42,0.002999999999996561
7,2,1,27.397,27.4,0.0030000000000001137
7,3,1,29.051,29.05,0.0009999999999976694
7,4,1,34.061,34.06,0.0009999999999976694
7,5,1,27.739,27.74,0.0009999999999976694
7,6,1,29.222,29.22,0.0020000000000024443
7,1,2,28.318,28.33,0.011999999999996902
7,2,2,27.287,27.28,0.006999999999997897
7,3,2,28.977,28.98,0.0030000000000001137
7,4,2,34.006,34.01,0.003999999999997783
7,5,2,27.622,27.62,0.0019999999999988916
7,6,2,29.107,29.11,0.0030000000000001137
7,1,3,28.622,28.62,0.0019999999999988916
7,2,3,27.299,27.3,0.0010000000000012221
7,3,3,29.089,29.09,0.0010000000000012221
7,4,3,33.88,33.88,0.0
7,5,3,27.723,27.72,0.0030000000000001137
7,6,3,29.107,29.11,0.0030000000000001137
7,1,4,28.252,28.26,0.008000000000002672
7,2,4,27.28,27.28,0.0
7,3,4,29.191,29.19,0.0009999999999976694
7,4,4,34.001,34.0,0.0009999999999976694
7,5,4,27.614,27.61,0.004000000000001336
7,6,4,28.895,28.9,0.004999999999999005
7,1,1,28.345,28.35,0.005000000000002558
7,2,1,27.379,27.38,0.0009999999999976694
7,3,1,29.26,29.27,0.00999999999999801
7,4,1,34.029,34.03,0.0009999999999976694
7,5,1,27.76,27.76,0.0
7,6,1,29.158,29.16,0.0019999999999988916
7,1,2,28.606,28.6,0.006000000000000227
7,2,2,27.448,27.45,0.0019999999999988916
7,3,2,29.01,29.01,0.0
7,4,2,34.12,34.12,0.0
7,5,2,27.713,27.71,0.0030000000000001137
7,6,2,29.003,29.0,0.0030000000000001137
7,1,3,28.676,28.67,0.005999999999996675
7,2,3,27.574,27.57,0.004000000000001336
7,3,3,29.305,29.3,0.004999999999999005
7,4,3,34.026,34.02,0.006000000000000227
7,5,3,27.692,27.69,0.0019999999999988916
7,6,3,28.907,28.91,0.0030000000000001137
7,1,4,28.438,28.44,0.0020000000000024443
7,2,4,27.352,27.35,0.0019999999999988916
7,3,4,29.107,29.1,0.006999999999997897
7,4,4,34.046,34.04,0.006000000000000227
7,5,4,27.717,27.71,0.006999999999997897
7,6,4,29.063,29.06,0.0030000000000001137
7,1,1,28.67,28.67,0.0
7,2,1,27.514,27.51,0.003999999999997783
7,3,1,28.997,29.0,0.0030000000000001137
7,4,1,34.099,34.1,0.0010000000000047748
7,5,1,27.62,27.62,0.0
7,6,1,28.889,28.89,0.0010000000000012221
7,1,2,28.887,28.89,0.0030000000000001137
7,2,2,27.549,27.55,0.0010000000000012221
7,3,2,28.953,28.95,0.0030000000000001137
7,4,2,33.854,33.86,0.006000000000000227
7,5,2,27.384,27.39,0.006000000000000227
7,6,2,29.0,29.0,0.0
7,1,3,28.516,28.52,0.004000000000001336
7,2,3,27.396,27.4,0.003999999999997783
7,3,3,29.198,29.2,0.0019999999999988916
7,4,3,34.002,34.0,0.0020000000000024443
7,5,3,27.677,27.68,0.0030000000000001137
7,6,3,28.866,28.87,0.004000000000001336
7,1,4,28.541,28.54,0.0010000000000012221
7,2,4,27.323,27.32,0.0030000000000001137
7,3,4,28.804,28.8,0.003999999999997783
7,4,4,33.931,33.93,0.0009999999999976694
7,5,4,27.656,27.65,0.006000000000000227
7,6,4,28.984,28.99,0.005999999999996675
7,1,1,28.436,28.44,0.004000000000001336
7,2,1,27.282,27.28,0.0019999999999988916
7,3,1,29.131,29.13,0.0010000000000012221
7,4,1,34.22,34.22,0.0
7,5,1,27.855,27.86,0.004999999999999005
7,6,1,28.937,28.94,0.0030000000000001137
7,1,2,28.705,28.7,0.004999999999999005
7,2,2,27.574,27.57,0.004000000000001336
7,3,2,29.076,29.08,0.003999999999997783
7,4,2,34.127,34.13,0.0030000000000001137
7,5,2,27.804,27.8,0.003999999999997783
7,6,2,29.169,29.17,0.0010000000000012221
7,1,3,28.401,28.4,0.0010000000000012221
7,2,3,27.314,27.32,0.006000000000000227
7,3,3,28.955,28.96,0.005000000000002558
7,4,3,34.17,34.17,0.0
7,5,3,27.615,27.62,0.005000000000002558
7,6,3,28.858,28.86,0.0019999999999988916
7,1,4,28.26,28.25,0.010000000000001563
7,2,4,27.328,27.33,0.0019999999999988916
7,3,4,28.991,29.0,0.009000000000000341
7,4,4,34.106,34.11,0.003999999999997783
7,5,4,27.685,27.68,0.004999999999999005
7,6,4,28.869,28.87,0.0010000000000012221
7,1,1,28.666,28.67,0.004000000000001336
7,2,1,27.531,27.53,0.0009999999999976694
7,3,1,28.986,28.99,0.003999999999997783
7,4,1,34.176,34.18,0.003999999999997783
7,5,1,27.89,27.89,0.0
7,6,1,28.979,28.98,0.0010000000000012221
7,1,2,28.762,28.75,0.012000000000000455
7,2,2,27.447,27.45,0.0030000000000001137
7,3,2,29.032,29.03,0.0019999999999988916
7,4,2,33.84,33.84,0.0
7,5,2,27.462,27.46,0.0019999999999988916
7,6,2,29.107,29.11,0.0030000000000001137
7,1,3,28.477,28.47,0.0070000000000014495
7,2,3,27.477,27.48,0.0030000000000001137
7,3,3,29.227,29.22,0.0070000000000014495
7,4,3,34.017,34.02,0.0030000000000001137
7,5,3,27.77,27.77,0.0
7,6,3,29.112,29.11,0.0019999999999988916
7,1,4,28.278,28.27,0.007999999999999119
7,2,4,27.199,27.2,0.0009999999999976694
7,3,4,28.957,28.95,0.0070000000000014495
7,4,4,34.249,34.25,0.0009999999999976694
7,5,4,27.753,27.75,0.0030000000000001137
7,6,4,28.604,28.6,0.003999999999997783
7,1,1,28.504,28.51,0.006000000000000227
7,2,1,27.308,27.31,0.0019999999999988916
7,3,1,29.009,29.01,0.0010000000000012221
7,4,1,33.889,33.89,0.0009999999999976694
7,5,1,27.481,27.48,0.0010000000000012221
7,6,1,28.857,28.86,0.0030000000000001137
7,1,2,28.535,28.54,0.004999999999999005
7,2,2,27.354,27.36,0.006000000000000227
7,3,2,29.016,29.02,0.004000000000001336
7,4,2,34.033,34.03,0.0030000000000001137
7,5,2,27.722,27.72,0.0020000000000024443
7,6,2,29.153,29.15,0.0030000000000001137
7,1,3,28.45,28.45,0.0
7,2,3,27.324,27.33,0.005999999999996675
7,3,3,28.971,28.97,0.0010000000000012221
7,4,3,33.853,33.85,0.0030000000000001137
7,5,3,27.642,27.64,0.0019999999999988916
7,6,3,28.888,28.89,0.0019999999999988916
7,1,4,28.388,28.39,0.0019999999999988916
7,2,4,27.546,27.55,0.004000000000001336
7,3,4,29.516,29.51,0.005999999999996675
7,4,4,33.978,33.98,0.001999999999995339
7,5,4,27.539,27.54,0.0009999999999976694
7,6,4,29.334,29.33,0.004000000000001336
7,1,1,28.53,28.53,0.0
7,2,1,27.376,27.37,0.006000000000000227
7,3,1,29.205,29.2,0.004999999999999005
7,4,1,33.963,33.96,0.0030000000000001137
7,5,1,27.609,27.61,0.0009999999999976694
7,6,1,28.974,28.97,0.004000000000001336
7,1,2,28.273,28.27,0.0030000000000001137
7,2,2,27.27,27.27,0.0
7,3,2,28.928,28.93,0.0019999999999988916
7,4,2,34.085,34.08,0.005000000000002558
7,5,2,27.837,27.84,0.0030000000000001137
7,6,2,29.105,29.11,0.004999999999999005
7,1,3,28.457,28.46,0.0030000000000001137
7,2,3,27.476,27.48,0.004000000000001336
7,3,3,29.359,29.36,0.0009999999999976694
7,4,3,33.952,33.95,0.001999999999995339
7,5,3,27.425,27.42,0.004999999999999005
7,6,3,28.807,28.81,0.0030000000000001137
7,1,4,28.497,28.5,0.0030000000000001137
7,2,4,27.378,27.38,0.0019999999999988916
7,3,4,29.194,29.2,0.006000000000000227
7,4,4,34.116,34.12,0.003999999999997783
7,5,4,27.747,27.75,0.0030000000000001137
7,6,4,29.076,29.08,0.003999999999997783
7,1,1,28.514,28.51,0.003999999999997783
7,2,1,27.398,27.4,0.0019999999999988916
7,3,1,29.117,29.12,0.0030000000000001137
7,4,1,33.846,33.85,0.0040000000000048885
7,5,1,27.708,27.71,0.0020000000000024443
7,6,1,28.997,29.0,0.0030000000000001137
7,1,2,28.56,28.56,0.0
7,2,2,27.352,27.35,0.0019999999999988916
7,3,2,28.984,28.99,0.005999999999996675
7,4,2,34.175,34.18,0.005000000000002558
7,5,2,27.625,27.62,0.004999999999999005
7,6,2,28.864,28.87,0.006000000000000227
7,1,3,28.545,28.56,0.014999999999997016
7,2,3,27.448,27.45,0.0019999999999988916
7,3,3,29.186,29.19,0.004000000000001336
7,4,3,34.049,34.05,0.0009999999999976694
7,5,3,27.823,27.82,0.0030000000000001137
7,6,3,29.017,29.02,0.0030000000000001137
7,1,4,28.473,28.47,0.0030000000000001137
7,2,4,27.426,27.43,0.004000000000001336
7,3,4,29.152,29.15,0.0020000000000024443
7,4,4,33.975,33.98,0.0049999999999954525
7,5,4,27.712,27.71,0.0019999999999988916
7,6,4,28.986,28.99,0.003999999999997783
7,1,1,28.524,28.52,0.004000000000001336
7,2,1,27.41,27.41,0.0
7,3,1,29.179,29.18,0.0010000000000012221
7,4,1,33.968,33.97,0.001999999999995339
7,5,1,27.649,27.65,0.0009999999999976694
7,6,1,29.016,29.01,0.005999999999996675
7,1,2,28.563,28.56,0.0030000000000001137
7,2,2,27.488,27.49,0.0019999999999988916
7,3,2,28.957,28.96,0.0030000000000001137
7,4,2,34.117,34.12,0.0030000000000001137
7,5,2,27.444,27.44,0.003999999999997783
7,6,2,29.057,29.06,0.0030000000000001137
7,1,3,28.673,28.67,0.002999999999996561
7,2,3,27.645,27.65,0.004999999999999005
7,3,3,29.232,29.23,0.0019999999999988916
7,4,3,34.081,34.08,0.0010000000000047748
7,5,3,27.77,27.77,0.0
7,6,3,29.175,29.18,0.004999999999999005
7,1,4,28.901,28.9,0.0010000000000012221
7,2,4,27.567,27.57,0.0030000000000001137
7,3,4,28.975,28.98,0.004999999999999005
7,4,4,34.015,34.02,0.005000000000002558
7,5,4,27.713,27.71,0.0030000000000001137
7,6,4,29.305,29.3,0.004999999999999005
7,1,1,28.53,28.53,0.0
7,2,1,27.274,27.27,0.004000000000001336
7,3,1,28.832,28.83,0.0020000000000024443
7,4,1,34.004,34.01,0.006000000000000227
7,5,1,27.642,27.64,0.0019999999999988916
7,6,1,28.766,28.77,0.004000000000001336
7,1,2,28.596,28.6,0.004000000000001336
7,2,2,27.476,27.47,0.006000000000000227
7,3,2,29.126,29.13,0.003999999999997783
7,4,2,33.997,34.0,0.0030000000000001137
7,5,2,27.555,27.55,0.004999999999999005
7,6,2,29.1,29.1,0.0
7,1,3,28.428,28.43,0.0019999999999988916
7,2,3,27.435,27.43,0.004999999999999005
7,3,3,28.987,28.98,0.006999999999997897
7,4,3,33.95,33.95,0.0
7,5,3,27.486,27.48,0.006000000000000227
7,6,3,28.933,28.93,0.0030000000000001137
7,1,4,28.391,28.39,0.0009999999999976694
7,2,4,27.255,27.26,0.005000000000002558
7,3,4,29.147,29.15,0.0030000000000001137
7,4,4,33.966,33.97,0.003999999999997783
7,5,4,27.607,27.61,0.0030000000000001137
7,6,4,29.098,29.1,0.0020000000000024443
7,1,1,28.567,28.57,0.0030000000000001137
7,2,1,27.486,27.49,0.003999999999997783
7,3,1,29.05,29.05,0.0
7,4,1,33.996,33.99,0.006000000000000227
7,5,1,27.708,27.7,0.007999999999999119
7,6,1,28.947,28.95,0.0030000000000001137
7,1,2,28.395,28.4,0.004999999999999005
7,2,2,27.376,27.38,0.003999999999997783
7,3,2,29.017,29.01,0.006999999999997897
7,4,2,33.993,33.99,0.0030000000000001137
7,5,2,27.551,27.55,0.0009999999999976694
7,6,2,29.119,29.12,0.0010000000000012221
7,1,3,28.444,28.45,0.006000000000000227
7,2,3,27.359,27.36,0.0009999999999976694
7,3,3,28.923,28.92,0.002999999999996561
7,4,3,34.044,34.04,0.003999999999997783
7,5,3,27.781,27.78,0.0009999999999976694
7,6,3,28.948,28.95,0.0019999999999988916
7,1,4,28.582,28.59,0.007999999999999119
7,2,4,27.39,27.39,0.0
7,3,4,29.173,29.17,0.002999999999996561
7,4,4,34.082,34.08,0.0020000000000024443
7,5,4,27.48,27.48,0.0
7,6,4,29.073,29.07,0.0030000000000001137
7,1,1,28.339,28.34,0.0010000000000012221
7,2,1,27.339,27.34,0.0010000000000012221
7,3,1,29.126,29.12,0.006000000000000227
7,4,1,34.074,34.07,0.003999999999997783
7,5,1,27.574,27.57,0.004000000000001336
7,6,1,29.077,29.08,0.002999999999996561
7,1,2,28.455,28.46,0.005000000000002558
7,2,2,27.356,27.35,0.006000000000000227
7,3,2,29.017,29.01,0.006999999999997897
7,4,2,33.978,33.98,0.001999999999995339
7,5,2,27.749,27.75,0.0010000000000012221
7,6,2,28.963,28.96,0.0030000000000001137
7,1,3,28.434,28.43,0.004000000000001336
7,2,3,27.413,27.41,0.0030000000000001137
7,3,3,29.064,29.07,0.006000000000000227
7,4,3,34.249,34.25,0.0009999999999976694
7,5,3,27.894,27.89,0.003999999999997783
7,6,3,28.998,29.0,0.0019999999999988916
7,1,4,28.556,28.55,0.006000000000000227
7,2,4,27.466,27.46,0.006000000000000227
7,3,4,28.888,28.88,0.008000000000002672
7,4,4,34.027,34.03,0.0030000000000001137
7,5,4,27.705,27.7,0.004999999999999005
7,6,4,29.04,29.04,0.0
7,1,1,28.501,28.5,0.0010000000000012221
7,2,1,27.369,27.37,0.0010000000000012221
7,3,1,29.104,29.1,0.003999999999997783
7,4,1,34.211,34.21,0.0009999999999976694
7,5,1,27.754,27.75,0.004000000000001336
7,6,1,29.17,29.17,0.0
7,1,2,28.866,28.86,0.006000000000000227
7,2,2,27.615,27.62,0.005000000000002558
7,3,2,28.889,28.89,0.0010000000000012221
7,4,2,34.1,34.1,0.0
7,5,2,27.748,27.75,0.0019999999999988916
7,6,2,29.077,29.08,0.002999999999996561
7,1,3,28.442,28.44,0.0019999999999988916
7,2,3,27.439,27.44,0.0010000000000012221
7,3,3,29.069,29.07,0.0010000000000012221
7,4,3,33.955,33.95,0.0049999999999954525
7,5,3,27.669,27.67,0.0010000000000012221
7,6,3,28.9,28.9,0.0
7,1,4,28.282,28.28,0.0019999999999988916
7,2,4,27.185,27.19,0.005000000000002558
7,3,4,29.053,29.05,0.0030000000000001137
7,4,4,34.084,34.09,0.006000000000000227
7,5,4,27.627,27.63,0.0030000000000001137
7,6,4,28.993,28.99,0.0030000000000001137
7,1,1,28.74,28.74,0.0
7,2,1,27.572,27.57,0.0019999999999988916
7,3,1,29.326,29.33,0.003999999999997783
7,4,1,33.931,33.93,0.0009999999999976694
7,5,1,27.414,27.41,0.004000000000001336
7,6,1,29.084,29.08,0.004000000000001336
7,1,2,28.713,28.71,0.0030000000000001137
7,2,2,27.563,27.56,0.0030000000000001137
7,3,2,28.99,28.99,0.0
7,4,2,34.174,34.17,0.003999999999997783
7,5,2,27.792,27.79,0.0020000000000024443
7,6,2,29.025,29.02,0.004999999999999005
7,1,3,28.504,28.51,0.006000000000000227
7,2,3,27.483,27.48,0.0030000000000001137
7,3,3,29.442,29.44,0.0019999999999988916
7,4,3,34.043,34.05,0.006999999999997897
7,5,3,27.719,27.72,0.0009999999999976694
7,6,3,28.973,28.97,0.0030000000000001137
7,1,4,28.411,28.42,0.009000000000000341
7,2,4,27.235,27.23,0.004999999999999005
7,3,4,28.903,28.9,0.0030000000000001137
7,4,4,34.115,34.11,0.005000000000002558
7,5,4,27.697,27.7,0.0030000000000001137
7,6,4,28.807,28.81,0.0030000000000001137
7,1,1,28.345,28.35,0.005000000000002558
7,2,1,27.173,27.18,0.0070000000000014495
7,3,1,28.973,28.97,0.0030000000000001137
7,4,1,33.96,33.96,0.0
7,5,1,27.687,27.69,0.0030000000000001137
7,6,1,29.061,29.06,0.0010000000000012221
7,1,2,28.62,28.63,0.00999999999999801
7,2,2,27.494,27.5,0.006000000000000227
7,3,2,29.035,29.04,0.004999999999999005
7,4,2,33.874,33.87,0.0040000000000048885
7,5,2,27.641,27.64,0.0009999999999976694
7,6,2,28.968,28.97,0.0019999999999988916
7,1,3,28.695,28.69,0.004999999999999005
7,2,3,27.592,27.59,0.0019999999999988916
7,3,3,29.01,29.01,0.0
7,4,3,33.972,33.98,0.007999999999995566
7,5,3,27.3,27.3,0.0
7,6,3,28.952,28.95,0.0020000000000024443
7,1,4,28.394,28.39,0.003999999999997783
7,2,4,27.242,27.24,0.0020000000000024443
7,3,4,28.664,28.66,0.004000000000001336
7,4,4,34.283,34.28,0.0030000000000001137
7,5,4,27.678,27.68,0.0019999999999988916
7,6,4,28.884,28.88,0.004000000000001336
7,1,1,28.509,28.5,0.009000000000000341
7,2,1,27.388,27.39,0.0019999999999988916
7,3,1,29.393,29.39,0.0030000000000001137
7,4,1,33.869,33.87,0.0009999999999976694
7,5,1,27.732,27.73,0.0019999999999988916
7,6,1,28.967,28.97,0.0030000000000001137
7,1,2,28.54,28.54,0.0
7,2,2,27.432,27.43,0.0019999999999988916
7,3,2,29.151,29.15,0.0010000000000012221
7,4,2,34.004,34.0,0.003999999999997783
7,5,2,27.827,27.83,0.002999999999996561
7,6,2,29.106,29.11,0.003999999999997783
7,1,3,28.595,28.59,0.004999999999999005
7,2,3,27.483,27.48,0.0030000000000001137
7,3,3,29.109,29.11,0.0009999999999976694
7,4,3,33.993,33.99,0.0030000000000001137
7,5,3,27.556,27.56,0.003999999999997783
7,6,3,29.105,29.11,0.004999999999999005
7,1,4,28.371,28.37,0.0009999999999976694
7,2,4,27.246,27.25,0.004000000000001336
7,3,4,28.977,28.98,0.0030000000000001137
7,4,4,33.998,34.0,0.0020000000000024443
7,5,4,27.744,27.74,0.004000000000001336
7,6,4,28.793,28.79,0.0030000000000001137
7,1,1,28.584,28.58,0.004000000000001336
7,2,1,27.546,27.55,0.004000000000001336
7,3,1,29.094,29.09,0.004000000000001336
7,4,1,33.857,33.86,0.0030000000000001137
7,5,1,27.664,27.66,0.004000000000001336
7,6,1,29.097,29.09,0.0070000000000014495
7,1,2,28.471,28.47,0.0010000000000012221
7,2,2,27.428,27.43,0.0019999999999988916
7,3,2,29.002,29.01,0.008000000000002672
7,4,2,34.02,34.02,0.0
7,5,2,27.583,27.58,0.0030000000000001137
7,6,2,29.15,29.15,0.0
7,1,3,28.382,28.39,0.007999999999999119
7,2,3,27.377,27.38,0.0030000000000001137
7,3,3,28.924,28.93,0.006000000000000227
7,4,3,34.039,34.04,0.0009999999999976694
7,5,3,27.451,27.45,0.0010000000000012221
7,6,3,28.866,28.87,0.004000000000001336
7,1,4,28.457,28.46,0.0030000000000001137
7,2,4,27.366,27.37,0.004000000000001336
7,3,4,28.978,28.98,0.0019999999999988916
7,4,4,33.762,33.76,0.0020000000000024443
7,5,4,27.479,27.48,0.0010000000000012221
7,6,4,28.969,28.97,0.0009999999999976694
7,1,1,28.547,28.54,0.0070000000000014495
7,2,1,27.33,27.33,0.0
7,3,1,28.888,28.89,0.0019999999999988916
7,4,1,34.088,34.09,0.0020000000000024443
7,5,1,27.624,27.62,0.003999999999997783
7,6,1,29.059,29.06,0.0009999999999976694
7,1,2,28.587,28.59,0.0030000000000001137
7,2,2,27.409,27.41,0.0010000000000012221
7,3,2,29.01,29.01,0.0
7,4,2,33.708,33.71,0.0020000000000024443
7,5,2,27.609,27.61,0.0009999999999976694
7,6,2,28.883,28.88,0.0030000000000001137
7,1,3,28.538,28.53,0.007999999999999119
7,2,3,27.373,27.37,0.0030000000000001137
7,3,3,29.127,29.12,0.006999999999997897
7,4,3,33.886,33.89,0.003999999999997783
7,5,3,27.46,27.46,0.0
7,6,3,29.028,29.03,0.0020000000000024443
7,1,4,28.657,28.66,0.0030000000000001137
7,2,4,27.41,27.41,0.0
7,3,4,29.128,29.13,0.0019999999999988916
7,4,4,34.137,34.14,0.0030000000000001137
7,5,4,27.947,27.95,0.0030000000000001137
7,6,4,29.187,29.19,0.0030000000000001137
7,1,1,28.697,28.7,0.0030000000000001137
7,2,1,27.558,27.56,0.0019999999999988916
7,3,1,29.172,29.17,0.0019999999999988916
7,4,1,33.774,33.77,0.003999999999997783
7,5,1,27.597,27.6,0.0030000000000001137
7,6,1,28.928,28.93,0.0019999999999988916
7,1,2,28.362,28.38,0.018000000000000682
7,2,2,27.432,27.43,0.0019999999999988916
7,3,2,29.318,29.32,0.0019999999999988916
7,4,2,33.901,33.9,0.0010000000000047748
7,5,2,27.62,27.62,0.0
7,6,2,29.197,29.2,0.0030000000000001137
7,1,3,28.523,28.52,0.0030000000000001137
7,2,3,27.497,27.5,0.0030000000000001137
7,3,3,29.27,29.27,0.0
7,4,3,34.156,34.16,0.003999999999997783
7,5,3,27.698,27.7,0.0019999999999988916
7,6,3,29.042,29.04,0.0020000000000024443
7,1,4,28.679,28.69,0.011000000000002785
7,2,4,27.417,27.42,0.0030000000000001137
7,3,4,29.066,29.07,0.004000000000001336
7,4,4,33.918,33.92,0.0020000000000024443
7,5,4,27.441,27.44,0.0009999999999976694
7,6,4,28.964,28.96,0.003999999999997783
7,1,1,28.618,28.62,0.0020000000000024443
7,2,1,27.46,27.46,0.0
7,3,1,29.184,29.18,0.004000000000001336
7,4,1,33.904,33.91,0.005999999999993122
7,5,1,27.522,27.52,0.0019999999999988916
7,6,1,29.009,29.01,0.0010000000000012221
7,1,2,28.512,28.52,0.007999999999999119
7,2,2,27.333,27.33,0.0030000000000001137
7,3,2,28.99,29.0,0.010000000000001563
7,4,2,34.018,34.02,0.0020000000000024443
7,5,2,27.675,27.67,0.004999999999999005
7,6,2,28.869,28.87,0.0010000000000012221
7,1,3,28.199,28.2,0.0009999999999976694
7,2,3,27.26,27.26,0.0
7,3,3,29.217,29.22,0.0030000000000001137
7,4,3,33.921,33.92,0.0009999999999976694
7,5,3,27.263,27.27,0.006999999999997897
7,6,3,28.663,28.66,0.0030000000000001137
7,1,4,28.382,28.38,0.0020000000000024443
7,2,4,27.223,27.22,0.0030000000000001137
7,3,4,28.958,28.96,0.0020000000000024443
7,4,4,34.219,34.22,0.0009999999999976694
7,5,4,27.985,27.98,0.004999999999999005
7,6,4,29.021,29.02,0.0010000000000012221
8,1,1,28.619,28.61,0.009000000000000341
8,2,1,27.519,27.52,0.0010000000000012221
8,3,1,29.21,29.21,0.0
8,4,1,34.123,34.12,0.0030000000000001137
8,5,1,27.832,27.83,0.0020000000000024443
8,6,1,29.144,29.14,0.003999999999997783
8,1,2,28.539,28.53,0.009000000000000341
8,2,2,27.406,27.41,0.004000000000001336
8,3,2,29.202,29.2,0.0020000000000024443
8,4,2,34.203,34.2,0.0030000000000001137
8,5,2,27.686,27.69,0.004000000000001336
8,6,2,28.9,28.9,0.0
8,1,3,28.541,28.55,0.009000000000000341
8,2,3,27.481,27.48,0.0010000000000012221
8,3,3,28.988,28.99,0.0019999999999988916
8,4,3,34.122,34.12,0.0020000000000024443
8,5,3,27.753,27.75,0.0030000000000001137
8,6,3,28.908,28.91,0.0019999999999988916
8,1,4,28.454,28.45,0.004000000000001336
8,2,4,27.316,27.32,0.004000000000001336
8,3,4,28.787,28.78,0.006999999999997897
8,4,4,34.159,34.16,0.0009999999999976694
8,5,4,27.875,27.87,0.004999999999999005
8,6,4,28.981,28.98,0.0010000000000012221
8,1,1,28.447,28.44,0.006999999999997897
8,2,1,27.442,27.44,0.0019999999999988916
8,3,1,29.166,29.16,0.006000000000000227
8,4,1,33.964,33.97,0.006000000000000227
8,5,1,27.766,27.76,0.005999999999996675
8,6,1,29.125,29.12,0.004999999999999005
8,1,2,28.782,28.78,0.0019999999999988916
8,2,2,27.492,27.49,0.0020000000000024443
8,3,2,29.181,29.18,0.0010000000000012221
8,4,2,34.114,34.11,0.003999999999997783
8,5,2,27.69,27.69,0.0
8,6,2,29.044,29.04,0.004000000000001336
8,1,3,28.416,28.42,0.004000000000001336
8,2,3,27.446,27.45,0.003999999999997783
8,3,3,29.316,29.31,0.006000000000000227
8,4,3,34.105,34.11,0.005000000000002558
8,5,3,27.463,27.46,0.0030000000000001137
8,6,3,28.992,28.99,0.0020000000000024443
8,1,4,28.608,28.6,0.007999999999999119
8,2,4,27.471,27.47,0.0010000000000012221
8,3,4,29.219,29.22,0.0009999999999976694
8,4,4,34.027,34.03,0.0030000000000001137
8,5,4,27.814,27.81,0.004000000000001336
8,6,4,28.811,28.81,0.0010000000000012221
8,1,1,28.124,28.12,0.003999999999997783
8,2,1,27.375,27.37,0.004999999999999005
8,3,1,29.294,29.29,0.004000000000001336
8,4,1,33.857,33.86,0.0030000000000001137
8,5,1,27.555,27.55,0.004999999999999005
8,6,1,28.981,28.98,0.0010000000000012221
8,1,2,28.645,28.64,0.004999999999999005
8,2,2,27.485,27.49,0.004999999999999005
8,3,2,29.307,29.31,0.0030000000000001137
8,4,2,33.992,33.99,0.001999999999995339
8,5,2,27.481,27.48,0.0010000000000012221
8,6,2,28.799,28.8,0.0010000000000012221
8,1,3,28.286,28.28,0.006000000000000227
8,2,3,27.342,27.34,0.0019999999999988916
8,3,3,29.063,29.06,0.0030000000000001137
8,4,3,34.116,34.12,0.003999999999997783
8,5,3,27.813,27.81,0.0030000000000001137
8,6,3,29.09,29.09,0.0
8,1,4,28.621,28.62,0.0009999999999976694
8,2,4,27.42,27.42,0.0
8,3,4,28.973,28.97,0.0030000000000001137
8,4,4,33.833,33.83,0.0030000000000001137
8,5,4,27.073,27.15,0.07699999999999818
8,6,4,29.244,29.24,0.004000000000001336
8,1,1,28.386,28.39,0.004000000000001336
8,2,1,27.342,27.34,0.0019999999999988916
8,3,1,29.4,29.4,0.0
8,4,1,34.198,34.2,0.0020000000000024443
8,5,1,27.719,27.72,0.0009999999999976694
8,6,1,28.978,28.98,0.0019999999999988916
8,1,2,28.436,28.44,0.004000000000001336
8,2,2,27.415,27.42,0.005000000000002558
8,3,2,29.472,29.47,0.0020000000000024443
8,4,2,34.218,34.22,0.001999999999995339
8,5,2,27.685,27.68,0.004999999999999005
8,6,2,29.318,29.32,0.0019999999999988916
8,1,3,28.431,28.44,0.009000000000000341
8,2,3,27.428,27.43,0.0019999999999988916
8,3,3,29.083,29.08,0.0030000000000001137
8,4,3,33.862,33.86,0.0020000000000024443
8,5,3,27.406,27.41,0.004000000000001336
8,6,3,29.208,29.21,0.0020000000000024443
8,1,4,28.83,28.83,0.0
8,2,4,27.56,27.56,0.0
8,3,4,29.097,29.1,0.0030000000000001137
8,4,4,34.229,34.23,0.0009999999999976694
8,5,4,27.657,27.66,0.0030000000000001137
8,6,4,28.982,28.98,0.0019999999999988916
8,1,1,28.087,28.08,0.0070000000000014495
8,2,1,27.254,27.25,0.004000000000001336
8,3,1,28.805,28.8,0.004999999999999005
8,4,1,33.877,33.88,0.0030000000000001137
8,5,1,27.378,27.38,0.0019999999999988916
8,6,1,29.2,29.2,0.0
8,1,2,28.157,28.14,0.01699999999999946
8,2,2,27.293,27.28,0.012999999999998124
8,3,2,29.229,29.23,0.0010000000000012221
8,4,2,34.142,34.14,0.0020000000000024443
8,5,2,27.8,27.8,0.0
8,6,2,29.408,29.41,0.0019999999999988916
8,1,3,28.431,28.43,0.0010000000000012221
8,2,3,27.507,27.51,0.0030000000000001137
8,3,3,29.118,29.12,0.0020000000000024443
8,4,3,33.863,33.86,0.0030000000000001137
8,5,3,27.587,27.59,0.0030000000000001137
8,6,3,28.862,28.86,0.0019999999999988916
8,1,4,28.276,28.28,0.004000000000001336
8,2,4,27.331,27.33,0.0010000000000012221
8,3,4,29.006,29.01,0.004000000000001336
8,4,4,34.269,34.27,0.0010000000000047748
8,5,4,27.75,27.75,0.0
8,6,4,29.101,29.1,0.0009999999999976694
8,1,1,28.439,28.44,0.0010000000000012221
8,2,1,27.304,27.31,0.006000000000000227
8,3,1,29.043,29.04,0.0030000000000001137
8,4,1,34.099,34.1,0.0010000000000047748
8,5,1,27.914,27.91,0.004000000000001336
8,6,1,28.737,28.74,0.0030000000000001137
8,1,2,28.009,28.04,0.030999999999998806
8,2,2,27.064,27.07,0.006000000000000227
8,3,2,29.045,29.04,0.005000000000002558
8,4,2,34.079,34.08,0.0009999999999976694
8,5,2,27.785,27.78,0.004999999999999005
8,6,2,28.795,28.79,0.005000000000002558
8,1,3,28.626,28.61,0.01600000000000179
8,2,3,27.373,27.37,0.0030000000000001137
8,3,3,29.076,29.08,0.003999999999997783
8,4,3,34.046,34.05,0.003999999999997783
8,5,3,27.893,27.89,0.0030000000000001137
8,6,3,28.968,28.97,0.0019999999999988916
8,1,4,28.635,28.64,0.004999999999999005
8,2,4,27.442,27.44,0.0019999999999988916
8,3,4,28.902,28.89,0.012000000000000455
8,4,4,34.086,34.09,0.0040000000000048885
8,5,4,27.965,27.96,0.004999999999999005
8,6,4,29.108,29.11,0.0019999999999988916
8,1,1,28.699,28.7,0.0009999999999976694
8,2,1,27.5,27.5,0.0
8,3,1,28.964,28.96,0.003999999999997783
8,4,1,33.762,33.76,0.0020000000000024443
8,5,1,27.764,27.76,0.003999999999997783
8,6,1,28.862,28.86,0.0019999999999988916
8,1,2,28.659,28.65,0.009000000000000341
8,2,2,27.413,27.41,0.0030000000000001137
8,3,2,29.005,29.01,0.005000000000002558
8,4,2,34.032,34.04,0.008000000000002672
8,5,2,27.711,27.71,0.0009999999999976694
8,6,2,28.911,28.91,0.0010000000000012221
8,1,3,28.149,28.13,0.019000000000001904
8,2,3,27.211,27.21,0.0009999999999976694
8,3,3,29.021,29.02,0.0010000000000012221
8,4,3,33.992,33.99,0.001999999999995339
8,5,3,27.834,27.83,0.004000000000001336
8,6,3,29.251,29.25,0.0010000000000012221
8,1,4,28.557,28.56,0.0030000000000001137
8,2,4,27.622,27.62,0.0019999999999988916
8,3,4,28.986,28.99,0.003999999999997783
8,4,4,34.255,34.25,0.005000000000002558
8,5,4,28.038,28.04,0.0019999999999988916
8,6,4,28.868,28.87,0.0020000000000024443
8,1,1,28.224,28.25,0.0259999999999998
8,2,1,27.391,27.39,0.0009999999999976694
8,3,1,29.274,29.27,0.004000000000001336
8,4,1,33.918,33.92,0.0020000000000024443
8,5,1,27.902,27.9,0.0020000000000024443
8,6,1,29.121,29.12,0.0009999999999976694
8,1,2,28.407,28.4,0.0070000000000014495
8,2,2,27.303,27.3,0.0030000000000001137
8,3,2,29.186,29.18,0.006000000000000227
8,4,2,34.063,34.06,0.0030000000000001137
8,5,2,27.713,27.71,0.0030000000000001137
8,6,2,29.185,29.18,0.004999999999999005
8,1,3,28.624,28.62,0.003999999999997783
8,2,3,27.396,27.39,0.006000000000000227
8,3,3,29.028,29.03,0.0020000000000024443
8,4,3,34.251,34.25,0.0009999999999976694
8,5,3,27.898,27.9,0.0019999999999988916
8,6,3,29.022,29.02,0.0019999999999988916
8,1,4,28.561,28.56,0.0010000000000012221
8,2,4,27.571,27.57,0.0010000000000012221
8,3,4,29.124,29.12,0.003999999999997783
8,4,4,34.022,34.02,0.001999999999995339
8,5,4,27.416,27.42,0.004000000000001336
8,6,4,29.185,29.18,0.004999999999999005
8,1,1,28.54,28.54,0.0
8,2,1,27.374,27.37,0.003999999999997783
8,3,1,28.761,28.76,0.0009999999999976694
8,4,1,34.187,34.19,0.0030000000000001137
8,5,1,27.74,27.74,0.0
8,6,1,29.213,29.21,0.0030000000000001137
8,1,2,28.647,28.64,0.006999999999997897
8,2,2,27.456,27.46,0.004000000000001336
8,3,2,28.617,28.61,0.0070000000000014495
8,4,2,34.117,34.12,0.0030000000000001137
8,5,2,27.759,27.76,0.0010000000000012221
8,6,2,28.828,28.83,0.0019999999999988916
8,1,3,28.695,28.69,0.004999999999999005
8,2,3,27.516,27.52,0.004000000000001336
8,3,3,29.152,29.15,0.0020000000000024443
8,4,3,33.988,33.99,0.0020000000000024443
8,5,3,27.885,27.89,0.004999999999999005
8,6,3,29.106,29.11,0.003999999999997783
8,1,4,28.414,28.41,0.004000000000001336
8,2,4,27.428,27.43,0.0019999999999988916
8,3,4,29.138,29.13,0.008000000000002672
8,4,4,34.144,34.15,0.006000000000000227
8,5,4,27.699,27.7,0.0009999999999976694
8,6,4,29.022,29.02,0.0019999999999988916
8,1,1,28.362,28.36,0.0019999999999988916
8,2,1,27.467,27.47,0.0030000000000001137
8,3,1,29.387,29.39,0.0030000000000001137
8,4,1,34.048,34.05,0.001999999999995339
8,5,1,27.535,27.53,0.004999999999999005
8,6,1,29.053,29.05,0.0030000000000001137
8,1,2,28.199,28.21,0.010999999999999233
8,2,2,27.215,27.21,0.004999999999999005
8,3,2,28.812,28.81,0.0020000000000024443
8,4,2,34.204,34.2,0.003999999999997783
8,5,2,27.804,27.8,0.003999999999997783
8,6,2,29.066,29.07,0.004000000000001336
8,1,3,28.579,28.57,0.009000000000000341
8,2,3,27.355,27.36,0.004999999999999005
8,3,3,28.96,28.96,0.0
8,4,3,34.056,34.06,0.0040000000000048885
8,5,3,27.737,27.74,0.0030000000000001137
8,6,3,28.98,28.98,0.0
8,1,4,28.869,28.87,0.0010000000000012221
8,2,4,27.626,27.62,0.006000000000000227
8,3,4,28.936,28.95,0.013999999999999346
8,4,4,34.062,34.06,0.001999999999995339
8,5,4,27.645,27.64,0.004999999999999005
8,6,4,28.935,28.94,0.005000000000002558
8,1,1,28.614,28.61,0.004000000000001336
8,2,1,27.522,27.52,0.0019999999999988916
8,3,1,29.2,29.2,0.0
8,4,1,34.278,34.28,0.0020000000000024443
8,5,1,27.877,27.88,0.0030000000000001137
8,6,1,29.121,29.12,0.0009999999999976694
8,1,2,28.498,28.5,0.0019999999999988916
8,2,2,27.361,27.36,0.0010000000000012221
8,3,2,28.896,28.9,0.003999999999997783
8,4,2,34.073,34.07,0.0030000000000001137
8,5,2,27.699,27.7,0.0009999999999976694
8,6,2,28.933,28.93,0.0030000000000001137
8,1,3,28.775,28.77,0.004999999999999005
8,2,3,27.554,27.55,0.003999999999997783
8,3,3,29.117,29.12,0.0030000000000001137
8,4,3,34.046,34.05,0.003999999999997783
8,5,3,27.497,27.5,0.0030000000000001137
8,6,3,28.907,28.91,0.0030000000000001137
8,1,4,28.884,28.88,0.004000000000001336
8,2,4,27.61,27.61,0.0
8,3,4,29.217,29.21,0.006999999999997897
8,4,4,34.051,34.05,0.0010000000000047748
8,5,4,27.526,27.53,0.004000000000001336
8,6,4,29.168,29.17,0.0020000000000024443
8,1,1,28.439,28.43,0.009000000000000341
8,2,1,27.313,27.31,0.0030000000000001137
8,3,1,28.912,28.91,0.0019999999999988916
8,4,1,33.853,33.85,0.0030000000000001137
8,5,1,27.527,27.53,0.0030000000000001137
8,6,1,28.818,28.82,0.0019999999999988916
8,1,2,28.677,28.68,0.0030000000000001137
8,2,2,27.501,27.5,0.0010000000000012221
8,3,2,28.927,28.92,0.006999999999997897
8,4,2,34.247,34.25,0.0030000000000001137
8,5,2,27.606,27.6,0.006000000000000227
8,6,2,29.18,29.18,0.0
8,1,3,28.45,28.45,0.0
8,2,3,27.572,27.57,0.0019999999999988916
8,3,3,29.454,29.45,0.004000000000001336
8,4,3,34.04,34.04,0.0
8,5,3,27.688,27.69,0.0020000000000024443
8,6,3,28.548,28.55,0.0020000000000024443
8,1,4,28.662,28.67,0.008000000000002672
8,2,4,27.392,27.39,0.0019999999999988916
8,3,4,28.824,28.82,0.004000000000001336
8,4,4,34.097,34.1,0.0030000000000001137
8,5,4,27.873,27.87,0.0030000000000001137
8,6,4,28.976,28.98,0.004000000000001336
8,1,1,28.408,28.41,0.0019999999999988916
8,2,1,27.396,27.4,0.003999999999997783
8,3,1,28.735,28.73,0.004999999999999005
8,4,1,34.026,34.03,0.003999999999997783
8,5,1,27.789,27.79,0.0009999999999976694
8,6,1,29.172,29.17,0.0019999999999988916
8,1,2,28.416,28.42,0.004000000000001336
8,2,2,27.445,27.45,0.004999999999999005
8,3,2,29.082,29.08,0.0020000000000024443
8,4,2,34.144,34.14,0.003999999999997783
8,5,2,27.529,27.53,0.0010000000000012221
8,6,2,28.835,28.83,0.005000000000002558
8,1,3,28.485,28.48,0.004999999999999005
8,2,3,27.417,27.42,0.0030000000000001137
8,3,3,29.199,29.2,0.0009999999999976694
8,4,3,34.088,34.09,0.0020000000000024443
8,5,3,27.85,27.85,0.0
8,6,3,28.836,28.84,0.004000000000001336
8,1,4,28.484,28.48,0.004000000000001336
8,2,4,27.475,27.47,0.005000000000002558
8,3,4,28.926,28.92,0.005999999999996675
8,4,4,33.91,33.91,0.0
8,5,4,27.662,27.66,0.0019999999999988916
8,6,4,29.25,29.25,0.0
8,1,1,28.468,28.46,0.007999999999999119
8,2,1,27.409,27.41,0.0010000000000012221
8,3,1,29.024,29.03,0.006000000000000227
8,4,1,34.077,34.08,0.0030000000000001137
8,5,1,27.58,27.58,0.0
8,6,1,29.085,29.08,0.005000000000002558
8,1,2,28.441,28.44,0.0009999999999976694
8,2,2,27.318,27.32,0.0019999999999988916
8,3,2,29.043,29.04,0.0030000000000001137
8,4,2,33.806,33.81,0.0040000000000048885
8,5,2,27.666,27.66,0.006000000000000227
8,6,2,28.632,28.63,0.0020000000000024443
8,1,3,27.985,28.02,0.03500000000000014
8,2,3,27.026,27.03,0.004000000000001336
8,3,3,28.957,28.95,0.0070000000000014495
8,4,3,34.037,34.04,0.0030000000000001137
8,5,3,27.539,27.54,0.0009999999999976694
8,6,3,29.162,29.16,0.0019999999999988916
8,1,4,28.6,28.6,0.0
8,2,4,27.557,27.56,0.0030000000000001137
8,3,4,29.401,29.4,0.0010000000000012221
8,4,4,34.149,34.15,0.0009999999999976694
8,5,4,27.699,27.7,0.0009999999999976694
8,6,4,29.011,29.01,0.0009999999999976694
8,1,1,28.516,28.51,0.005999999999996675
8,2,1,27.459,27.46,0.0010000000000012221
8,3,1,29.011,29.01,0.0009999999999976694
8,4,1,33.856,33.85,0.006000000000000227
8,5,1,27.397,27.4,0.0030000000000001137
8,6,1,28.962,28.96,0.0019999999999988916
8,1,2,28.521,28.52,0.0010000000000012221
8,2,2,27.323,27.32,0.0030000000000001137
8,3,2,28.943,28.94,0.0030000000000001137
8,4,2,34.047,34.05,0.0030000000000001137
8,5,2,27.603,27.6,0.0030000000000001137
8,6,2,29.082,29.08,0.0020000000000024443
8,1,3,28.423,28.42,0.002999999999996561
8,2,3,27.301,27.3,0.0009999999999976694
8,3,3,28.545,28.54,0.005000000000002558
8,4,3,33.922,33.92,0.001999999999995339
8,5,3,27.596,27.6,0.004000000000001336
8,6,3,29.04,29.04,0.0
8,1,4,28.392,28.4,0.007999999999999119
8,2,4,27.427,27.43,0.0030000000000001137
8,3,4,29.004,29.0,0.004000000000001336
8,4,4,34.07,34.07,0.0
8,5,4,27.552,27.55,0.0019999999999988916
8,6,4,28.558,28.56,0.0019999999999988916
8,1,1,28.365,28.37,0.005000000000002558
8,2,1,27.405,27.41,0.004999999999999005
8,3,1,29.445,29.44,0.004999999999999005
8,4,1,34.101,34.1,0.0009999999999976694
8,5,1,27.662,27.66,0.0019999999999988916
8,6,1,29.163,29.16,0.0030000000000001137
8,1,2,28.473,28.47,0.0030000000000001137
8,2,2,27.375,27.38,0.004999999999999005
8,3,2,29.102,29.1,0.0019999999999988916
8,4,2,34.196,34.2,0.0040000000000048885
8,5,2,27.929,27.93,0.0010000000000012221
8,6,2,28.84,28.84,0.0
8,1,3,28.725,28.73,0.004999999999999005
8,2,3,27.592,27.59,0.0019999999999988916
8,3,3,28.977,28.98,0.0030000000000001137
8,4,3,34.171,34.17,0.0009999999999976694
8,5,3,27.809,27.81,0.0009999999999976694
8,6,3,29.11,29.11,0.0
8,1,4,28.783,28.78,0.0030000000000001137
8,2,4,27.337,27.34,0.0030000000000001137
8,3,4,29.198,29.19,0.007999999999999119
8,4,4,34.08,34.08,0.0
8,5,4,27.712,27.71,0.0019999999999988916
8,6,4,29.114,29.11,0.004000000000001336
8,1,1,28.344,28.34,0.004000000000001336
8,2,1,27.28,27.28,0.0
8,3,1,29.137,29.14,0.0030000000000001137
8,4,1,34.054,34.05,0.0040000000000048885
8,5,1,27.651,27.65,0.0010000000000012221
8,6,1,29.231,29.23,0.0010000000000012221
8,1,2,28.524,28.53,0.006000000000000227
8,2,2,27.431,27.43,0.0010000000000012221
8,3,2,29.153,29.15,0.0030000000000001137
8,4,2,34.062,34.06,0.001999999999995339
8,5,2,27.776,27.78,0.004000000000001336
8,6,2,29.052,29.05,0.0019999999999988916
8,1,3,28.225,28.22,0.005000000000002558
8,2,3,27.327,27.33,0.002999999999996561
8,3,3,28.918,28.92,0.0020000000000024443
8,4,3,34.212,34.21,0.0020000000000024443
8,5,3,27.86,27.86,0.0
8,6,3,28.896,28.9,0.003999999999997783
8,1,4,28.723,28.72,0.0030000000000001137
8,2,4,27.44,27.44,0.0
8,3,4,29.148,29.14,0.007999999999999119
8,4,4,34.104,34.11,0.006000000000000227
8,5,4,27.802,27.8,0.0019999999999988916
8,6,4,28.639,28.64,0.0010000000000012221
8,1,1,28.855,28.85,0.004999999999999005
8,2,1,27.545,27.55,0.004999999999999005
8,3,1,29.082,29.08,0.0020000000000024443
8,4,1,33.95,33.95,0.0
8,5,1,27.559,27.56,0.0009999999999976694
8,6,1,29.001,29.0,0.0010000000000012221
8,1,2,28.865,28.87,0.005000000000002558
8,2,2,27.588,27.59,0.0019999999999988916
8,3,2,29.303,29.3,0.0030000000000001137
8,4,2,34.011,34.01,0.0010000000000047748
8,5,2,27.644,27.64,0.003999999999997783
8,6,2,29.096,29.1,0.004000000000001336
8,1,3,28.372,28.37,0.0019999999999988916
8,2,3,27.17,27.17,0.0
8,3,3,29.112,29.11,0.0019999999999988916
8,4,3,33.855,33.86,0.005000000000002558
8,5,3,27.471,27.47,0.0010000000000012221
8,6,3,28.942,28.94,0.0019999999999988916
8,1,4,28.717,28.72,0.0030000000000001137
8,2,4,27.468,27.47,0.0019999999999988916
8,3,4,29.113,29.11,0.0030000000000001137
8,4,4,33.72,33.72,0.0
8,5,4,27.375,27.38,0.004999999999999005
8,6,4,28.752,28.75,0.0019999999999988916
8,1,1,28.767,28.77,0.0030000000000001137
8,2,1,27.492,27.49,0.0020000000000024443
8,3,1,29.106,29.12,0.013999999999999346
8,4,1,34.014,34.01,0.0040000000000048885
8,5,1,27.561,27.56,0.0010000000000012221
8,6,1,29.145,29.15,0.004999999999999005
8,1,2,28.61,28.61,0.0
8,2,2,27.503,27.5,0.0030000000000001137
8,3,2,29.116,29.11,0.006000000000000227
8,4,2,33.946,33.95,0.0040000000000048885
8,5,2,27.61,27.61,0.0
8,6,2,28.763,28.76,0.0030000000000001137
8,1,3,28.345,28.34,0.004999999999999005
8,2,3,27.284,27.29,0.006000000000000227
8,3,3,28.876,28.88,0.003999999999997783
8,4,3,34.105,34.1,0.0049999999999954525
8,5,3,27.694,27.69,0.003999999999997783
8,6,3,29.082,29.08,0.0020000000000024443
8,1,4,28.568,28.57,0.0019999999999988916
8,2,4,27.475,27.47,0.005000000000002558
8,3,4,29.077,29.08,0.002999999999996561
8,4,4,33.888,33.89,0.0020000000000024443
8,5,4,27.697,27.7,0.0030000000000001137
8,6,4,29.308,29.31,0.0019999999999988916
8,1,1,28.738,28.74,0.0019999999999988916
8,2,1,27.57,27.57,0.0
8,3,1,28.968,28.97,0.0019999999999988916
8,4,1,34.089,34.09,0.0010000000000047748
8,5,1,27.706,27.71,0.004000000000001336
8,6,1,29.145,29.15,0.004999999999999005
8,1,2,28.639,28.64,0.0010000000000012221
8,2,2,27.384,27.39,0.006000000000000227
8,3,2,29.255,29.25,0.004999999999999005
8,4,2,34.042,34.04,0.0020000000000024443
8,5,2,27.683,27.68,0.0030000000000001137
8,6,2,28.834,28.83,0.004000000000001336
8,1,3,28.458,28.46,0.0020000000000024443
8,2,3,27.482,27.48,0.0019999999999988916
8,3,3,29.277,29.28,0.0030000000000001137
8,4,3,34.248,34.25,0.0020000000000024443
8,5,3,27.8,27.8,0.0
8,6,3,29.029,29.03,0.0010000000000012221
8,1,4,28.373,28.38,0.006999999999997897
8,2,4,27.281,27.28,0.0009999999999976694
8,3,4,29.008,29.01,0.0020000000000024443
8,4,4,33.809,33.81,0.0010000000000047748
8,5,4,27.515,27.51,0.004999999999999005
8,6,4,29.09,29.09,0.0
9,1,1,28.509,28.51,0.0010000000000012221
9,2,1,27.391,27.39,0.0009999999999976694
9,3,1,29.002,29.0,0.0019999999999988916
9,4,1,34.036,34.04,0.003999999999997783
9,5,1,27.549,27.55,0.0010000000000012221
9,6,1,29.15,29.15,0.0
9,1,2,28.473,28.47,0.0030000000000001137
9,2,2,27.375,27.38,0.004999999999999005
9,3,2,28.905,28.9,0.005000000000002558
9,4,2,34.102,34.1,0.001999999999995339
9,5,2,27.565,27.57,0.004999999999999005
9,6,2,29.022,29.02,0.0019999999999988916
9,1,3,28.589,28.58,0.009000000000000341
9,2,3,27.592,27.59,0.0019999999999988916
9,3,3,29.246,29.24,0.006000000000000227
9,4,3,34.053,34.05,0.0030000000000001137
9,5,3,27.451,27.45,0.0010000000000012221
9,6,3,28.969,28.97,0.0009999999999976694
9,1,4,28.279,28.27,0.009000000000000341
9,2,4,27.328,27.33,0.0019999999999988916
9,3,4,29.261,29.25,0.010999999999999233
9,4,4,34.38,34.38,0.0
9,5,4,27.754,27.75,0.004000000000001336
9,6,4,29.195,29.19,0.004999999999999005
9,1,1,28.661,28.66,0.0010000000000012221
9,2,1,27.398,27.4,0.0019999999999988916
9,3,1,29.008,29.0,0.007999999999999119
9,4,1,34.062,34.06,0.001999999999995339
9,5,1,27.716,27.72,0.003999999999997783
9,6,1,29.077,29.08,0.002999999999996561
9,1,2,28.57,28.57,0.0
9,2,2,27.362,27.37,0.008000000000002672
9,3,2,28.813,28.82,0.0070000000000014495
9,4,2,34.098,34.1,0.0020000000000024443
9,5,2,27.711,27.71,0.0009999999999976694
9,6,2,28.889,28.89,0.0010000000000012221
9,1,3,28.424,28.43,0.006000000000000227
9,2,3,27.383,27.39,0.0070000000000014495
9,3,3,29.086,29.09,0.004000000000001336
9,4,3,34.132,34.13,0.001999999999995339
9,5,3,27.744,27.74,0.004000000000001336
9,6,3,29.021,29.02,0.0010000000000012221
9,1,4,28.327,28.33,0.002999999999996561
9,2,4,27.299,27.29,0.009000000000000341
9,3,4,28.911,28.91,0.0010000000000012221
9,4,4,34.255,34.26,0.0049999999999954525
9,5,4,27.911,27.91,0.0010000000000012221
9,6,4,29.081,29.08,0.0010000000000012221
9,1,1,28.704,28.7,0.004000000000001336
9,2,1,27.493,27.5,0.0070000000000014495
9,3,1,29.232,29.23,0.0019999999999988916
9,4,1,34.141,34.14,0.0009999999999976694
9,5,1,27.738,27.74,0.0019999999999988916
9,6,1,29.146,29.15,0.003999999999997783
9,1,2,28.575,28.57,0.004999999999999005
9,2,2,27.541,27.54,0.0010000000000012221
9,3,2,29.428,29.43,0.0019999999999988916
9,4,2,33.997,34.0,0.0030000000000001137
9,5,2,27.711,27.71,0.0009999999999976694
9,6,2,29.047,29.05,0.0030000000000001137
9,1,3,28.682,28.69,0.008000000000002672
9,2,3,27.475,27.48,0.004999999999999005
9,3,3,29.191,29.19,0.0009999999999976694
9,4,3,34.308,34.31,0.0020000000000024443
9,5,3,27.797,27.79,0.0070000000000014495
9,6,3,28.971,28.97,0.0010000000000012221
9,1,4,28.805,28.8,0.004999999999999005
9,2,4,27.559,27.56,0.0009999999999976694
9,3,4,28.98,28.98,0.0
9,4,4,34.032,34.03,0.001999999999995339
9,5,4,27.709,27.71,0.0010000000000012221
9,6,4,29.107,29.11,0.0030000000000001137
9,1,1,28.703,28.7,0.0030000000000001137
9,2,1,27.542,27.54,0.0020000000000024443
9,3,1,29.248,29.25,0.0019999999999988916
9,4,1,34.193,34.19,0.0030000000000001137
9,5,1,28.017,28.02,0.0030000000000001137
9,6,1,28.954,28.95,0.004000000000001336
9,1,2,28.956,28.95,0.006000000000000227
9,2,2,27.622,27.62,0.0019999999999988916
9,3,2,29.18,29.19,0.010000000000001563
9,4,2,34.045,34.05,0.0049999999999954525
9,5,2,27.837,27.84,0.0030000000000001137
9,6,2,28.927,28.93,0.0030000000000001137
9,1,3,28.613,28.61,0.0030000000000001137
9,2,3,27.501,27.5,0.0010000000000012221
9,3,3,29.27,29.27,0.0
9,4,3,34.29,34.29,0.0
9,5,3,27.982,27.98,0.0019999999999988916
9,6,3,29.235,29.24,0.004999999999999005
9,1,4,28.439,28.44,0.0010000000000012221
9,2,4,27.339,27.34,0.0010000000000012221
9,3,4,29.155,29.15,0.005000000000002558
9,4,4,34.067,34.07,0.0030000000000001137
9,5,4,27.663,27.67,0.0070000000000014495
9,6,4,28.627,28.63,0.0030000000000001137
9,1,1,28.577,28.58,0.002999999999996561
9,2,1,27.414,27.42,0.006000000000000227
9,3,1,29.33,29.32,0.00999999999999801
9,4,1,34.069,34.07,0.0009999999999976694
9,5,1,27.717,27.72,0.0030000000000001137
9,6,1,29.26,29.26,0.0
9,1,2,28.688,28.69,0.0020000000000024443
9,2,2,27.472,27.47,0.0020000000000024443
9,3,2,28.954,28.96,0.006000000000000227
9,4,2,34.177,34.18,0.0030000000000001137
9,5,2,27.65,27.65,0.0
9,6,2,29.091,29.09,0.0010000000000012221
9,1,3,28.813,28.82,0.0070000000000014495
9,2,3,27.605,27.6,0.004999999999999005
9,3,3,29.364,29.36,0.004000000000001336
9,4,3,34.042,34.04,0.0020000000000024443
9,5,3,27.898,27.9,0.0019999999999988916
9,6,3,28.827,28.83,0.002999999999996561
9,1,4,28.43,28.42,0.00999999999999801
9,2,4,27.48,27.48,0.0
9,3,4,29.52,29.52,0.0
9,4,4,34.162,34.16,0.0020000000000024443
9,5,4,27.615,27.62,0.005000000000002558
9,6,4,28.956,28.96,0.004000000000001336
9,1,1,28.796,28.8,0.004000000000001336
9,2,1,27.548,27.55,0.0020000000000024443
9,3,1,29.181,29.18,0.0010000000000012221
9,4,1,34.244,34.24,0.003999999999997783
9,5,1,27.916,27.92,0.004000000000001336
9,6,1,28.755,28.75,0.004999999999999005
9,1,2,28.623,28.63,0.006999999999997897
9,2,2,27.515,27.51,0.004999999999999005
9,3,2,29.177,29.18,0.0030000000000001137
9,4,2,34.239,34.24,0.0010000000000047748
9,5,2,27.787,27.79,0.0030000000000001137
9,6,2,29.258,29.26,0.0020000000000024443
9,1,3,28.694,28.69,0.003999999999997783
9,2,3,27.448,27.45,0.0019999999999988916
9,3,3,29.193,29.19,0.0030000000000001137
9,4,3,33.878,33.88,0.0020000000000024443
9,5,3,27.808,27.81,0.0019999999999988916
9,6,3,28.911,28.91,0.0010000000000012221
9,1,4,28.359,28.36,0.0009999999999976694
9,2,4,27.478,27.48,0.0019999999999988916
9,3,4,29.256,29.26,0.004000000000001336
9,4,4,34.134,34.13,0.003999999999997783
9,5,4,27.596,27.59,0.006000000000000227
9,6,4,28.991,28.99,0.0010000000000012221
9,1,1,28.358,28.36,0.0019999999999988916
9,2,1,27.511,27.51,0.0009999999999976694
9,3,1,29.381,29.38,0.0010000000000012221
9,4,1,33.993,33.99,0.0030000000000001137
9,5,1,27.784,27.78,0.003999999999997783
9,6,1,29.029,29.03,0.0010000000000012221
9,1,2,28.77,28.76,0.00999999999999801
9,2,2,27.486,27.49,0.003999999999997783
9,3,2,29.042,29.04,0.0020000000000024443
9,4,2,34.135,34.13,0.0049999999999954525
9,5,2,27.565,27.57,0.004999999999999005
9,6,2,29.45,29.45,0.0
9,1,3,28.766,28.77,0.004000000000001336
9,2,3,27.599,27.6,0.0010000000000012221
9,3,3,29.107,29.11,0.0030000000000001137
9,4,3,33.945,33.94,0.005000000000002558
9,5,3,27.357,27.36,0.0030000000000001137
9,6,3,29.097,29.1,0.0030000000000001137
9,1,4,28.669,28.67,0.0010000000000012221
9,2,4,27.487,27.48,0.006999999999997897
9,3,4,29.22,29.22,0.0
9,4,4,33.841,33.84,0.0009999999999976694
9,5,4,27.723,27.72,0.0030000000000001137
9,6,4,28.753,28.75,0.0030000000000001137
9,1,1,28.888,28.9,0.011999999999996902
9,2,1,27.72,27.72,0.0
9,3,1,29.34,29.33,0.010000000000001563
9,4,1,34.177,34.18,0.0030000000000001137
9,5,1,27.707,27.71,0.0030000000000001137
9,6,1,29.192,29.19,0.0019999999999988916
9,1,2,28.563,28.56,0.0030000000000001137
9,2,2,27.625,27.62,0.004999999999999005
9,3,2,29.25,29.25,0.0
9,4,2,34.197,34.2,0.0030000000000001137
9,5,2,27.945,27.94,0.004999999999999005
9,6,2,29.164,29.16,0.004000000000001336
9,1,3,28.557,28.57,0.013000000000001677
9,2,3,27.451,27.45,0.0010000000000012221
9,3,3,29.146,29.15,0.003999999999997783
9,4,3,34.051,34.05,0.0010000000000047748
9,5,3,27.683,27.68,0.0030000000000001137
9,6,3,29.05,29.05,0.0
9,1,4,28.448,28.46,0.012000000000000455
9,2,4,27.413,27.41,0.0030000000000001137
9,3,4,29.095,29.1,0.005000000000002558
9,4,4,34.133,34.13,0.0030000000000001137
9,5,4,27.605,27.61,0.004999999999999005
9,6,4,28.899,28.9,0.0009999999999976694
9,1,1,28.594,28.59,0.004000000000001336
9,2,1,27.618,27.62,0.0020000000000024443
9,3,1,29.203,29.2,0.0030000000000001137
9,4,1,34.12,34.12,0.0
9,5,1,27.8,27.8,0.0
9,6,1,28.935,28.94,0.005000000000002558
9,1,2,28.914,28.92,0.006000000000000227
9,2,2,27.555,27.56,0.004999999999999005
9,3,2,29.136,29.13,0.006000000000000227
9,4,2,34.401,34.4,0.0010000000000047748
9,5,2,28.067,28.07,0.0030000000000001137
9,6,2,29.094,29.09,0.004000000000001336
9,1,3,28.44,28.45,0.00999999999999801
9,2,3,27.321,27.32,0.0010000000000012221
9,3,3,29.244,29.24,0.004000000000001336
9,4,3,34.135,34.13,0.0049999999999954525
9,5,3,27.751,27.75,0.0010000000000012221
9,6,3,29.333,29.33,0.0030000000000001137
9,1,4,28.547,28.54,0.0070000000000014495
9,2,4,27.44,27.44,0.0
9,3,4,28.925,28.92,0.004999999999999005
9,4,4,34.172,34.17,0.001999999999995339
9,5,4,27.672,27.67,0.0019999999999988916
9,6,4,28.826,28.83,0.003999999999997783
9,1,1,28.626,28.63,0.003999999999997783
9,2,1,27.447,27.45,0.0030000000000001137
9,3,1,28.828,28.83,0.0019999999999988916
9,4,1,34.084,34.08,0.0040000000000048885
9,5,1,27.666,27.66,0.006000000000000227
9,6,1,28.886,28.89,0.004000000000001336
9,1,2,28.735,28.74,0.004999999999999005
9,2,2,27.455,27.45,0.004999999999999005
9,3,2,29.344,29.35,0.006000000000000227
9,4,2,34.158,34.16,0.001999999999995339
9,5,2,27.712,27.71,0.0019999999999988916
9,6,2,29.145,29.15,0.004999999999999005
9,1,3,28.182,28.16,0.021999999999998465
9,2,3,27.268,27.26,0.007999999999999119
9,3,3,29.54,29.53,0.00999999999999801
9,4,3,34.11,34.11,0.0
9,5,3,27.723,27.72,0.0030000000000001137
9,6,3,29.022,29.02,0.0019999999999988916
9,1,4,28.464,28.47,0.006000000000000227
9,2,4,27.374,27.37,0.003999999999997783
9,3,4,28.809,28.81,0.0009999999999976694
9,4,4,34.112,34.11,0.0020000000000024443
9,5,4,27.745,27.74,0.005000000000002558
9,6,4,28.979,28.98,0.0010000000000012221
9,1,1,28.81,28.81,0.0
9,2,1,27.609,27.61,0.0009999999999976694
9,3,1,29.327,29.32,0.0070000000000014495
9,4,1,34.027,34.03,0.0030000000000001137
9,5,1,27.49,27.49,0.0
9,6,1,29.127,29.13,0.0030000000000001137
9,1,2,28.697,28.7,0.0030000000000001137
9,2,2,27.502,27.5,0.0019999999999988916
9,3,2,29.15,29.15,0.0
9,4,2,34.216,34.22,0.003999999999997783
9,5,2,27.66,27.66,0.0
9,6,2,29.209,29.21,0.0010000000000012221
9,1,3,28.471,28.48,0.009000000000000341
9,2,3,27.388,27.39,0.0019999999999988916
9,3,3,29.257,29.26,0.0030000000000001137
9,4,3,34.053,34.05,0.0030000000000001137
9,5,3,27.723,27.73,0.0070000000000014495
9,6,3,29.068,29.07,0.0019999999999988916
9,1,4,28.742,28.75,0.007999999999999119
9,2,4,27.572,27.57,0.0019999999999988916
9,3,4,29.038,29.04,0.0019999999999988916
9,4,4,34.293,34.3,0.006999999999997897
9,5,4,27.792,27.79,0.0020000000000024443
9,6,4,28.972,28.97,0.0020000000000024443
9,1,1,28.545,28.55,0.004999999999999005
9,2,1,27.447,27.45,0.0030000000000001137
9,3,1,29.309,29.31,0.0009999999999976694
9,4,1,34.233,34.23,0.0030000000000001137
9,5,1,27.619,27.62,0.0010000000000012221
9,6,1,29.068,29.07,0.0019999999999988916
9,1,2,28.995,28.99,0.005000000000002558
9,2,2,27.627,27.62,0.006999999999997897
9,3,2,28.718,28.72,0.0019999999999988916
9,4,2,34.313,34.32,0.006999999999997897
9,5,2,27.86,27.86,0.0
9,6,2,29.316,29.32,0.004000000000001336
9,1,3,28.692,28.69,0.0019999999999988916
9,2,3,27.592,27.59,0.0019999999999988916
9,3,3,29.197,29.19,0.006999999999997897
9,4,3,34.035,34.03,0.0049999999999954525
9,5,3,27.637,27.64,0.0030000000000001137
9,6,3,29.092,29.09,0.0019999999999988916
9,1,4,28.525,28.51,0.014999999999997016
9,2,4,27.426,27.42,0.005999999999996675
9,3,4,29.024,29.03,0.006000000000000227
9,4,4,34.249,34.25,0.0009999999999976694
9,5,4,27.803,27.8,0.0030000000000001137
9,6,4,28.93,28.93,0.0
9,1,1,28.616,28.61,0.006000000000000227
9,2,1,27.564,27.56,0.004000000000001336
9,3,1,29.23,29.23,0.0
9,4,1,33.962,33.96,0.0020000000000024443
9,5,1,27.864,27.87,0.006000000000000227
9,6,1,29.142,29.14,0.0019999999999988916
9,1,2,28.465,28.47,0.004999999999999005
9,2,2,27.344,27.34,0.004000000000001336
9,3,2,29.049,29.05,0.0010000000000012221
9,4,2,33.901,33.9,0.0010000000000047748
9,5,2,27.614,27.61,0.004000000000001336
9,6,2,28.72,28.72,0.0
9,1,3,28.607,28.61,0.0030000000000001137
9,2,3,27.508,27.51,0.0020000000000024443
9,3,3,29.161,29.16,0.0010000000000012221
9,4,3,34.082,34.08,0.0020000000000024443
9,5,3,27.512,27.51,0.0019999999999988916
9,6,3,29.121,29.12,0.0009999999999976694
9,1,4,28.366,28.36,0.006000000000000227
9,2,4,27.347,27.35,0.0030000000000001137
9,3,4,29.284,29.29,0.006000000000000227
9,4,4,34.226,34.23,0.003999999999997783
9,5,4,27.912,27.91,0.0019999999999988916
9,6,4,29.126,29.13,0.003999999999997783
9,1,1,28.865,28.87,0.005000000000002558
9,2,1,27.641,27.64,0.0009999999999976694
9,3,1,29.263,29.26,0.0030000000000001137
9,4,1,34.278,34.28,0.0020000000000024443
9,5,1,27.822,27.82,0.0019999999999988916
9,6,1,29.264,29.26,0.003999999999997783
9,1,2,28.688,28.69,0.0020000000000024443
9,2,2,27.508,27.51,0.0020000000000024443
9,3,2,29.096,29.1,0.004000000000001336
9,4,2,34.141,34.14,0.0009999999999976694
9,5,2,27.734,27.73,0.004000000000001336
9,6,2,28.971,28.97,0.0010000000000012221
9,1,3,28.717,28.72,0.0030000000000001137
9,2,3,27.5,27.5,0.0
9,3,3,29.018,29.02,0.0019999999999988916
9,4,3,34.038,34.04,0.0020000000000024443
9,5,3,27.624,27.63,0.006000000000000227
9,6,3,28.877,28.88,0.0030000000000001137
9,1,4,28.784,28.78,0.003999999999997783
9,2,4,27.522,27.52,0.0019999999999988916
9,3,4,29.216,29.21,0.006000000000000227
9,4,4,34.319,34.32,0.0009999999999976694
9,5,4,28.081,28.08,0.0010000000000012221
9,6,4,28.778,28.78,0.0020000000000024443
9,1,1,28.809,28.8,0.009000000000000341
9,2,1,27.561,27.56,0.0010000000000012221
9,3,1,29.215,29.21,0.004999999999999005
9,4,1,34.158,34.16,0.001999999999995339
9,5,1,27.77,27.77,0.0
9,6,1,29.051,29.05,0.0009999999999976694
9,1,2,28.743,28.74,0.0030000000000001137
9,2,2,27.573,27.57,0.0030000000000001137
9,3,2,28.799,28.8,0.0010000000000012221
9,4,2,34.347,34.35,0.0030000000000001137
9,5,2,28.094,28.09,0.004000000000001336
9,6,2,29.164,29.16,0.004000000000001336
9,1,3,28.537,28.54,0.0030000000000001137
9,2,3,27.474,27.47,0.004000000000001336
9,3,3,29.193,29.19,0.0030000000000001137
9,4,3,34.119,34.12,0.0009999999999976694
9,5,3,27.544,27.54,0.004000000000001336
9,6,3,29.01,29.01,0.0
9,1,4,28.714,28.72,0.006000000000000227
9,2,4,27.524,27.52,0.004000000000001336
9,3,4,29.22,29.22,0.0
9,4,4,34.073,34.07,0.0030000000000001137
9,5,4,27.699,27.7,0.0009999999999976694
9,6,4,29.094,29.09,0.004000000000001336
9,1,1,28.642,28.64,0.0019999999999988916
9,2,1,27.522,27.52,0.0019999999999988916
9,3,1,29.422,29.43,0.007999999999999119
9,4,1,33.87,33.87,0.0
9,5,1,27.508,27.51,0.0020000000000024443
9,6,1,29.012,29.01,0.0019999999999988916
9,1,2,28.538,28.54,0.0019999999999988916
9,2,2,27.546,27.55,0.004000000000001336
9,3,2,29.067,29.07,0.0030000000000001137
9,4,2,34.435,34.44,0.0049999999999954525
9,5,2,27.898,27.9,0.0019999999999988916
9,6,2,29.145,29.15,0.004999999999999005
9,1,3,28.707,28.7,0.0070000000000014495
9,2,3,27.56,27.56,0.0
9,3,3,29.181,29.18,0.0010000000000012221
9,4,3,34.121,34.12,0.0010000000000047748
9,5,3,27.738,27.74,0.0019999999999988916
9,6,3,28.907,28.91,0.0030000000000001137
9,1,4,28.509,28.51,0.0010000000000012221
9,2,4,27.461,27.46,0.0009999999999976694
9,3,4,28.97,28.97,0.0
9,4,4,34.033,34.03,0.0030000000000001137
9,5,4,27.527,27.53,0.0030000000000001137
9,6,4,28.897,28.9,0.0030000000000001137
9,1,1,28.825,28.82,0.004999999999999005
9,2,1,27.582,27.58,0.0020000000000024443
9,3,1,29.406,29.4,0.006000000000000227
9,4,1,34.183,34.18,0.0030000000000001137
9,5,1,27.642,27.64,0.0019999999999988916
9,6,1,29.19,29.19,0.0
9,1,2,28.657,28.65,0.0070000000000014495
9,2,2,27.481,27.48,0.0010000000000012221
9,3,2,29.173,29.17,0.002999999999996561
9,4,2,34.262,34.26,0.0020000000000024443
9,5,2,27.774,27.77,0.004000000000001336
9,6,2,28.667,28.67,0.0030000000000001137
9,1,3,28.308,28.31,0.0019999999999988916
9,2,3,27.372,27.37,0.0019999999999988916
9,3,3,28.808,28.81,0.0019999999999988916
9,4,3,34.159,34.16,0.0009999999999976694
9,5,3,27.824,27.82,0.004000000000001336
9,6,3,28.946,28.95,0.003999999999997783
9,1,4,28.823,28.82,0.0030000000000001137
9,2,4,27.503,27.5,0.0030000000000001137
9,3,4,29.132,29.13,0.0020000000000024443
9,4,4,34.143,34.14,0.0030000000000001137
9,5,4,27.771,27.77,0.0010000000000012221
9,6,4,28.837,28.84,0.0030000000000001137
9,1,1,28.415,28.41,0.004999999999999005
9,2,1,27.421,27.42,0.0009999999999976694
9,3,1,29.194,29.19,0.003999999999997783
9,4,1,33.976,33.98,0.003999999999997783
9,5,1,27.679,27.68,0.0010000000000012221
9,6,1,28.863,28.86,0.0030000000000001137
9,1,2,28.667,28.66,0.0070000000000014495
9,2,2,27.465,27.47,0.004999999999999005
9,3,2,29.013,29.02,0.006999999999997897
9,4,2,34.166,34.17,0.0040000000000048885
9,5,2,27.743,27.74,0.0030000000000001137
9,6,2,28.85,28.85,0.0
9,1,3,28.299,28.29,0.009000000000000341
9,2,3,27.365,27.37,0.005000000000002558
9,3,3,29.104,29.1,0.003999999999997783
9,4,3,33.967,33.97,0.0030000000000001137
9,5,3,27.457,27.46,0.0030000000000001137
9,6,3,29.035,29.04,0.004999999999999005
9,1,4,28.177,28.2,0.022999999999999687
9,2,4,27.31,27.31,0.0
9,3,4,29.267,29.27,0.0030000000000001137
9,4,4,34.117,34.12,0.0030000000000001137
9,5,4,27.86,27.86,0.0
9,6,4,28.966,28.97,0.003999999999997783
9,1,1,28.752,28.75,0.0019999999999988916
9,2,1,27.517,27.52,0.0030000000000001137
9,3,1,29.338,29.34,0.0019999999999988916
9,4,1,34.104,34.1,0.003999999999997783
9,5,1,27.862,27.86,0.0019999999999988916
9,6,1,29.085,29.08,0.005000000000002558
9,1,2,28.99,29.0,0.010000000000001563
9,2,2,27.733,27.73,0.0030000000000001137
9,3,2,29.469,29.47,0.0009999999999976694
9,4,2,34.355,34.36,0.005000000000002558
9,5,2,27.795,27.8,0.004999999999999005
9,6,2,29.213,29.21,0.0030000000000001137
9,1,3,28.551,28.55,0.0009999999999976694
9,2,3,27.519,27.52,0.0010000000000012221
9,3,3,29.125,29.12,0.004999999999999005
9,4,3,34.274,34.27,0.003999999999997783
9,5,3,27.988,27.99,0.0019999999999988916
9,6,3,28.904,28.91,0.006000000000000227
9,1,4,28.573,28.58,0.006999999999997897
9,2,4,27.522,27.52,0.0019999999999988916
9,3,4,29.195,29.19,0.004999999999999005
9,4,4,34.039,34.04,0.0009999999999976694
9,5,4,27.658,27.66,0.0019999999999988916
9,6,4,29.22,29.22,0.0
9,1,1,28.564,28.56,0.004000000000001336
9,2,1,27.345,27.34,0.004999999999999005
9,3,1,28.943,28.94,0.0030000000000001137
9,4,1,34.149,34.15,0.0009999999999976694
9,5,1,27.922,27.92,0.0019999999999988916
9,6,1,29.128,29.13,0.0019999999999988916
9,1,2,28.564,28.57,0.006000000000000227
9,2,2,27.325,27.33,0.004999999999999005
9,3,2,28.949,28.95,0.0009999999999976694
9,4,2,34.071,34.07,0.0009999999999976694
9,5,2,27.662,27.66,0.0019999999999988916
9,6,2,29.115,29.11,0.004999999999999005
9,1,3,28.751,28.75,0.0010000000000012221
9,2,3,27.61,27.61,0.0
9,3,3,28.721,28.72,0.0010000000000012221
9,4,3,34.016,34.02,0.0040000000000048885
9,5,3,27.837,27.84,0.0030000000000001137
9,6,3,28.998,29.0,0.0019999999999988916
9,1,4,28.465,28.47,0.004999999999999005
9,2,4,27.344,27.35,0.006000000000000227
9,3,4,29.109,29.11,0.0009999999999976694
9,4,4,33.953,33.95,0.0030000000000001137
9,5,4,27.722,27.72,0.0020000000000024443
9,6,4,28.874,28.87,0.003999999999997783
10,1,1,28.966,28.97,0.003999999999997783
10,2,1,27.681,27.68,0.0010000000000012221
10,3,1,29.095,29.1,0.005000000000002558
10,4,1,34.244,34.24,0.003999999999997783
10,5,1,27.593,27.6,0.0070000000000014495
10,6,1,29.228,29.23,0.0019999999999988916
10,1,2,28.866,28.87,0.004000000000001336
10,2,2,27.655,27.66,0.004999999999999005
10,3,2,29.342,29.34,0.0019999999999988916
10,4,2,34.367,34.36,0.006999999999997897
10,5,2,28.099,28.1,0.0010000000000012221
10,6,2,29.006,29.01,0.004000000000001336
10,1,3,28.906,28.9,0.006000000000000227
10,2,3,27.714,27.71,0.003999999999997783
10,3,3,29.408,29.4,0.008000000000002672
10,4,3,34.077,34.08,0.0030000000000001137
10,5,3,27.679,27.68,0.0010000000000012221
10,6,3,29.283,29.28,0.0030000000000001137
10,1,4,28.761,28.76,0.0009999999999976694
10,2,4,27.643,27.64,0.0030000000000001137
10,3,4,29.195,29.2,0.004999999999999005
10,4,4,34.438,34.44,0.001999999999995339
10,5,4,27.835,27.84,0.004999999999999005
10,6,4,29.139,29.14,0.0010000000000012221
10,1,1,28.783,28.78,0.0030000000000001137
10,2,1,27.738,27.74,0.0019999999999988916
10,3,1,29.591,29.59,0.0010000000000012221
10,4,1,34.254,34.25,0.003999999999997783
10,5,1,28.002,28.0,0.0019999999999988916
10,6,1,29.044,29.05,0.006000000000000227
10,1,2,28.872,28.86,0.012000000000000455
10,2,2,27.724,27.72,0.004000000000001336
10,3,2,29.425,29.43,0.004999999999999005
10,4,2,34.476,34.48,0.003999999999997783
10,5,2,28.02,28.02,0.0
10,6,2,29.155,29.16,0.004999999999999005
10,1,3,28.653,28.65,0.0030000000000001137
10,2,3,27.57,27.57,0.0
10,3,3,29.209,29.21,0.0010000000000012221
10,4,3,34.361,34.36,0.0009999999999976694
10,5,3,28.027,28.03,0.0030000000000001137
10,6,3,29.176,29.18,0.004000000000001336
10,1,4,28.8,28.8,0.0
10,2,4,27.624,27.62,0.003999999999997783
10,3,4,29.372,29.37,0.0019999999999988916
10,4,4,34.351,34.35,0.0009999999999976694
10,5,4,27.881,27.88,0.0010000000000012221
10,6,4,28.855,28.86,0.004999999999999005
10,1,1,28.673,28.67,0.002999999999996561
10,2,1,27.544,27.55,0.006000000000000227
10,3,1,29.402,29.4,0.0020000000000024443
10,4,1,34.294,34.29,0.003999999999997783
10,5,1,27.849,27.85,0.0010000000000012221
10,6,1,29.025,29.02,0.004999999999999005
10,1,2,28.859,28.87,0.010999999999999233
10,2,2,27.884,27.88,0.004000000000001336
10,3,2,29.307,29.31,0.0030000000000001137
10,4,2,34.308,34.31,0.0020000000000024443
10,5,2,27.969,27.97,0.0009999999999976694
10,6,2,29.55,29.55,0.0
10,1,3,28.717,28.71,0.006999999999997897
10,2,3,27.553,27.55,0.0030000000000001137
10,3,3,29.294,29.29,0.004000000000001336
10,4,3,34.395,34.39,0.005000000000002558
10,5,3,28.044,28.04,0.004000000000001336
10,6,3,29.458,29.46,0.0020000000000024443
10,1,4,28.521,28.51,0.010999999999999233
10,2,4,27.585,27.58,0.005000000000002558
10,3,4,29.499,29.5,0.0010000000000012221
10,4,4,34.471,34.47,0.0009999999999976694
10,5,4,27.941,27.94,0.0009999999999976694
10,6,4,29.322,29.32,0.0019999999999988916
10,1,1,28.708,28.71,0.0020000000000024443
10,2,1,27.545,27.54,0.005000000000002558
10,3,1,29.211,29.21,0.0009999999999976694
10,4,1,34.329,34.33,0.0009999999999976694
10,5,1,27.933,27.94,0.0070000000000014495
10,6,1,29.345,29.34,0.004999999999999005
10,1,2,28.97,28.97,0.0
10,2,2,27.651,27.65,0.0010000000000012221
10,3,2,29.169,29.18,0.010999999999999233
10,4,2,34.142,34.14,0.0020000000000024443
10,5,2,27.711,27.71,0.0009999999999976694
10,6,2,29.157,29.16,0.0030000000000001137
10,1,3,28.918,28.92,0.0020000000000024443
10,2,3,27.675,27.67,0.004999999999999005
10,3,3,29.256,29.26,0.004000000000001336
10,4,3,34.424,34.42,0.003999999999997783
10,5,3,27.922,27.92,0.0019999999999988916
10,6,3,29.15,29.15,0.0
10,1,4,29.056,29.06,0.003999999999997783
10,2,4,27.839,27.84,0.0010000000000012221
10,3,4,29.484,29.49,0.005999999999996675
10,4,4,34.351,34.35,0.0009999999999976694
10,5,4,27.992,27.99,0.0020000000000024443
10,6,4,29.04,29.04,0.0
10,1,1,28.804,28.8,0.003999999999997783
10,2,1,27.647,27.65,0.0030000000000001137
10,3,1,29.029,29.03,0.0010000000000012221
10,4,1,34.486,34.48,0.006000000000000227
10,5,1,27.871,27.87,0.0009999999999976694
10,6,1,29.152,29.15,0.0020000000000024443
10,1,2,28.846,28.84,0.006000000000000227
10,2,2,27.632,27.64,0.007999999999999119
10,3,2,29.596,29.6,0.004000000000001336
10,4,2,34.361,34.36,0.0009999999999976694
10,5,2,27.996,28.0,0.004000000000001336
10,6,2,29.062,29.06,0.0020000000000024443
10,1,3,28.848,28.85,0.0020000000000024443
10,2,3,27.642,27.64,0.0019999999999988916
10,3,3,29.416,29.42,0.004000000000001336
10,4,3,34.315,34.31,0.0049999999999954525
10,5,3,27.802,27.8,0.0019999999999988916
10,6,3,29.329,29.33,0.0009999999999976694
10,1,4,28.809,28.81,0.0009999999999976694
10,2,4,27.823,27.82,0.0030000000000001137
10,3,4,29.53,29.53,0.0
10,4,4,34.282,34.28,0.001999999999995339
10,5,4,27.873,27.87,0.0030000000000001137
10,6,4,29.388,29.39,0.0019999999999988916
10,1,1,28.934,28.94,0.006000000000000227
10,2,1,27.689,27.69,0.0010000000000012221
10,3,1,29.476,29.48,0.004000000000001336
10,4,1,34.246,34.24,0.006000000000000227
10,5,1,27.856,27.86,0.003999999999997783
10,6,1,29.119,29.12,0.0010000000000012221
10,1,2,28.709,28.71,0.0010000000000012221
10,2,2,27.594,27.6,0.006000000000000227
10,3,2,29.249,29.25,0.0010000000000012221
10,4,2,34.326,34.33,0.003999999999997783
10,5,2,28.038,28.04,0.0019999999999988916
10,6,2,29.44,29.44,0.0
10,1,3,28.829,28.83,0.0009999999999976694
10,2,3,27.632,27.63,0.0020000000000024443
10,3,3,29.266,29.26,0.005999999999996675
10,4,3,34.298,34.3,0.001999999999995339
10,5,3,27.885,27.88,0.005000000000002558
10,6,3,28.987,28.98,0.006999999999997897
10,1,4,29.047,29.06,0.012999999999998124
10,2,4,27.935,27.93,0.004999999999999005
10,3,4,29.473,29.48,0.0070000000000014495
10,4,4,34.325,34.32,0.005000000000002558
10,5,4,27.908,27.91,0.0019999999999988916
10,6,4,29.086,29.09,0.004000000000001336
10,1,1,28.891,28.89,0.0009999999999976694
10,2,1,27.731,27.73,0.0010000000000012221
10,3,1,29.349,29.35,0.0010000000000012221
10,4,1,34.144,34.14,0.003999999999997783
10,5,1,27.953,27.96,0.0070000000000014495
10,6,1,29.175,29.17,0.004999999999999005
10,1,2,28.619,28.62,0.0010000000000012221
10,2,2,27.533,27.53,0.0030000000000001137
10,3,2,29.245,29.25,0.004999999999999005
10,4,2,34.231,34.23,0.0010000000000047748
10,5,2,27.991,27.99,0.0010000000000012221
10,6,2,29.018,29.02,0.0019999999999988916
10,1,3,28.821,28.82,0.0010000000000012221
10,2,3,27.673,27.67,0.002999999999996561
10,3,3,29.189,29.19,0.0010000000000012221
10,4,3,34.186,34.19,0.003999999999997783
10,5,3,27.904,27.91,0.006000000000000227
10,6,3,29.373,29.37,0.0030000000000001137
10,1,4,28.755,28.75,0.004999999999999005
10,2,4,27.584,27.59,0.006000000000000227
10,3,4,29.149,29.15,0.0009999999999976694
10,4,4,34.328,34.33,0.001999999999995339
10,5,4,27.992,27.99,0.0020000000000024443
10,6,4,29.078,29.08,0.0019999999999988916
10,1,1,29.004,29.01,0.006000000000000227
10,2,1,27.759,27.76,0.0010000000000012221
10,3,1,29.264,29.26,0.003999999999997783
10,4,1,34.418,34.42,0.0020000000000024443
10,5,1,27.99,27.99,0.0
10,6,1,29.15,29.15,0.0
10,1,2,28.867,28.87,0.0030000000000001137
10,2,2,27.808,27.81,0.0019999999999988916
10,3,2,29.427,29.42,0.006999999999997897
10,4,2,34.499,34.5,0.0009999999999976694
10,5,2,27.929,27.93,0.0010000000000012221
10,6,2,29.477,29.48,0.0030000000000001137
10,1,3,29.012,29.01,0.0019999999999988916
10,2,3,27.798,27.8,0.0020000000000024443
10,3,3,29.295,29.3,0.004999999999999005
10,4,3,34.392,34.39,0.0020000000000024443
10,5,3,28.095,28.1,0.005000000000002558
10,6,3,29.404,29.4,0.004000000000001336
10,1,4,28.755,28.76,0.005000000000002558
10,2,4,27.629,27.63,0.0009999999999976694
10,3,4,29.334,29.34,0.006000000000000227
10,4,4,34.296,34.3,0.003999999999997783
10,5,4,28.051,28.05,0.0009999999999976694
10,6,4,28.927,28.93,0.0030000000000001137
10,1,1,28.658,28.65,0.008000000000002672
10,2,1,27.587,27.58,0.0070000000000014495
10,3,1,29.147,29.14,0.006999999999997897
10,4,1,34.329,34.33,0.0009999999999976694
10,5,1,28.007,28.0,0.0070000000000014495
10,6,1,29.12,29.12,0.0
10,1,2,28.911,28.91,0.0010000000000012221
10,2,2,27.685,27.69,0.005000000000002558
10,3,2,29.329,29.33,0.0009999999999976694
10,4,2,34.325,34.32,0.005000000000002558
10,5,2,27.861,27.86,0.0010000000000012221
10,6,2,29.209,29.21,0.0010000000000012221
10,1,3,28.787,28.8,0.013000000000001677
10,2,3,27.604,27.61,0.006000000000000227
10,3,3,29.323,29.32,0.0030000000000001137
10,4,3,34.238,34.24,0.0020000000000024443
10,5,3,28.146,28.15,0.003999999999997783
10,6,3,29.313,29.31,0.0030000000000001137
10,1,4,28.756,28.76,0.004000000000001336
10,2,4,27.68,27.68,0.0
10,3,4,29.407,29.41,0.0030000000000001137
10,4,4,34.139,34.14,0.0009999999999976694
10,5,4,27.857,27.86,0.0030000000000001137
10,6,4,29.55,29.55,0.0
10,1,1,28.691,28.69,0.0009999999999976694
10,2,1,27.54,27.54,0.0
10,3,1,29.515,29.51,0.004999999999999005
10,4,1,34.148,34.15,0.001999999999995339
10,5,1,27.828,27.83,0.0019999999999988916
10,6,1,29.286,29.28,0.006000000000000227
10,1,2,28.817,28.82,0.0030000000000001137
10,2,2,27.612,27.61,0.0019999999999988916
10,3,2,29.508,29.51,0.0020000000000024443
10,4,2,34.167,34.17,0.0030000000000001137
10,5,2,27.934,27.93,0.004000000000001336
10,6,2,28.845,28.85,0.005000000000002558
10,1,3,28.969,28.96,0.009000000000000341
10,2,3,27.669,27.67,0.0010000000000012221
10,3,3,29.086,29.08,0.006000000000000227
10,4,3,34.503,34.5,0.0030000000000001137
10,5,3,28.115,28.12,0.005000000000002558
10,6,3,29.429,29.43,0.0010000000000012221
10,1,4,28.798,28.8,0.0020000000000024443
10,2,4,27.603,27.61,0.006999999999997897
10,3,4,29.148,29.15,0.0019999999999988916
10,4,4,34.496,34.5,0.003999999999997783
10,5,4,28.04,28.04,0.0
10,6,4,29.14,29.14,0.0
10,1,1,28.677,28.68,0.0030000000000001137
10,2,1,27.588,27.59,0.0019999999999988916
10,3,1,29.255,29.25,0.004999999999999005
10,4,1,34.358,34.36,0.0020000000000024443
10,5,1,27.913,27.91,0.0030000000000001137
10,6,1,29.551,29.55,0.0009999999999976694
10,1,2,28.611,28.6,0.010999999999999233
10,2,2,27.508,27.51,0.0020000000000024443
10,3,2,29.04,29.04,0.0
10,4,2,34.236,34.24,0.0040000000000048885
10,5,2,27.748,27.74,0.008000000000002672
10,6,2,28.863,28.86,0.0030000000000001137
10,1,3,28.511,28.51,0.0009999999999976694
10,2,3,27.538,27.53,0.007999999999999119
10,3,3,29.224,29.23,0.006000000000000227
10,4,3,34.065,34.07,0.005000000000002558
10,5,3,27.728,27.73,0.0019999999999988916
10,6,3,29.054,29.06,0.006000000000000227
10,1,4,28.801,28.81,0.009000000000000341
10,2,4,27.692,27.69,0.0019999999999988916
10,3,4,29.45,29.45,0.0
10,4,4,34.438,34.44,0.001999999999995339
10,5,4,27.962,27.97,0.007999999999999119
10,6,4,28.961,28.96,0.0009999999999976694
10,1,1,28.885,28.89,0.004999999999999005
10,2,1,27.743,27.74,0.0030000000000001137
10,3,1,29.185,29.19,0.005000000000002558
10,4,1,34.277,34.27,0.006999999999997897
10,5,1,27.998,28.0,0.0019999999999988916
10,6,1,28.946,28.95,0.003999999999997783
10,1,2,28.884,28.89,0.006000000000000227
10,2,2,27.65,27.65,0.0
10,3,2,29.378,29.37,0.007999999999999119
10,4,2,34.373,34.37,0.0030000000000001137
10,5,2,27.837,27.84,0.0030000000000001137
10,6,2,29.232,29.23,0.0019999999999988916
10,1,3,28.646,28.64,0.006000000000000227
10,2,3,27.581,27.58,0.0010000000000012221
10,3,3,29.214,29.21,0.003999999999997783
10,4,3,34.54,34.54,0.0
10,5,3,27.939,27.94,0.0010000000000012221
10,6,3,29.108,29.11,0.0019999999999988916
10,1,4,28.61,28.6,0.00999999999999801
10,2,4,27.529,27.53,0.0010000000000012221
10,3,4,29.202,29.2,0.0020000000000024443
10,4,4,34.2,34.2,0.0
10,5,4,27.657,27.66,0.0030000000000001137
10,6,4,29.288,29.29,0.0019999999999988916
10,1,1,28.912,28.91,0.0019999999999988916
10,2,1,27.779,27.78,0.0010000000000012221
10,3,1,29.329,29.33,0.0009999999999976694
10,4,1,34.321,34.32,0.0009999999999976694
10,5,1,27.867,27.87,0.0030000000000001137
10,6,1,29.189,29.19,0.0010000000000012221
10,1,2,28.942,28.95,0.007999999999999119
10,2,2,27.767,27.76,0.006999999999997897
10,3,2,29.317,29.31,0.0070000000000014495
10,4,2,34.238,34.24,0.0020000000000024443
10,5,2,27.829,27.83,0.0009999999999976694
10,6,2,29.32,29.32,0.0
10,1,3,28.958,28.96,0.0020000000000024443
10,2,3,27.69,27.69,0.0
10,3,3,29.492,29.49,0.0020000000000024443
10,4,3,34.287,34.29,0.0030000000000001137
10,5,3,27.898,27.9,0.0019999999999988916
10,6,3,28.988,28.99,0.0019999999999988916
10,1,4,28.944,28.94,0.003999999999997783
10,2,4,27.749,27.75,0.0010000000000012221
10,3,4,29.434,29.44,0.006000000000000227
10,4,4,34.182,34.18,0.0020000000000024443
10,5,4,27.779,27.78,0.0010000000000012221
10,6,4,29.248,29.25,0.0019999999999988916
10,1,1,28.528,28.52,0.007999999999999119
10,2,1,27.518,27.52,0.0019999999999988916
10,3,1,29.434,29.43,0.004000000000001336
10,4,1,34.223,34.22,0.0030000000000001137
10,5,1,27.979,27.98,0.0010000000000012221
10,6,1,29.38,29.38,0.0
10,1,2,28.755,28.76,0.005000000000002558
10,2,2,27.644,27.64,0.003999999999997783
10,3,2,29.45,29.44,0.00999999999999801
10,4,2,34.124,34.12,0.0040000000000048885
10,5,2,27.606,27.61,0.003999999999997783
10,6,2,29.372,29.37,0.0019999999999988916
10,1,3,28.871,28.88,0.009000000000000341
10,2,3,27.667,27.67,0.0030000000000001137
10,3,3,29.407,29.41,0.0030000000000001137
10,4,3,34.294,34.29,0.003999999999997783
10,5,3,28.139,28.14,0.0010000000000012221
10,6,3,29.17,29.17,0.0
10,1,4,29.124,29.12,0.003999999999997783
10,2,4,27.821,27.82,0.0010000000000012221
10,3,4,29.429,29.43,0.0010000000000012221
10,4,4,34.305,34.3,0.005000000000002558
10,5,4,28.073,28.07,0.0030000000000001137
10,6,4,29.305,29.31,0.004999999999999005
10,1,1,28.957,28.96,0.0030000000000001137
10,2,1,27.765,27.77,0.004999999999999005
10,3,1,29.489,29.48,0.009000000000000341
10,4,1,34.132,34.13,0.001999999999995339
10,5,1,27.647,27.65,0.0030000000000001137
10,6,1,28.964,28.96,0.003999999999997783
10,1,2,28.974,28.96,0.013999999999999346
10,2,2,27.694,27.7,0.006000000000000227
10,3,2,29.513,29.51,0.0030000000000001137
10,4,2,34.198,34.2,0.0020000000000024443
10,5,2,27.929,27.93,0.0010000000000012221
10,6,2,29.05,29.05,0.0
10,1,3,28.851,28.85,0.0009999999999976694
10,2,3,27.641,27.64,0.0009999999999976694
10,3,3,29.292,29.3,0.007999999999999119
10,4,3,34.352,34.35,0.001999999999995339
10,5,3,27.823,27.82,0.0030000000000001137
10,6,3,29.102,29.1,0.0019999999999988916
10,1,4,28.634,28.63,0.004000000000001336
10,2,4,27.563,27.56,0.0030000000000001137
10,3,4,29.303,29.31,0.006999999999997897
10,4,4,34.306,34.31,0.0040000000000048885
10,5,4,27.93,27.93,0.0
10,6,4,29.262,29.26,0.0019999999999988916
10,1,1,28.817,28.82,0.0030000000000001137
10,2,1,27.544,27.55,0.006000000000000227
10,3,1,29.268,29.27,0.0019999999999988916
10,4,1,34.489,34.49,0.0010000000000047748
10,5,1,28.04,28.04,0.0
10,6,1,29.15,29.15,0.0
10,1,2,28.871,28.86,0.010999999999999233
10,2,2,27.652,27.65,0.0020000000000024443
10,3,2,29.177,29.18,0.0030000000000001137
10,4,2,34.562,34.56,0.001999999999995339
10,5,2,28.101,28.1,0.0009999999999976694
10,6,2,29.29,29.29,0.0
10,1,3,28.877,28.88,0.0030000000000001137
10,2,3,27.725,27.72,0.005000000000002558
10,3,3,29.323,29.33,0.006999999999997897
10,4,3,34.41,34.41,0.0
10,5,3,27.787,27.79,0.0030000000000001137
10,6,3,29.094,29.09,0.004000000000001336
10,1,4,28.845,28.85,0.005000000000002558
10,2,4,27.805,27.81,0.004999999999999005
10,3,4,29.484,29.48,0.004000000000001336
10,4,4,34.518,34.52,0.0020000000000024443
10,5,4,28.124,28.13,0.006000000000000227
10,6,4,29.142,29.14,0.0019999999999988916
10,1,1,28.686,28.69,0.004000000000001336
10,2,1,27.494,27.5,0.006000000000000227
10,3,1,29.167,29.16,0.0070000000000014495
10,4,1,34.329,34.33,0.0009999999999976694
10,5,1,28.029,28.03,0.0010000000000012221
10,6,1,29.018,29.02,0.0019999999999988916
10,1,2,28.563,28.56,0.0030000000000001137
10,2,2,27.516,27.52,0.004000000000001336
10,3,2,29.3,29.31,0.00999999999999801
10,4,2,34.378,34.38,0.0020000000000024443
10,5,2,27.913,27.91,0.0030000000000001137
10,6,2,29.075,29.08,0.004999999999999005
10,1,3,28.766,28.76,0.005999999999996675
10,2,3,27.67,27.67,0.0
10,3,3,29.505,29.5,0.004999999999999005
10,4,3,34.203,34.2,0.0030000000000001137
10,5,3,27.769,27.77,0.0010000000000012221
10,6,3,29.363,29.36,0.0030000000000001137
10,1,4,29.2,29.2,0.0
10,2,4,27.833,27.83,0.0030000000000001137
10,3,4,29.264,29.27,0.006000000000000227
10,4,4,34.369,34.37,0.0009999999999976694
10,5,4,28.023,28.02,0.0030000000000001137
10,6,4,29.34,29.34,0.0
10,1,1,28.936,28.93,0.006000000000000227
10,2,1,27.567,27.57,0.0030000000000001137
10,3,1,29.259,29.26,0.0010000000000012221
10,4,1,34.196,34.19,0.006000000000000227
10,5,1,27.653,27.65,0.0030000000000001137
10,6,1,29.213,29.21,0.0030000000000001137
10,1,2,28.648,28.65,0.0019999999999988916
10,2,2,27.641,27.64,0.0009999999999976694
10,3,2,29.516,29.52,0.004000000000001336
10,4,2,34.252,34.25,0.0020000000000024443
10,5,2,27.901,27.9,0.0010000000000012221
10,6,2,29.373,29.37,0.0030000000000001137
10,1,3,28.853,28.86,0.006999999999997897
10,2,3,27.64,27.64,0.0
10,3,3,29.286,29.29,0.003999999999997783
10,4,3,34.191,34.19,0.0010000000000047748
10,5,3,27.76,27.76,0.0
10,6,3,29.355,29.35,0.004999999999999005
10,1,4,28.801,28.81,0.009000000000000341
10,2,4,27.649,27.65,0.0009999999999976694
10,3,4,29.17,29.18,0.00999999999999801
10,4,4,34.09,34.09,0.0
10,5,4,27.747,27.75,0.0030000000000001137
10,6,4,29.397,29.4,0.0030000000000001137
10,1,1,28.753,28.75,0.0030000000000001137
10,2,1,27.674,27.68,0.006000000000000227
10,3,1,29.407,29.41,0.0030000000000001137
10,4,1,34.224,34.23,0.006000000000000227
10,5,1,27.786,27.79,0.003999999999997783
10,6,1,29.136,29.14,0.004000000000001336
10,1,2,28.695,28.69,0.004999999999999005
10,2,2,27.632,27.63,0.0020000000000024443
10,3,2,29.431,29.43,0.0010000000000012221
10,4,2,34.359,34.36,0.0009999999999976694
10,5,2,27.836,27.84,0.004000000000001336
10,6,2,28.987,28.99,0.0030000000000001137
10,1,3,28.676,28.67,0.005999999999996675
10,2,3,27.586,27.58,0.006000000000000227
10,3,3,29.237,29.25,0.013000000000001677
10,4,3,34.283,34.28,0.0030000000000001137
10,5,3,27.774,27.77,0.004000000000001336
10,6,3,29.166,29.17,0.004000000000001336
10,1,4,28.617,28.63,0.012999999999998124
10,2,4,27.533,27.53,0.0030000000000001137
10,3,4,29.166,29.16,0.006000000000000227
10,4,4,34.228,34.23,0.001999999999995339
10,5,4,27.918,27.92,0.0020000000000024443
10,6,4,29.137,29.14,0.0030000000000001137
10,1,1,28.88,28.88,0.0
10,2,1,27.709,27.71,0.0010000000000012221
10,3,1,29.13,29.12,0.00999999999999801
10,4,1,34.483,34.48,0.0030000000000001137
10,5,1,28.126,28.13,0.003999999999997783
10,6,1,28.975,28.98,0.004999999999999005
10,1,2,28.608,28.62,0.012000000000000455
10,2,2,27.571,27.57,0.0010000000000012221
10,3,2,29.481,29.48,0.0010000000000012221
10,4,2,34.107,34.11,0.0030000000000001137
10,5,2,27.792,27.79,0.0020000000000024443
10,6,2,29.361,29.36,0.0010000000000012221
10,1,3,28.927,28.92,0.006999999999997897
10,2,3,27.685,27.69,0.005000000000002558
10,3,3,29.354,29.36,0.006000000000000227
10,4,3,34.261,34.26,0.0010000000000047748
10,5,3,27.779,27.78,0.0010000000000012221
10,6,3,29.194,29.19,0.003999999999997783
10,1,4,28.902,28.9,0.0020000000000024443
10,2,4,27.709,27.7,0.009000000000000341
10,3,4,29.37,29.36,0.010000000000001563
10,4,4,34.248,34.25,0.0020000000000024443
10,5,4,27.871,27.87,0.0009999999999976694
10,6,4,29.064,29.06,0.004000000000001336
11,1,1,28.747,28.74,0.0070000000000014495
11,2,1,27.752,27.75,0.0019999999999988916
11,3,1,29.153,29.15,0.0030000000000001137
11,4,1,34.564,34.56,0.003999999999997783
11,5,1,28.187,28.18,0.0070000000000014495
11,6,1,29.686,29.68,0.006000000000000227
11,1,2,28.888,28.89,0.0019999999999988916
11,2,2,27.768,27.77,0.0019999999999988916
11,3,2,29.678,29.68,0.0019999999999988916
11,4,2,34.557,34.56,0.0030000000000001137
11,5,2,27.943,27.94,0.0030000000000001137
11,6,2,29.197,29.2,0.0030000000000001137
11,1,3,28.998,28.99,0.008000000000002672
11,2,3,27.813,27.81,0.0030000000000001137
11,3,3,29.634,29.63,0.004000000000001336
11,4,3,34.611,34.61,0.0009999999999976694
11,5,3,28.111,28.11,0.0010000000000012221
11,6,3,29.436,29.44,0.004000000000001336
11,1,4,28.954,28.95,0.004000000000001336
11,2,4,27.819,27.82,0.0010000000000012221
11,3,4,29.609,29.6,0.009000000000000341
11,4,4,34.309,34.31,0.0010000000000047748
11,5,4,27.8,27.8,0.0
11,6,4,29.104,29.1,0.003999999999997783
11,1,1,29.23,29.23,0.0
11,2,1,27.971,27.97,0.0010000000000012221
11,3,1,29.574,29.58,0.005999999999996675
11,4,1,34.471,34.47,0.0009999999999976694
11,5,1,28.368,28.37,0.0020000000000024443
11,6,1,29.502,29.5,0.0019999999999988916
11,1,2,29.109,29.11,0.0009999999999976694
11,2,2,27.989,27.99,0.0009999999999976694
11,3,2,29.63,29.63,0.0
11,4,2,34.536,34.54,0.003999999999997783
11,5,2,28.302,28.3,0.0019999999999988916
11,6,2,29.248,29.25,0.0019999999999988916
11,1,3,28.933,28.94,0.0070000000000014495
11,2,3,27.829,27.83,0.0009999999999976694
11,3,3,29.618,29.61,0.007999999999999119
11,4,3,34.409,34.41,0.0009999999999976694
11,5,3,27.933,27.93,0.0030000000000001137
11,6,3,29.524,29.52,0.004000000000001336
11,1,4,28.938,28.94,0.0020000000000024443
11,2,4,27.824,27.82,0.004000000000001336
11,3,4,29.614,29.61,0.004000000000001336
11,4,4,34.548,34.55,0.001999999999995339
11,5,4,28.295,28.29,0.005000000000002558
11,6,4,29.066,29.07,0.004000000000001336
11,1,1,28.966,28.97,0.003999999999997783
11,2,1,27.909,27.91,0.0010000000000012221
11,3,1,29.511,29.51,0.0009999999999976694
11,4,1,34.73,34.73,0.0
11,5,1,28.195,28.19,0.004999999999999005
11,6,1,29.662,29.66,0.0019999999999988916
11,1,2,28.782,28.78,0.0019999999999988916
11,2,2,27.704,27.71,0.006000000000000227
11,3,2,29.635,29.63,0.005000000000002558
11,4,2,34.405,34.41,0.0049999999999954525
11,5,2,28.233,28.23,0.0030000000000001137
11,6,2,29.457,29.46,0.0030000000000001137
11,1,3,29.177,29.18,0.0030000000000001137
11,2,3,28.0,28.0,0.0
11,3,3,29.727,29.72,0.0070000000000014495
11,4,3,34.71,34.71,0.0
11,5,3,28.159,28.16,0.0010000000000012221
11,6,3,29.26,29.26,0.0
11,1,4,28.989,28.99,0.0009999999999976694
11,2,4,27.738,27.74,0.0019999999999988916
11,3,4,29.614,29.61,0.004000000000001336
11,4,4,34.641,34.64,0.0009999999999976694
11,5,4,28.394,28.39,0.003999999999997783
11,6,4,29.489,29.49,0.0009999999999976694
11,1,1,28.85,28.85,0.0
11,2,1,27.713,27.71,0.0030000000000001137
11,3,1,29.403,29.4,0.0030000000000001137
11,4,1,34.548,34.55,0.001999999999995339
11,5,1,28.141,28.14,0.0009999999999976694
11,6,1,29.355,29.35,0.004999999999999005
11,1,2,29.342,29.34,0.0019999999999988916
11,2,2,27.941,27.94,0.0009999999999976694
11,3,2,29.562,29.56,0.0020000000000024443
11,4,2,34.417,34.42,0.0030000000000001137
11,5,2,27.893,27.89,0.0030000000000001137
11,6,2,29.602,29.6,0.0019999999999988916
11,1,3,29.106,29.11,0.003999999999997783
11,2,3,27.994,27.99,0.004000000000001336
11,3,3,29.668,29.67,0.0020000000000024443
11,4,3,34.458,34.46,0.0020000000000024443
11,5,3,28.223,28.22,0.0030000000000001137
11,6,3,29.329,29.33,0.0009999999999976694
11,1,4,29.002,29.0,0.0019999999999988916
11,2,4,27.881,27.88,0.0010000000000012221
11,3,4,29.773,29.76,0.012999999999998124
11,4,4,34.542,34.54,0.0020000000000024443
11,5,4,28.135,28.14,0.004999999999999005
11,6,4,29.453,29.45,0.0030000000000001137
11,1,1,29.035,29.03,0.004999999999999005
11,2,1,27.859,27.86,0.0009999999999976694
11,3,1,29.606,29.6,0.006000000000000227
11,4,1,34.536,34.54,0.003999999999997783
11,5,1,28.089,28.09,0.0010000000000012221
11,6,1,29.56,29.56,0.0
11,1,2,28.81,28.81,0.0
11,2,2,27.836,27.84,0.004000000000001336
11,3,2,29.617,29.62,0.0030000000000001137
11,4,2,34.585,34.59,0.005000000000002558
11,5,2,28.482,28.48,0.0019999999999988916
11,6,2,29.411,29.41,0.0010000000000012221
11,1,3,28.988,28.98,0.007999999999999119
11,2,3,27.977,27.98,0.0030000000000001137
11,3,3,29.593,29.59,0.0030000000000001137
11,4,3,34.49,34.49,0.0
11,5,3,28.03,28.03,0.0
11,6,3,29.629,29.63,0.0009999999999976694
11,1,4,29.128,29.13,0.0019999999999988916
11,2,4,27.895,27.89,0.004999999999999005
11,3,4,29.546,29.54,0.006000000000000227
11,4,4,34.582,34.58,0.0020000000000024443
11,5,4,28.266,28.26,0.005999999999996675
11,6,4,29.213,29.21,0.0030000000000001137
11,1,1,29.313,29.31,0.0030000000000001137
11,2,1,28.064,28.06,0.004000000000001336
11,3,1,29.471,29.47,0.0010000000000012221
11,4,1,34.503,34.5,0.0030000000000001137
11,5,1,28.032,28.03,0.0019999999999988916
11,6,1,29.333,29.33,0.0030000000000001137
11,1,2,29.041,29.03,0.010999999999999233
11,2,2,27.877,27.88,0.0030000000000001137
11,3,2,29.815,29.81,0.005000000000002558
11,4,2,34.497,34.5,0.0030000000000001137
11,5,2,28.21,28.21,0.0
11,6,2,29.579,29.58,0.0009999999999976694
11,1,3,28.991,28.99,0.0010000000000012221
11,2,3,27.868,27.87,0.0020000000000024443
11,3,3,29.356,29.36,0.003999999999997783
11,4,3,34.555,34.55,0.005000000000002558
11,5,3,28.01,28.01,0.0
11,6,3,29.486,29.49,0.003999999999997783
11,1,4,28.867,28.86,0.0070000000000014495
11,2,4,27.733,27.73,0.0030000000000001137
11,3,4,29.331,29.33,0.0010000000000012221
11,4,4,34.404,34.4,0.0040000000000048885
11,5,4,28.023,28.02,0.0030000000000001137
11,6,4,29.553,29.55,0.0030000000000001137
11,1,1,28.954,28.95,0.004000000000001336
11,2,1,27.909,27.91,0.0010000000000012221
11,3,1,29.666,29.66,0.006000000000000227
11,4,1,34.375,34.38,0.005000000000002558
11,5,1,27.945,27.94,0.004999999999999005
11,6,1,29.424,29.42,0.003999999999997783
11,1,2,28.92,28.92,0.0
11,2,2,27.804,27.8,0.003999999999997783
11,3,2,29.693,29.69,0.0030000000000001137
11,4,2,34.356,34.36,0.003999999999997783
11,5,2,28.097,28.1,0.0030000000000001137
11,6,2,29.432,29.43,0.0019999999999988916
11,1,3,29.045,29.04,0.005000000000002558
11,2,3,27.834,27.83,0.004000000000001336
11,3,3,29.438,29.44,0.0020000000000024443
11,4,3,34.48,34.48,0.0
11,5,3,27.9,27.9,0.0
11,6,3,29.247,29.25,0.0030000000000001137
11,1,4,28.953,28.94,0.012999999999998124
11,2,4,27.785,27.78,0.004999999999999005
11,3,4,29.423,29.42,0.002999999999996561
11,4,4,34.524,34.52,0.003999999999997783
11,5,4,27.906,27.91,0.004000000000001336
11,6,4,29.095,29.1,0.005000000000002558
11,1,1,29.066,29.06,0.006000000000000227
11,2,1,27.858,27.86,0.0019999999999988916
11,3,1,29.589,29.59,0.0010000000000012221
11,4,1,34.644,34.64,0.003999999999997783
11,5,1,28.263,28.26,0.0030000000000001137
11,6,1,29.436,29.44,0.004000000000001336
11,1,2,29.029,29.03,0.0010000000000012221
11,2,2,28.066,28.07,0.004000000000001336
11,3,2,29.44,29.44,0.0
11,4,2,34.527,34.53,0.0030000000000001137
11,5,2,28.256,28.26,0.004000000000001336
11,6,2,29.567,29.57,0.0030000000000001137
11,1,3,28.832,28.84,0.007999999999999119
11,2,3,27.703,27.7,0.0030000000000001137
11,3,3,29.633,29.63,0.0030000000000001137
11,4,3,34.625,34.63,0.005000000000002558
11,5,3,28.271,28.27,0.0010000000000012221
11,6,3,29.38,29.38,0.0
11,1,4,28.909,28.91,0.0010000000000012221
11,2,4,27.913,27.91,0.0030000000000001137
11,3,4,29.599,29.6,0.0010000000000012221
11,4,4,34.31,34.31,0.0
11,5,4,28.189,28.19,0.0010000000000012221
11,6,4,29.222,29.22,0.0020000000000024443
11,1,1,29.136,29.14,0.004000000000001336
11,2,1,27.994,27.99,0.004000000000001336
11,3,1,29.57,29.57,0.0
11,4,1,34.707,34.7,0.006999999999997897
11,5,1,28.257,28.26,0.0030000000000001137
11,6,1,29.226,29.23,0.004000000000001336
11,1,2,28.839,28.83,0.009000000000000341
11,2,2,27.825,27.83,0.004999999999999005
11,3,2,29.465,29.46,0.004999999999999005
11,4,2,34.493,34.49,0.0030000000000001137
11,5,2,28.199,28.2,0.0009999999999976694
11,6,2,29.302,29.3,0.0019999999999988916
11,1,3,29.173,29.17,0.002999999999996561
11,2,3,27.824,27.82,0.004000000000001336
11,3,3,29.649,29.65,0.0009999999999976694
11,4,3,34.672,34.67,0.001999999999995339
11,5,3,28.168,28.17,0.0020000000000024443
11,6,3,29.118,29.12,0.0020000000000024443
11,1,4,29.104,29.1,0.003999999999997783
11,2,4,27.824,27.82,0.004000000000001336
11,3,4,29.421,29.42,0.0009999999999976694
11,4,4,34.633,34.63,0.0030000000000001137
11,5,4,27.922,27.92,0.0019999999999988916
11,6,4,29.345,29.35,0.005000000000002558
11,1,1,28.806,28.81,0.003999999999997783
11,2,1,27.713,27.71,0.0030000000000001137
11,3,1,29.253,29.25,0.0030000000000001137
11,4,1,34.451,34.45,0.0009999999999976694
11,5,1,28.146,28.15,0.003999999999997783
11,6,1,29.591,29.59,0.0010000000000012221
11,1,2,29.276,29.26,0.015999999999998238
11,2,2,27.913,27.91,0.0030000000000001137
11,3,2,29.153,29.15,0.0030000000000001137
11,4,2,34.477,34.48,0.0030000000000001137
11,5,2,28.241,28.24,0.0010000000000012221
11,6,2,29.642,29.64,0.0019999999999988916
11,1,3,29.0,29.0,0.0
11,2,3,27.865,27.86,0.004999999999999005
11,3,3,29.291,29.29,0.0010000000000012221
11,4,3,34.675,34.68,0.005000000000002558
11,5,3,28.148,28.15,0.0019999999999988916
11,6,3,29.514,29.51,0.003999999999997783
11,1,4,29.336,29.33,0.006000000000000227
11,2,4,27.993,27.99,0.0030000000000001137
11,3,4,29.33,29.33,0.0
11,4,4,34.364,34.36,0.003999999999997783
11,5,4,28.284,28.28,0.003999999999997783
11,6,4,29.442,29.44,0.0019999999999988916
11,1,1,28.974,28.98,0.006000000000000227
11,2,1,27.976,27.97,0.006000000000000227
11,3,1,29.732,29.73,0.0019999999999988916
11,4,1,34.678,34.68,0.0020000000000024443
11,5,1,28.377,28.38,0.0030000000000001137
11,6,1,29.359,29.36,0.0009999999999976694
11,1,2,28.913,28.92,0.0070000000000014495
11,2,2,27.857,27.85,0.006999999999997897
11,3,2,29.521,29.53,0.009000000000000341
11,4,2,34.557,34.56,0.0030000000000001137
11,5,2,28.119,28.12,0.0010000000000012221
11,6,2,29.495,29.49,0.005000000000002558
11,1,3,28.896,28.89,0.006000000000000227
11,2,3,27.757,27.76,0.0030000000000001137
11,3,3,29.334,29.34,0.006000000000000227
11,4,3,34.586,34.59,0.0040000000000048885
11,5,3,28.118,28.12,0.0020000000000024443
11,6,3,29.551,29.55,0.0009999999999976694
11,1,4,29.087,29.09,0.0030000000000001137
11,2,4,27.836,27.83,0.006000000000000227
11,3,4,29.395,29.4,0.004999999999999005
11,4,4,34.303,34.3,0.0030000000000001137
11,5,4,28.05,28.05,0.0
11,6,4,29.263,29.26,0.0030000000000001137
11,1,1,29.009,29.0,0.009000000000000341
11,2,1,27.826,27.83,0.003999999999997783
11,3,1,29.665,29.67,0.005000000000002558
11,4,1,34.549,34.55,0.0009999999999976694
11,5,1,28.193,28.19,0.0030000000000001137
11,6,1,29.19,29.19,0.0
11,1,2,28.846,28.84,0.006000000000000227
11,2,2,27.86,27.86,0.0
11,3,2,29.66,29.66,0.0
11,4,2,34.502,34.5,0.0020000000000024443
11,5,2,28.233,28.23,0.0030000000000001137
11,6,2,29.632,29.63,0.0020000000000024443
11,1,3,29.003,29.0,0.0030000000000001137
11,2,3,28.029,28.03,0.0010000000000012221
11,3,3,29.874,29.87,0.003999999999997783
11,4,3,34.538,34.54,0.0020000000000024443
11,5,3,28.154,28.16,0.006000000000000227
11,6,3,29.71,29.71,0.0
11,1,4,29.059,29.06,0.0009999999999976694
11,2,4,27.873,27.87,0.0030000000000001137
11,3,4,29.575,29.58,0.004999999999999005
11,4,4,34.678,34.68,0.0020000000000024443
11,5,4,28.246,28.25,0.004000000000001336
11,6,4,29.178,29.18,0.0019999999999988916
11,1,1,28.883,28.89,0.0070000000000014495
11,2,1,27.93,27.93,0.0
11,3,1,29.912,29.9,0.012000000000000455
11,4,1,34.705,34.71,0.005000000000002558
11,5,1,28.433,28.43,0.0030000000000001137
11,6,1,29.574,29.57,0.004000000000001336
11,1,2,28.932,28.94,0.008000000000002672
11,2,2,27.78,27.78,0.0
11,3,2,29.616,29.63,0.013999999999999346
11,4,2,34.208,34.21,0.0020000000000024443
11,5,2,27.882,27.88,0.0020000000000024443
11,6,2,29.449,29.45,0.0009999999999976694
11,1,3,28.704,28.7,0.004000000000001336
11,2,3,27.744,27.74,0.004000000000001336
11,3,3,29.552,29.55,0.0019999999999988916
11,4,3,34.53,34.53,0.0
11,5,3,28.017,28.02,0.0030000000000001137
11,6,3,29.412,29.41,0.0019999999999988916
11,1,4,28.987,28.99,0.0030000000000001137
11,2,4,27.885,27.89,0.004999999999999005
11,3,4,29.471,29.48,0.009000000000000341
11,4,4,34.712,34.71,0.0020000000000024443
11,5,4,28.232,28.23,0.0019999999999988916
11,6,4,29.536,29.53,0.006000000000000227
11,1,1,29.01,29.0,0.010000000000001563
11,2,1,27.868,27.87,0.0020000000000024443
11,3,1,29.655,29.65,0.005000000000002558
11,4,1,34.524,34.52,0.003999999999997783
11,5,1,28.102,28.1,0.0019999999999988916
11,6,1,29.24,29.24,0.0
11,1,2,29.088,29.09,0.0019999999999988916
11,2,2,27.915,27.92,0.005000000000002558
11,3,2,29.583,29.58,0.0030000000000001137
11,4,2,34.55,34.55,0.0
11,5,2,28.053,28.05,0.0030000000000001137
11,6,2,29.309,29.31,0.0009999999999976694
11,1,3,29.3,29.3,0.0
11,2,3,27.941,27.94,0.0009999999999976694
11,3,3,29.459,29.46,0.0010000000000012221
11,4,3,34.586,34.59,0.0040000000000048885
11,5,3,28.291,28.29,0.0010000000000012221
11,6,3,29.258,29.26,0.0020000000000024443
11,1,4,29.214,29.21,0.003999999999997783
11,2,4,27.904,27.9,0.004000000000001336
11,3,4,29.422,29.42,0.0019999999999988916
11,4,4,34.656,34.66,0.003999999999997783
11,5,4,28.243,28.24,0.0030000000000001137
11,6,4,29.356,29.35,0.006000000000000227
11,1,1,29.323,29.32,0.0030000000000001137
11,2,1,27.962,27.97,0.007999999999999119
11,3,1,29.524,29.53,0.006000000000000227
11,4,1,34.585,34.59,0.005000000000002558
11,5,1,28.054,28.05,0.003999999999997783
11,6,1,29.408,29.41,0.0019999999999988916
11,1,2,29.12,29.12,0.0
11,2,2,27.984,27.98,0.004000000000001336
11,3,2,29.57,29.57,0.0
11,4,2,34.405,34.41,0.0049999999999954525
11,5,2,28.13,28.13,0.0
11,6,2,29.681,29.68,0.0010000000000012221
11,1,3,28.97,28.98,0.010000000000001563
11,2,3,28.105,28.1,0.004999999999999005
11,3,3,29.774,29.77,0.004000000000001336
11,4,3,34.646,34.65,0.003999999999997783
11,5,3,28.127,28.13,0.0030000000000001137
11,6,3,29.586,29.59,0.004000000000001336
11,1,4,28.934,28.94,0.006000000000000227
11,2,4,27.882,27.88,0.0020000000000024443
11,3,4,29.57,29.57,0.0
11,4,4,34.421,34.42,0.0009999999999976694
11,5,4,28.182,28.18,0.0019999999999988916
11,6,4,29.339,29.34,0.0010000000000012221
11,1,1,28.949,28.95,0.0009999999999976694
11,2,1,27.716,27.72,0.003999999999997783
11,3,1,29.458,29.46,0.0020000000000024443
11,4,1,34.409,34.41,0.0009999999999976694
11,5,1,28.208,28.21,0.0020000000000024443
11,6,1,29.3,29.3,0.0
11,1,2,29.075,29.08,0.004999999999999005
11,2,2,27.869,27.87,0.0010000000000012221
11,3,2,29.686,29.69,0.004000000000001336
11,4,2,34.681,34.68,0.0009999999999976694
11,5,2,28.195,28.2,0.004999999999999005
11,6,2,29.462,29.46,0.0019999999999988916
11,1,3,29.312,29.38,0.06799999999999784
11,2,3,27.926,27.93,0.004000000000001336
11,3,3,29.379,29.38,0.0009999999999976694
11,4,3,34.427,34.43,0.0030000000000001137
11,5,3,27.955,27.95,0.004999999999999005
11,6,3,29.397,29.39,0.006999999999997897
11,1,4,28.957,28.96,0.0030000000000001137
11,2,4,27.81,27.81,0.0
11,3,4,29.459,29.45,0.009000000000000341
11,4,4,34.481,34.48,0.0010000000000047748
11,5,4,28.095,28.09,0.004999999999999005
11,6,4,29.41,29.41,0.0
11,1,1,29.019,29.02,0.0010000000000012221
11,2,1,27.877,27.88,0.0030000000000001137
11,3,1,29.792,29.8,0.007999999999999119
11,4,1,34.599,34.6,0.0010000000000047748
11,5,1,28.296,28.3,0.004000000000001336
11,6,1,29.403,29.4,0.0030000000000001137
11,1,2,29.008,29.0,0.007999999999999119
11,2,2,27.833,27.83,0.0030000000000001137
11,3,2,29.562,29.56,0.0020000000000024443
11,4,2,34.543,34.54,0.0030000000000001137
11,5,2,28.331,28.33,0.0010000000000012221
11,6,2,29.492,29.49,0.0020000000000024443
11,1,3,28.897,28.89,0.006999999999997897
11,2,3,27.839,27.84,0.0010000000000012221
11,3,3,29.706,29.71,0.004000000000001336
11,4,3,34.467,34.47,0.0030000000000001137
11,5,3,28.058,28.06,0.0019999999999988916
11,6,3,29.113,29.11,0.0030000000000001137
11,1,4,28.819,28.82,0.0010000000000012221
11,2,4,27.782,27.78,0.0019999999999988916
11,3,4,29.69,29.69,0.0
11,4,4,34.615,34.61,0.005000000000002558
11,5,4,28.199,28.2,0.0009999999999976694
11,6,4,29.191,29.19,0.0009999999999976694
11,1,1,29.03,29.03,0.0
11,2,1,27.902,27.9,0.0020000000000024443
11,3,1,29.556,29.56,0.003999999999997783
11,4,1,34.498,34.5,0.0020000000000024443
11,5,1,28.26,28.26,0.0
11,6,1,29.183,29.19,0.0070000000000014495
11,1,2,28.963,28.96,0.0030000000000001137
11,2,2,27.78,27.78,0.0
11,3,2,29.448,29.44,0.007999999999999119
11,4,2,34.645,34.65,0.0049999999999954525
11,5,2,28.07,28.07,0.0
11,6,2,29.496,29.5,0.004000000000001336
11,1,3,29.022,29.02,0.0019999999999988916
11,2,3,27.977,27.98,0.0030000000000001137
11,3,3,29.625,29.62,0.004999999999999005
11,4,3,34.539,34.54,0.0009999999999976694
11,5,3,28.12,28.12,0.0
11,6,3,29.392,29.39,0.0019999999999988916
11,1,4,28.872,28.87,0.0019999999999988916
11,2,4,27.741,27.74,0.0010000000000012221
11,3,4,29.554,29.55,0.003999999999997783
11,4,4,34.427,34.43,0.0030000000000001137
11,5,4,28.137,28.14,0.0030000000000001137
11,6,4,29.403,29.4,0.0030000000000001137
11,1,1,28.879,28.88,0.0009999999999976694
11,2,1,27.859,27.86,0.0009999999999976694
11,3,1,29.865,29.86,0.004999999999999005
11,4,1,34.43,34.43,0.0
11,5,1,28.211,28.21,0.0009999999999976694
11,6,1,29.177,29.18,0.0030000000000001137
11,1,2,29.109,29.1,0.009000000000000341
11,2,2,27.88,27.88,0.0
11,3,2,29.614,29.62,0.006000000000000227
11,4,2,34.523,34.52,0.0030000000000001137
11,5,2,28.16,28.16,0.0
11,6,2,29.342,29.34,0.0019999999999988916
11,1,3,28.841,28.84,0.0010000000000012221
11,2,3,27.73,27.73,0.0
11,3,3,29.497,29.49,0.0070000000000014495
11,4,3,34.653,34.65,0.0030000000000001137
11,5,3,28.133,28.13,0.0030000000000001137
11,6,3,29.338,29.34,0.0019999999999988916
11,1,4,28.956,28.96,0.004000000000001336
11,2,4,27.795,27.79,0.005000000000002558
11,3,4,29.75,29.75,0.0
11,4,4,34.491,34.49,0.0009999999999976694
11,5,4,28.321,28.32,0.0010000000000012221
11,6,4,29.498,29.5,0.0019999999999988916
11,1,1,28.937,28.94,0.0030000000000001137
11,2,1,27.836,27.83,0.006000000000000227
11,3,1,29.454,29.45,0.004000000000001336
11,4,1,34.61,34.61,0.0
11,5,1,28.188,28.19,0.0020000000000024443
11,6,1,29.49,29.49,0.0
11,1,2,29.025,29.02,0.004999999999999005
11,2,2,27.844,27.85,0.006000000000000227
11,3,2,29.604,29.6,0.003999999999997783
11,4,2,34.363,34.37,0.006999999999997897
11,5,2,27.853,27.85,0.0030000000000001137
11,6,2,29.537,29.54,0.0030000000000001137
11,1,3,28.576,28.58,0.003999999999997783
11,2,3,27.642,27.64,0.0019999999999988916
11,3,3,29.399,29.4,0.0009999999999976694
11,4,3,34.631,34.63,0.0009999999999976694
11,5,3,28.265,28.26,0.004999999999999005
11,6,3,29.493,29.49,0.0030000000000001137
11,1,4,29.248,29.25,0.0019999999999988916
11,2,4,27.944,27.94,0.003999999999997783
11,3,4,29.629,29.63,0.0009999999999976694
11,4,4,34.689,34.69,0.0009999999999976694
11,5,4,28.371,28.37,0.0009999999999976694
11,6,4,29.394,29.39,0.003999999999997783
12,1,1,28.584,28.6,0.01600000000000179
12,2,1,27.668,27.67,0.0020000000000024443
12,3,1,29.513,29.51,0.0030000000000001137
12,4,1,34.623,34.62,0.0030000000000001137
12,5,1,28.039,28.04,0.0009999999999976694
12,6,1,29.299,29.3,0.0010000000000012221
12,1,2,29.017,29.02,0.0030000000000001137
12,2,2,27.924,27.93,0.006000000000000227
12,3,2,29.435,29.43,0.004999999999999005
12,4,2,34.57,34.57,0.0
12,5,2,28.397,28.39,0.006999999999997897
12,6,2,29.201,29.2,0.0010000000000012221
12,1,3,28.941,28.95,0.009000000000000341
12,2,3,27.779,27.78,0.0010000000000012221
12,3,3,29.599,29.59,0.009000000000000341
12,4,3,34.152,34.15,0.0020000000000024443
12,5,3,27.756,27.76,0.004000000000001336
12,6,3,29.086,29.09,0.004000000000001336
12,1,4,29.007,29.01,0.0030000000000001137
12,2,4,27.846,27.84,0.006000000000000227
12,3,4,29.533,29.53,0.0030000000000001137
12,4,4,34.184,34.18,0.003999999999997783
12,5,4,27.979,27.98,0.0010000000000012221
12,6,4,28.931,28.93,0.0010000000000012221
12,1,1,28.682,28.68,0.0019999999999988916
12,2,1,27.619,27.62,0.0010000000000012221
12,3,1,29.382,29.38,0.0020000000000024443
12,4,1,34.507,34.51,0.0030000000000001137
12,5,1,28.094,28.09,0.004000000000001336
12,6,1,29.123,29.12,0.0030000000000001137
12,1,2,28.797,28.8,0.0030000000000001137
12,2,2,27.696,27.7,0.003999999999997783
12,3,2,29.502,29.5,0.0019999999999988916
12,4,2,34.512,34.51,0.0020000000000024443
12,5,2,28.202,28.2,0.0020000000000024443
12,6,2,29.182,29.18,0.0019999999999988916
12,1,3,28.928,28.93,0.0019999999999988916
12,2,3,27.788,27.79,0.0019999999999988916
12,3,3,29.632,29.64,0.007999999999999119
12,4,3,34.47,34.47,0.0
12,5,3,27.923,27.92,0.002999999999996561
12,6,3,29.189,29.19,0.0010000000000012221
12,1,4,29.222,29.22,0.0020000000000024443
12,2,4,27.914,27.91,0.004000000000001336
12,3,4,29.441,29.44,0.0009999999999976694
12,4,4,34.342,34.34,0.001999999999995339
12,5,4,27.997,28.0,0.0030000000000001137
12,6,4,29.37,29.37,0.0
12,1,1,28.663,28.66,0.0030000000000001137
12,2,1,27.624,27.62,0.003999999999997783
12,3,1,29.306,29.31,0.003999999999997783
12,4,1,34.549,34.55,0.0009999999999976694
12,5,1,28.03,28.03,0.0
12,6,1,29.461,29.46,0.0009999999999976694
12,1,2,28.834,28.83,0.004000000000001336
12,2,2,27.731,27.73,0.0010000000000012221
12,3,2,29.48,29.48,0.0
12,4,2,34.394,34.39,0.003999999999997783
12,5,2,28.178,28.18,0.0019999999999988916
12,6,2,29.247,29.25,0.0030000000000001137
12,1,3,28.831,28.83,0.0010000000000012221
12,2,3,27.752,27.75,0.0019999999999988916
12,3,3,29.743,29.75,0.0070000000000014495
12,4,3,34.458,34.46,0.0020000000000024443
12,5,3,28.034,28.04,0.006000000000000227
12,6,3,29.227,29.23,0.0030000000000001137
12,1,4,29.166,29.17,0.004000000000001336
12,2,4,27.965,27.96,0.004999999999999005
12,3,4,29.434,29.43,0.004000000000001336
12,4,4,34.482,34.48,0.0020000000000024443
12,5,4,28.253,28.25,0.0030000000000001137
12,6,4,29.625,29.62,0.004999999999999005
12,1,1,28.961,28.96,0.0009999999999976694
12,2,1,27.845,27.84,0.004999999999999005
12,3,1,29.666,29.67,0.004000000000001336
12,4,1,34.291,34.29,0.0009999999999976694
12,5,1,27.979,27.98,0.0010000000000012221
12,6,1,29.548,29.55,0.0020000000000024443
12,1,2,29.197,29.19,0.006999999999997897
12,2,2,27.854,27.85,0.003999999999997783
12,3,2,29.341,29.34,0.0010000000000012221
12,4,2,34.489,34.49,0.0010000000000047748
12,5,2,27.958,27.96,0.0020000000000024443
12,6,2,29.49,29.49,0.0
12,1,3,29.0,29.0,0.0
12,2,3,27.806,27.81,0.003999999999997783
12,3,3,29.53,29.53,0.0
12,4,3,34.482,34.48,0.0020000000000024443
12,5,3,27.837,27.84,0.0030000000000001137
12,6,3,29.369,29.37,0.0010000000000012221
12,1,4,28.947,28.95,0.0030000000000001137
12,2,4,27.892,27.89,0.0019999999999988916
12,3,4,29.525,29.52,0.004999999999999005
12,4,4,34.295,34.3,0.0049999999999954525
12,5,4,28.052,28.05,0.0019999999999988916
12,6,4,29.651,29.65,0.0010000000000012221
12,1,1,28.867,28.87,0.0030000000000001137
12,2,1,27.753,27.75,0.0030000000000001137
12,3,1,29.702,29.7,0.0020000000000024443
12,4,1,34.652,34.65,0.0020000000000024443
12,5,1,28.194,28.2,0.006000000000000227
12,6,1,29.604,29.6,0.003999999999997783
12,1,2,29.014,29.02,0.006000000000000227
12,2,2,27.921,27.92,0.0009999999999976694
12,3,2,29.698,29.7,0.0019999999999988916
12,4,2,34.384,34.38,0.003999999999997783
12,5,2,27.755,27.76,0.005000000000002558
12,6,2,29.336,29.34,0.004000000000001336
12,1,3,28.816,28.82,0.004000000000001336
12,2,3,27.782,27.78,0.0019999999999988916
12,3,3,29.533,29.54,0.006999999999997897
12,4,3,34.405,34.4,0.005000000000002558
12,5,3,28.289,28.29,0.0009999999999976694
12,6,3,29.303,29.3,0.0030000000000001137
12,1,4,29.027,29.03,0.0030000000000001137
12,2,4,27.858,27.86,0.0019999999999988916
12,3,4,29.391,29.4,0.009000000000000341
12,4,4,34.505,34.51,0.0049999999999954525
12,5,4,27.986,27.99,0.003999999999997783
12,6,4,29.212,29.21,0.0019999999999988916
12,1,1,28.816,28.82,0.004000000000001336
12,2,1,27.732,27.73,0.0019999999999988916
12,3,1,29.498,29.5,0.0019999999999988916
12,4,1,34.492,34.49,0.001999999999995339
12,5,1,27.857,27.86,0.0030000000000001137
12,6,1,29.506,29.51,0.004000000000001336
12,1,2,28.839,28.84,0.0010000000000012221
12,2,2,27.751,27.75,0.0010000000000012221
12,3,2,29.256,29.25,0.006000000000000227
12,4,2,34.327,34.33,0.0030000000000001137
12,5,2,27.824,27.82,0.004000000000001336
12,6,2,29.354,29.36,0.006000000000000227
12,1,3,28.893,28.9,0.006999999999997897
12,2,3,27.737,27.74,0.0030000000000001137
12,3,3,29.202,29.2,0.0020000000000024443
12,4,3,34.508,34.51,0.001999999999995339
12,5,3,28.241,28.24,0.0010000000000012221
12,6,3,29.494,29.49,0.004000000000001336
12,1,4,28.909,28.91,0.0010000000000012221
12,2,4,27.815,27.81,0.005000000000002558
12,3,4,29.452,29.44,0.012000000000000455
12,4,4,34.586,34.59,0.0040000000000048885
12,5,4,28.316,28.32,0.004000000000001336
12,6,4,29.192,29.19,0.0019999999999988916
12,1,1,28.999,29.0,0.0010000000000012221
12,2,1,27.852,27.85,0.0019999999999988916
12,3,1,29.465,29.47,0.004999999999999005
12,4,1,34.563,34.56,0.0030000000000001137
12,5,1,28.228,28.23,0.0019999999999988916
12,6,1,29.245,29.24,0.005000000000002558
12,1,2,28.595,28.6,0.005000000000002558
12,2,2,27.483,27.49,0.006999999999997897
12,3,2,29.511,29.52,0.009000000000000341
12,4,2,34.285,34.28,0.0049999999999954525
12,5,2,27.893,27.89,0.0030000000000001137
12,6,2,29.231,29.23,0.0010000000000012221
12,1,3,29.194,29.19,0.003999999999997783
12,2,3,28.034,28.03,0.003999999999997783
12,3,3,29.737,29.74,0.0030000000000001137
12,4,3,34.341,34.34,0.0009999999999976694
12,5,3,27.937,27.94,0.0030000000000001137
12,6,3,29.223,29.22,0.0030000000000001137
12,1,4,28.922,28.92,0.0019999999999988916
12,2,4,27.675,27.68,0.004999999999999005
12,3,4,29.392,29.39,0.0019999999999988916
12,4,4,34.41,34.41,0.0
12,5,4,28.122,28.12,0.0019999999999988916
12,6,4,29.238,29.24,0.0019999999999988916
12,1,1,28.746,28.75,0.004000000000001336
12,2,1,27.716,27.72,0.003999999999997783
12,3,1,29.659,29.66,0.0010000000000012221
12,4,1,34.511,34.51,0.0010000000000047748
12,5,1,28.086,28.09,0.004000000000001336
12,6,1,29.198,29.2,0.0019999999999988916
12,1,2,29.165,29.17,0.005000000000002558
12,2,2,27.935,27.93,0.004999999999999005
12,3,2,29.43,29.43,0.0
12,4,2,34.578,34.58,0.001999999999995339
12,5,2,28.252,28.25,0.0019999999999988916
12,6,2,29.589,29.59,0.0010000000000012221
12,1,3,29.118,29.11,0.007999999999999119
12,2,3,27.874,27.88,0.006000000000000227
12,3,3,29.439,29.45,0.010999999999999233
12,4,3,34.339,34.34,0.0010000000000047748
12,5,3,27.874,27.87,0.003999999999997783
12,6,3,29.445,29.44,0.004999999999999005
12,1,4,28.9,28.9,0.0
12,2,4,27.787,27.79,0.0030000000000001137
12,3,4,29.502,29.5,0.0019999999999988916
12,4,4,34.371,34.37,0.0010000000000047748
12,5,4,28.013,28.01,0.0030000000000001137
12,6,4,29.394,29.39,0.003999999999997783
12,1,1,28.939,28.95,0.010999999999999233
12,2,1,27.721,27.72,0.0010000000000012221
12,3,1,29.168,29.17,0.0020000000000024443
12,4,1,34.452,34.45,0.001999999999995339
12,5,1,27.852,27.85,0.0019999999999988916
12,6,1,29.689,29.69,0.0010000000000012221
12,1,2,29.086,29.09,0.004000000000001336
12,2,2,27.88,27.88,0.0
12,3,2,29.437,29.43,0.0070000000000014495
12,4,2,34.535,34.54,0.005000000000002558
12,5,2,28.202,28.2,0.0020000000000024443
12,6,2,29.049,29.05,0.0010000000000012221
12,1,3,28.79,28.8,0.010000000000001563
12,2,3,27.603,27.61,0.006999999999997897
12,3,3,29.408,29.4,0.008000000000002672
12,4,3,34.293,34.29,0.0030000000000001137
12,5,3,27.824,27.83,0.005999999999996675
12,6,3,29.53,29.53,0.0
12,1,4,28.924,28.92,0.003999999999997783
12,2,4,27.744,27.74,0.004000000000001336
12,3,4,29.557,29.56,0.0030000000000001137
12,4,4,34.351,34.35,0.0009999999999976694
12,5,4,28.113,28.11,0.0030000000000001137
12,6,4,29.439,29.44,0.0010000000000012221
12,1,1,28.903,28.9,0.0030000000000001137
12,2,1,27.809,27.81,0.0009999999999976694
12,3,1,29.713,29.72,0.006999999999997897
12,4,1,34.165,34.17,0.005000000000002558
12,5,1,27.907,27.91,0.0030000000000001137
12,6,1,29.343,29.34,0.0030000000000001137
12,1,2,29.257,29.25,0.0070000000000014495
12,2,2,27.792,27.79,0.0020000000000024443
12,3,2,29.229,29.22,0.009000000000000341
12,4,2,34.414,34.41,0.0040000000000048885
12,5,2,28.195,28.2,0.004999999999999005
12,6,2,29.305,29.3,0.004999999999999005
12,1,3,28.95,28.95,0.0
12,2,3,27.85,27.85,0.0
12,3,3,29.564,29.56,0.004000000000001336
12,4,3,34.458,34.46,0.0020000000000024443
12,5,3,28.134,28.14,0.006000000000000227
12,6,3,29.168,29.17,0.0020000000000024443
12,1,4,28.775,28.77,0.004999999999999005
12,2,4,27.631,27.63,0.0010000000000012221
12,3,4,29.269,29.27,0.0010000000000012221
12,4,4,34.269,34.27,0.0010000000000047748
12,5,4,27.687,27.69,0.0030000000000001137
12,6,4,29.255,29.25,0.004999999999999005
12,1,1,28.632,28.64,0.007999999999999119
12,2,1,27.542,27.54,0.0020000000000024443
12,3,1,29.259,29.26,0.0010000000000012221
12,4,1,34.328,34.33,0.001999999999995339
12,5,1,27.91,27.91,0.0
12,6,1,29.332,29.33,0.0020000000000024443
12,1,2,29.074,29.07,0.004000000000001336
12,2,2,27.885,27.88,0.005000000000002558
12,3,2,29.523,29.53,0.0070000000000014495
12,4,2,34.216,34.22,0.003999999999997783
12,5,2,28.01,28.01,0.0
12,6,2,29.31,29.31,0.0
12,1,3,28.845,28.85,0.005000000000002558
12,2,3,27.675,27.68,0.004999999999999005
12,3,3,29.332,29.32,0.012000000000000455
12,4,3,34.423,34.42,0.0030000000000001137
12,5,3,28.207,28.21,0.0030000000000001137
12,6,3,29.372,29.37,0.0019999999999988916
12,1,4,28.534,28.53,0.003999999999997783
12,2,4,27.532,27.53,0.0019999999999988916
12,3,4,29.411,29.42,0.009000000000000341
12,4,4,34.453,34.45,0.0030000000000001137
12,5,4,28.033,28.03,0.0030000000000001137
12,6,4,29.465,29.46,0.004999999999999005
12,1,1,29.153,29.16,0.0070000000000014495
12,2,1,27.823,27.83,0.006999999999997897
12,3,1,29.389,29.39,0.0010000000000012221
12,4,1,34.614,34.61,0.003999999999997783
12,5,1,28.071,28.07,0.0010000000000012221
12,6,1,29.553,29.55,0.0030000000000001137
12,1,2,28.918,28.92,0.0020000000000024443
12,2,2,27.934,27.93,0.004000000000001336
12,3,2,29.75,29.75,0.0
12,4,2,34.645,34.64,0.005000000000002558
12,5,2,28.196,28.2,0.003999999999997783
12,6,2,29.272,29.27,0.0019999999999988916
12,1,3,28.993,28.99,0.0030000000000001137
12,2,3,27.83,27.83,0.0
12,3,3,29.662,29.66,0.0019999999999988916
12,4,3,34.379,34.38,0.0010000000000047748
12,5,3,28.111,28.11,0.0010000000000012221
12,6,3,29.305,29.31,0.004999999999999005
12,1,4,28.666,28.66,0.006000000000000227
12,2,4,27.73,27.73,0.0
12,3,4,29.612,29.62,0.008000000000002672
12,4,4,34.42,34.42,0.0
12,5,4,28.196,28.2,0.003999999999997783
12,6,4,29.26,29.26,0.0
12,1,1,28.923,28.91,0.012999999999998124
12,2,1,27.823,27.82,0.0030000000000001137
12,3,1,29.461,29.46,0.0009999999999976694
12,4,1,34.46,34.46,0.0
12,5,1,27.877,27.88,0.0030000000000001137
12,6,1,29.387,29.39,0.0030000000000001137
12,1,2,29.138,29.14,0.0019999999999988916
12,2,2,27.904,27.9,0.004000000000001336
12,3,2,29.48,29.48,0.0
12,4,2,34.222,34.22,0.0020000000000024443
12,5,2,27.913,27.91,0.0030000000000001137
12,6,2,29.395,29.39,0.004999999999999005
12,1,3,28.883,28.88,0.0030000000000001137
12,2,3,27.818,27.82,0.0019999999999988916
12,3,3,29.696,29.7,0.003999999999997783
12,4,3,34.509,34.51,0.0009999999999976694
12,5,3,28.133,28.13,0.0030000000000001137
12,6,3,29.433,29.43,0.0030000000000001137
12,1,4,29.005,29.0,0.004999999999999005
12,2,4,27.861,27.86,0.0010000000000012221
12,3,4,29.537,29.54,0.0030000000000001137
12,4,4,34.438,34.44,0.001999999999995339
12,5,4,28.083,28.08,0.0030000000000001137
12,6,4,29.455,29.45,0.004999999999999005
12,1,1,28.695,28.7,0.004999999999999005
12,2,1,27.598,27.6,0.0020000000000024443
12,3,1,29.471,29.47,0.0010000000000012221
12,4,1,34.341,34.34,0.0009999999999976694
12,5,1,27.841,27.84,0.0010000000000012221
12,6,1,29.541,29.54,0.0010000000000012221
12,1,2,29.006,29.01,0.004000000000001336
12,2,2,27.907,27.91,0.0030000000000001137
12,3,2,29.304,29.3,0.003999999999997783
12,4,2,34.54,34.54,0.0
12,5,2,28.207,28.21,0.0030000000000001137
12,6,2,29.233,29.23,0.0030000000000001137
12,1,3,29.132,29.13,0.0020000000000024443
12,2,3,27.881,27.88,0.0010000000000012221
12,3,3,29.516,29.51,0.005999999999996675
12,4,3,34.252,34.25,0.0020000000000024443
12,5,3,27.844,27.84,0.004000000000001336
12,6,3,29.283,29.28,0.0030000000000001137
12,1,4,28.662,28.66,0.0019999999999988916
12,2,4,27.759,27.76,0.0010000000000012221
12,3,4,29.462,29.47,0.007999999999999119
12,4,4,34.764,34.76,0.0040000000000048885
12,5,4,28.289,28.29,0.0009999999999976694
12,6,4,29.197,29.2,0.0030000000000001137
12,1,1,28.954,28.96,0.006000000000000227
12,2,1,27.727,27.72,0.0070000000000014495
12,3,1,29.729,29.72,0.009000000000000341
12,4,1,34.522,34.52,0.001999999999995339
12,5,1,28.15,28.15,0.0
12,6,1,29.451,29.45,0.0010000000000012221
12,1,2,29.17,29.17,0.0
12,2,2,27.798,27.8,0.0020000000000024443
12,3,2,29.397,29.39,0.006999999999997897
12,4,2,34.236,34.23,0.006000000000000227
12,5,2,28.062,28.06,0.0020000000000024443
12,6,2,29.609,29.61,0.0009999999999976694
12,1,3,28.991,28.99,0.0010000000000012221
12,2,3,27.789,27.79,0.0009999999999976694
12,3,3,29.296,29.29,0.006000000000000227
12,4,3,34.531,34.53,0.0009999999999976694
12,5,3,27.989,27.99,0.0009999999999976694
12,6,3,29.118,29.12,0.0020000000000024443
12,1,4,28.826,28.82,0.006000000000000227
12,2,4,27.653,27.66,0.0070000000000014495
12,3,4,29.373,29.37,0.0030000000000001137
12,4,4,34.6,34.6,0.0
12,5,4,28.114,28.11,0.004000000000001336
12,6,4,29.586,29.59,0.004000000000001336
12,1,1,28.693,28.7,0.006999999999997897
12,2,1,27.581,27.58,0.0010000000000012221
12,3,1,29.462,29.45,0.012000000000000455
12,4,1,34.518,34.52,0.0020000000000024443
12,5,1,27.864,27.86,0.004000000000001336
12,6,1,29.374,29.37,0.003999999999997783
12,1,2,28.94,28.93,0.010000000000001563
12,2,2,27.922,27.93,0.007999999999999119
12,3,2,29.751,29.75,0.0010000000000012221
12,4,2,34.516,34.52,0.0040000000000048885
12,5,2,28.07,28.07,0.0
12,6,2,29.281,29.28,0.0009999999999976694
12,1,3,28.901,28.9,0.0010000000000012221
12,2,3,27.713,27.71,0.0030000000000001137
12,3,3,29.402,29.4,0.0020000000000024443
12,4,3,34.354,34.35,0.003999999999997783
12,5,3,27.921,27.92,0.0009999999999976694
12,6,3,29.462,29.46,0.0019999999999988916
12,1,4,29.234,29.22,0.014000000000002899
12,2,4,27.967,27.96,0.006999999999997897
12,3,4,29.653,29.65,0.0030000000000001137
12,4,4,34.524,34.53,0.006000000000000227
12,5,4,28.032,28.03,0.0019999999999988916
12,6,4,29.329,29.33,0.0009999999999976694
12,1,1,28.924,28.92,0.003999999999997783
12,2,1,27.674,27.67,0.003999999999997783
12,3,1,29.656,29.65,0.006000000000000227
12,4,1,34.42,34.42,0.0
12,5,1,28.114,28.11,0.004000000000001336
12,6,1,29.222,29.22,0.0020000000000024443
12,1,2,29.046,29.05,0.004000000000001336
12,2,2,27.839,27.84,0.0010000000000012221
12,3,2,29.704,29.71,0.006000000000000227
12,4,2,34.466,34.47,0.003999999999997783
12,5,2,28.017,28.02,0.0030000000000001137
12,6,2,29.287,29.29,0.0030000000000001137
12,1,3,28.677,28.68,0.0030000000000001137
12,2,3,27.622,27.62,0.0019999999999988916
12,3,3,29.539,29.54,0.0009999999999976694
12,4,3,34.257,34.26,0.0030000000000001137
12,5,3,28.073,28.07,0.0030000000000001137
12,6,3,29.409,29.41,0.0010000000000012221
12,1,4,29.104,29.11,0.006000000000000227
12,2,4,27.866,27.87,0.004000000000001336
12,3,4,29.251,29.25,0.0010000000000012221
12,4,4,34.639,34.64,0.0009999999999976694
12,5,4,28.314,28.31,0.004000000000001336
12,6,4,29.088,29.09,0.0019999999999988916
12,1,1,29.081,29.08,0.0010000000000012221
12,2,1,27.789,27.79,0.0009999999999976694
12,3,1,29.527,29.52,0.0070000000000014495
12,4,1,34.512,34.51,0.0020000000000024443
12,5,1,27.973,27.98,0.0070000000000014495
12,6,1,29.137,29.14,0.0030000000000001137
12,1,2,28.947,28.95,0.0030000000000001137
12,2,2,27.884,27.88,0.004000000000001336
12,3,2,29.367,29.37,0.0030000000000001137
12,4,2,34.526,34.53,0.003999999999997783
12,5,2,28.055,28.05,0.004999999999999005
12,6,2,29.47,29.47,0.0
12,1,3,29.002,29.0,0.0019999999999988916
12,2,3,27.781,27.78,0.0009999999999976694
12,3,3,29.39,29.39,0.0
12,4,3,34.355,34.36,0.005000000000002558
12,5,3,27.973,27.97,0.0030000000000001137
12,6,3,29.485,29.49,0.004999999999999005
12,1,4,29.173,29.18,0.0070000000000014495
12,2,4,27.876,27.88,0.003999999999997783
12,3,4,29.186,29.19,0.004000000000001336
12,4,4,34.494,34.49,0.003999999999997783
12,5,4,28.151,28.15,0.0010000000000012221
12,6,4,29.443,29.44,0.0030000000000001137
12,1,1,28.828,28.82,0.007999999999999119
12,2,1,27.742,27.74,0.0020000000000024443
12,3,1,29.585,29.58,0.005000000000002558
12,4,1,34.277,34.28,0.0030000000000001137
12,5,1,27.894,27.89,0.003999999999997783
12,6,1,29.386,29.39,0.004000000000001336
12,1,2,29.051,29.05,0.0009999999999976694
12,2,2,27.749,27.75,0.0010000000000012221
12,3,2,29.524,29.52,0.004000000000001336
12,4,2,34.202,34.2,0.001999999999995339
12,5,2,27.983,27.98,0.0030000000000001137
12,6,2,29.198,29.2,0.0019999999999988916
12,1,3,28.741,28.74,0.0010000000000012221
12,2,3,27.84,27.84,0.0
12,3,3,29.483,29.48,0.0030000000000001137
12,4,3,34.626,34.63,0.0040000000000048885
12,5,3,28.004,28.0,0.004000000000001336
12,6,3,29.048,29.05,0.0020000000000024443
12,1,4,28.845,28.85,0.005000000000002558
12,2,4,27.731,27.73,0.0010000000000012221
12,3,4,29.394,29.39,0.003999999999997783
12,4,4,34.248,34.25,0.0020000000000024443
12,5,4,27.718,27.72,0.0019999999999988916
12,6,4,29.268,29.27,0.0019999999999988916
12,1,1,28.697,28.69,0.006999999999997897
12,2,1,27.71,27.71,0.0
12,3,1,29.527,29.53,0.0030000000000001137
12,4,1,34.407,34.41,0.0030000000000001137
12,5,1,28.348,28.35,0.0020000000000024443
12,6,1,29.403,29.4,0.0030000000000001137
12,1,2,28.789,28.79,0.0009999999999976694
12,2,2,27.882,27.88,0.0020000000000024443
12,3,2,29.543,29.53,0.012999999999998124
12,4,2,34.469,34.47,0.0009999999999976694
12,5,2,28.154,28.15,0.004000000000001336
12,6,2,29.282,29.28,0.0019999999999988916
12,1,3,28.964,28.97,0.006000000000000227
12,2,3,27.685,27.68,0.004999999999999005
12,3,3,29.466,29.47,0.003999999999997783
12,4,3,34.49,34.49,0.0
12,5,3,28.261,28.26,0.0009999999999976694
12,6,3,29.225,29.22,0.005000000000002558
12,1,4,29.099,29.1,0.0010000000000012221
12,2,4,27.983,27.98,0.0030000000000001137
12,3,4,29.725,29.73,0.004999999999999005
12,4,4,34.634,34.63,0.003999999999997783
12,5,4,28.139,28.14,0.0010000000000012221
12,6,4,29.616,29.61,0.006000000000000227
