wafer,stage,site,true,pred,abs_err
1,1,1,29.196,29.2,0.003999999999997783
1,2,1,27.355,27.35,0.004999999999999005
1,3,1,26.545,26.54,0.005000000000002558
1,4,1,34.972,34.97,0.0020000000000024443
1,5,1,28.407,28.41,0.0030000000000001137
1,6,1,29.85,29.85,0.0
1,1,2,28.573,28.57,0.0030000000000001137
1,2,2,27.13,27.13,0.0
1,3,2,27.193,27.2,0.006999999999997897
1,4,2,34.901,34.9,0.0010000000000047748
1,5,2,28.207,28.21,0.0030000000000001137
1,6,2,29.683,29.68,0.0030000000000001137
1,1,3,29.402,29.39,0.012000000000000455
1,2,3,27.309,27.31,0.0009999999999976694
1,3,3,25.872,25.86,0.012000000000000455
1,4,3,34.954,34.96,0.006000000000000227
1,5,3,28.087,28.09,0.0030000000000001137
1,6,3,29.506,29.5,0.006000000000000227
1,1,4,29.477,29.47,0.0070000000000014495
1,2,4,27.515,27.51,0.004999999999999005
1,3,4,26.596,26.59,0.006000000000000227
1,4,4,34.973,34.97,0.0030000000000001137
1,5,4,28.388,28.39,0.0019999999999988916
1,6,4,29.872,29.87,0.0019999999999988916
1,1,1,28.615,28.61,0.004999999999999005
1,2,1,26.748,26.75,0.0019999999999988916
1,3,1,25.734,25.73,0.004000000000001336
1,4,1,34.977,34.98,0.0030000000000001137
1,5,1,28.412,28.41,0.0019999999999988916
1,6,1,29.748,29.75,0.0019999999999988916
1,1,2,29.224,29.23,0.006000000000000227
1,2,2,27.324,27.32,0.004000000000001336
1,3,2,26.555,26.54,0.015000000000000568
1,4,2,34.863,34.86,0.0030000000000001137
1,5,2,28.154,28.15,0.004000000000001336
1,6,2,29.795,29.8,0.004999999999999005
1,1,3,28.91,28.91,0.0
1,2,3,27.057,27.06,0.0030000000000001137
1,3,3,25.99,26.0,0.010000000000001563
1,4,3,34.9,34.9,0.0
1,5,3,28.015,28.02,0.004999999999999005
1,6,3,29.366,29.37,0.004000000000001336
1,1,4,29.12,29.12,0.0
1,2,4,27.455,27.45,0.004999999999999005
1,3,4,27.083,27.08,0.0030000000000001137
1,4,4,34.805,34.81,0.005000000000002558
1,5,4,28.194,28.19,0.003999999999997783
1,6,4,29.639,29.64,0.0010000000000012221
1,1,1,28.882,28.88,0.0020000000000024443
1,2,1,27.3,27.3,0.0
1,3,1,26.912,26.91,0.0019999999999988916
1,4,1,34.932,34.93,0.0020000000000024443
1,5,1,28.166,28.16,0.006000000000000227
1,6,1,29.906,29.9,0.006000000000000227
1,1,2,28.279,28.27,0.009000000000000341
1,2,2,26.479,26.5,0.021000000000000796
1,3,2,25.217,25.34,0.12300000000000111
1,4,2,34.867,34.87,0.0030000000000001137
1,5,2,28.303,28.3,0.0030000000000001137
1,6,2,29.412,29.41,0.0019999999999988916
1,1,3,28.715,28.72,0.004999999999999005
1,2,3,26.828,26.82,0.007999999999999119
1,3,3,25.818,25.82,0.0019999999999988916
1,4,3,34.863,34.86,0.0030000000000001137
1,5,3,28.216,28.22,0.003999999999997783
1,6,3,29.66,29.66,0.0
1,1,4,29.223,29.23,0.0070000000000014495
1,2,4,27.363,27.36,0.0030000000000001137
1,3,4,26.76,26.76,0.0
1,4,4,34.984,34.98,0.0040000000000048885
1,5,4,28.255,28.26,0.005000000000002558
1,6,4,29.477,29.48,0.0030000000000001137
1,1,1,29.321,29.35,0.028999999999999915
1,2,1,27.319,27.33,0.010999999999999233
1,3,1,26.247,26.25,0.0030000000000001137
1,4,1,34.823,34.82,0.0030000000000001137
1,5,1,28.27,28.27,0.0
1,6,1,29.578,29.58,0.0019999999999988916
1,1,2,29.371,29.38,0.009000000000000341
1,2,2,27.544,27.54,0.004000000000001336
1,3,2,27.029,27.03,0.0010000000000012221
1,4,2,34.878,34.88,0.0020000000000024443
1,5,2,28.233,28.23,0.0030000000000001137
1,6,2,29.465,29.47,0.004999999999999005
1,1,3,29.271,29.28,0.009000000000000341
1,2,3,27.307,27.3,0.006999999999997897
1,3,3,25.863,25.85,0.012999999999998124
1,4,3,34.93,34.93,0.0
1,5,3,28.491,28.49,0.0010000000000012221
1,6,3,29.748,29.75,0.0019999999999988916
1,1,4,29.13,29.13,0.0
1,2,4,27.311,27.31,0.0010000000000012221
1,3,4,26.566,26.56,0.006000000000000227
1,4,4,34.797,34.8,0.0030000000000001137
1,5,4,28.149,28.15,0.0009999999999976694
1,6,4,29.666,29.67,0.004000000000001336
1,1,1,27.921,27.93,0.009000000000000341
1,2,1,26.422,26.49,0.06799999999999784
1,3,1,25.604,25.63,0.0259999999999998
1,4,1,34.885,34.89,0.005000000000002558
1,5,1,28.269,28.27,0.0010000000000012221
1,6,1,29.275,29.27,0.004999999999999005
1,1,2,29.043,29.04,0.0030000000000001137
1,2,2,27.106,27.11,0.003999999999997783
1,3,2,26.011,26.01,0.0009999999999976694
1,4,2,34.954,34.95,0.003999999999997783
1,5,2,28.303,28.3,0.0030000000000001137
1,6,2,29.516,29.52,0.004000000000001336
1,1,3,28.703,28.71,0.0070000000000014495
1,2,3,27.05,27.05,0.0
1,3,3,26.319,26.32,0.0010000000000012221
1,4,3,34.936,34.94,0.003999999999997783
1,5,3,28.271,28.27,0.0010000000000012221
1,6,3,29.788,29.79,0.0019999999999988916
1,1,4,28.551,28.55,0.0009999999999976694
1,2,4,26.875,26.87,0.004999999999999005
1,3,4,26.135,26.13,0.005000000000002558
1,4,4,34.995,35.0,0.005000000000002558
1,5,4,28.548,28.55,0.0020000000000024443
1,6,4,29.504,29.5,0.004000000000001336
1,1,1,28.6,28.6,0.0
1,2,1,27.078,27.08,0.0019999999999988916
1,3,1,26.679,26.68,0.0010000000000012221
1,4,1,34.86,34.86,0.0
1,5,1,28.38,28.38,0.0
1,6,1,29.7,29.7,0.0
1,1,2,29.028,29.03,0.0020000000000024443
1,2,2,27.242,27.24,0.0020000000000024443
1,3,2,26.692,26.69,0.0019999999999988916
1,4,2,35.035,35.03,0.0049999999999954525
1,5,2,28.249,28.25,0.0010000000000012221
1,6,2,29.495,29.49,0.005000000000002558
1,1,3,29.212,29.21,0.0019999999999988916
1,2,3,27.488,27.49,0.0019999999999988916
1,3,3,26.633,26.63,0.0030000000000001137
1,4,3,34.985,34.99,0.005000000000002558
1,5,3,28.217,28.22,0.0030000000000001137
1,6,3,29.552,29.55,0.0019999999999988916
1,1,4,29.01,29.01,0.0
1,2,4,27.408,27.41,0.0019999999999988916
1,3,4,27.235,27.24,0.004999999999999005
1,4,4,34.939,34.94,0.0009999999999976694
1,5,4,28.12,28.12,0.0
1,6,4,29.467,29.47,0.0030000000000001137
1,1,1,28.916,28.92,0.004000000000001336
1,2,1,27.19,27.19,0.0
1,3,1,26.88,26.88,0.0
1,4,1,34.902,34.9,0.0020000000000024443
1,5,1,28.206,28.21,0.004000000000001336
1,6,1,29.889,29.88,0.009000000000000341
1,1,2,28.739,28.74,0.0009999999999976694
1,2,2,26.947,26.95,0.0030000000000001137
1,3,2,25.986,25.98,0.006000000000000227
1,4,2,34.809,34.81,0.0010000000000047748
1,5,2,28.096,28.1,0.004000000000001336
1,6,2,29.58,29.58,0.0
1,1,3,29.16,29.16,0.0
1,2,3,27.292,27.29,0.0020000000000024443
1,3,3,26.895,26.88,0.015000000000000568
1,4,3,34.804,34.8,0.0040000000000048885
1,5,3,28.08,28.08,0.0
1,6,3,29.795,29.8,0.004999999999999005
1,1,4,29.195,29.19,0.004999999999999005
1,2,4,27.097,27.1,0.0030000000000001137
1,3,4,25.632,25.66,0.027999999999998693
1,4,4,34.887,34.89,0.0030000000000001137
1,5,4,28.355,28.35,0.004999999999999005
1,6,4,29.5,29.5,0.0
1,1,1,28.491,28.48,0.010999999999999233
1,2,1,27.107,27.11,0.0030000000000001137
1,3,1,26.974,26.97,0.004000000000001336
1,4,1,34.93,34.93,0.0
1,5,1,28.302,28.3,0.0019999999999988916
1,6,1,29.636,29.64,0.004000000000001336
1,1,2,29.033,29.04,0.006999999999997897
1,2,2,26.993,27.0,0.0070000000000014495
1,3,2,25.17,25.34,0.16999999999999815
1,4,2,34.723,34.72,0.0030000000000001137
1,5,2,27.984,27.99,0.005999999999996675
1,6,2,29.361,29.36,0.0010000000000012221
1,1,3,29.28,29.3,0.019999999999999574
1,2,3,27.116,27.12,0.004000000000001336
1,3,3,25.595,25.63,0.03500000000000014
1,4,3,34.748,34.75,0.0020000000000024443
1,5,3,28.134,28.13,0.004000000000001336
1,6,3,29.619,29.62,0.0010000000000012221
1,1,4,29.01,29.01,0.0
1,2,4,27.024,27.02,0.004000000000001336
1,3,4,25.947,25.95,0.0030000000000001137
1,4,4,34.888,34.89,0.0020000000000024443
1,5,4,28.311,28.31,0.0010000000000012221
1,6,4,29.56,29.56,0.0
1,1,1,29.034,29.03,0.003999999999997783
1,2,1,27.11,27.11,0.0
1,3,1,26.141,26.14,0.0009999999999976694
1,4,1,34.916,34.92,0.0040000000000048885
1,5,1,28.473,28.48,0.0070000000000014495
1,6,1,29.464,29.46,0.003999999999997783
1,1,2,29.043,29.04,0.0030000000000001137
1,2,2,27.274,27.27,0.004000000000001336
1,3,2,26.519,26.52,0.0010000000000012221
1,4,2,34.918,34.92,0.0020000000000024443
1,5,2,28.184,28.19,0.006000000000000227
1,6,2,29.404,29.41,0.006000000000000227
1,1,3,29.56,29.53,0.029999999999997584
1,2,3,27.461,27.46,0.0009999999999976694
1,3,3,26.477,26.48,0.0030000000000001137
1,4,3,35.073,35.07,0.0030000000000001137
1,5,3,28.382,28.38,0.0020000000000024443
1,6,3,29.722,29.72,0.0020000000000024443
1,1,4,28.99,29.0,0.010000000000001563
1,2,4,27.203,27.2,0.0030000000000001137
1,3,4,26.739,26.74,0.0009999999999976694
1,4,4,34.966,34.96,0.006000000000000227
1,5,4,28.349,28.35,0.0010000000000012221
1,6,4,29.667,29.67,0.0030000000000001137
1,1,1,28.364,28.37,0.006000000000000227
1,2,1,26.813,26.81,0.0030000000000001137
1,3,1,26.311,26.31,0.0010000000000012221
1,4,1,34.823,34.82,0.0030000000000001137
1,5,1,28.145,28.15,0.004999999999999005
1,6,1,29.714,29.72,0.006000000000000227
1,1,2,28.931,28.92,0.010999999999999233
1,2,2,27.007,27.01,0.0030000000000001137
1,3,2,25.989,25.99,0.0009999999999976694
1,4,2,34.966,34.97,0.003999999999997783
1,5,2,28.191,28.19,0.0009999999999976694
1,6,2,29.478,29.48,0.0019999999999988916
1,1,3,28.303,28.31,0.006999999999997897
1,2,3,26.777,26.78,0.0030000000000001137
1,3,3,26.381,26.38,0.0010000000000012221
1,4,3,34.782,34.78,0.001999999999995339
1,5,3,28.095,28.09,0.004999999999999005
1,6,3,29.585,29.58,0.005000000000002558
1,1,4,29.496,29.49,0.006000000000000227
1,2,4,27.36,27.37,0.010000000000001563
1,3,4,26.193,26.19,0.0030000000000001137
1,4,4,34.897,34.9,0.0030000000000001137
1,5,4,28.177,28.18,0.0030000000000001137
1,6,4,29.605,29.61,0.004999999999999005
1,1,1,28.813,28.81,0.0030000000000001137
1,2,1,27.144,27.14,0.003999999999997783
1,3,1,26.445,26.44,0.004999999999999005
1,4,1,35.119,35.12,0.0009999999999976694
1,5,1,28.481,28.48,0.0010000000000012221
1,6,1,29.56,29.56,0.0
1,1,2,29.525,29.5,0.02499999999999858
1,2,2,27.387,27.39,0.0030000000000001137
1,3,2,26.143,26.15,0.006999999999997897
1,4,2,35.001,35.0,0.0009999999999976694
1,5,2,28.391,28.39,0.0009999999999976694
1,6,2,29.713,29.71,0.0030000000000001137
1,1,3,28.938,28.93,0.007999999999999119
1,2,3,26.991,26.99,0.0010000000000012221
1,3,3,25.736,25.72,0.01600000000000179
1,4,3,34.919,34.92,0.0010000000000047748
1,5,3,28.382,28.38,0.0020000000000024443
1,6,3,29.774,29.77,0.004000000000001336
1,1,4,28.583,28.58,0.0030000000000001137
1,2,4,26.921,26.92,0.0009999999999976694
1,3,4,26.658,26.66,0.0019999999999988916
1,4,4,34.995,35.0,0.005000000000002558
1,5,4,28.281,28.28,0.0009999999999976694
1,6,4,29.597,29.6,0.0030000000000001137
1,1,1,29.233,29.23,0.0030000000000001137
1,2,1,27.242,27.24,0.0020000000000024443
1,3,1,25.979,25.98,0.0010000000000012221
1,4,1,35.051,35.05,0.0010000000000047748
1,5,1,28.222,28.22,0.0020000000000024443
1,6,1,29.64,29.64,0.0
1,1,2,29.489,29.47,0.019000000000001904
1,2,2,27.545,27.54,0.005000000000002558
1,3,2,26.484,26.48,0.004000000000001336
1,4,2,34.936,34.94,0.003999999999997783
1,5,2,28.216,28.22,0.003999999999997783
1,6,2,29.679,29.68,0.0010000000000012221
1,1,3,28.655,28.66,0.004999999999999005
1,2,3,27.396,27.4,0.003999999999997783
1,3,3,27.568,27.6,0.03200000000000003
1,4,3,34.989,34.99,0.0010000000000047748
1,5,3,28.289,28.29,0.0009999999999976694
1,6,3,29.958,29.95,0.007999999999999119
1,1,4,28.776,28.78,0.004000000000001336
1,2,4,27.143,27.14,0.0030000000000001137
1,3,4,26.43,26.42,0.00999999999999801
1,4,4,34.865,34.87,0.0049999999999954525
1,5,4,28.023,28.02,0.0030000000000001137
1,6,4,29.531,29.53,0.0009999999999976694
1,1,1,29.031,29.03,0.0009999999999976694
1,2,1,27.121,27.12,0.0009999999999976694
1,3,1,26.025,26.04,0.015000000000000568
1,4,1,34.883,34.88,0.0030000000000001137
1,5,1,28.116,28.12,0.004000000000001336
1,6,1,29.569,29.57,0.0010000000000012221
1,1,2,28.587,28.59,0.0030000000000001137
1,2,2,26.868,26.87,0.0020000000000024443
1,3,2,26.015,26.02,0.004999999999999005
1,4,2,34.833,34.83,0.0030000000000001137
1,5,2,28.335,28.33,0.005000000000002558
1,6,2,29.476,29.47,0.006000000000000227
1,1,3,28.878,28.88,0.0019999999999988916
1,2,3,26.902,26.9,0.0020000000000024443
1,3,3,25.388,25.45,0.06199999999999761
1,4,3,34.884,34.88,0.003999999999997783
1,5,3,28.251,28.25,0.0010000000000012221
1,6,3,29.648,29.65,0.0019999999999988916
1,1,4,29.247,29.25,0.0030000000000001137
1,2,4,27.352,27.35,0.0019999999999988916
1,3,4,26.349,26.35,0.0010000000000012221
1,4,4,34.772,34.77,0.001999999999995339
1,5,4,28.102,28.1,0.0019999999999988916
1,6,4,29.719,29.72,0.0009999999999976694
1,1,1,29.46,29.45,0.010000000000001563
1,2,1,27.33,27.33,0.0
1,3,1,25.776,25.75,0.0259999999999998
1,4,1,34.943,34.94,0.0030000000000001137
1,5,1,28.236,28.24,0.003999999999997783
1,6,1,29.509,29.51,0.0010000000000012221
1,1,2,28.615,28.61,0.004999999999999005
1,2,2,26.935,26.92,0.014999999999997016
1,3,2,25.867,25.86,0.0070000000000014495
1,4,2,34.955,34.96,0.005000000000002558
1,5,2,28.367,28.37,0.0030000000000001137
1,6,2,29.685,29.69,0.005000000000002558
1,1,3,29.079,29.08,0.0009999999999976694
1,2,3,27.312,27.31,0.0020000000000024443
1,3,3,26.704,26.71,0.006000000000000227
1,4,3,34.832,34.83,0.0020000000000024443
1,5,3,28.055,28.06,0.004999999999999005
1,6,3,29.412,29.41,0.0019999999999988916
1,1,4,28.476,28.47,0.006000000000000227
1,2,4,26.681,26.69,0.009000000000000341
1,3,4,25.605,25.61,0.004999999999999005
1,4,4,34.797,34.8,0.0030000000000001137
1,5,4,28.089,28.09,0.0010000000000012221
1,6,4,29.514,29.52,0.006000000000000227
1,1,1,29.694,29.62,0.07399999999999807
1,2,1,27.728,27.71,0.018000000000000682
1,3,1,27.301,27.29,0.010999999999999233
1,4,1,34.651,34.65,0.0010000000000047748
1,5,1,28.082,28.08,0.0020000000000024443
1,6,1,29.602,29.6,0.0019999999999988916
1,1,2,28.501,28.5,0.0010000000000012221
1,2,2,26.801,26.8,0.0009999999999976694
1,3,2,25.96,25.91,0.05000000000000071
1,4,2,34.71,34.71,0.0
1,5,2,28.187,28.18,0.0070000000000014495
1,6,2,29.448,29.45,0.0019999999999988916
1,1,3,28.926,28.92,0.005999999999996675
1,2,3,27.037,27.04,0.0030000000000001137
1,3,3,26.188,26.19,0.0020000000000024443
1,4,3,34.825,34.82,0.005000000000002558
1,5,3,28.215,28.21,0.004999999999999005
1,6,3,29.403,29.41,0.0070000000000014495
1,1,4,29.039,29.04,0.0009999999999976694
1,2,4,27.346,27.35,0.004000000000001336
1,3,4,26.635,26.63,0.005000000000002558
1,4,4,34.677,34.68,0.0030000000000001137
1,5,4,28.078,28.08,0.0019999999999988916
1,6,4,29.452,29.45,0.0020000000000024443
1,1,1,29.323,29.33,0.006999999999997897
1,2,1,27.519,27.52,0.0010000000000012221
1,3,1,26.764,26.76,0.003999999999997783
1,4,1,34.981,34.98,0.0010000000000047748
1,5,1,28.142,28.14,0.0019999999999988916
1,6,1,29.558,29.56,0.0019999999999988916
1,1,2,28.529,28.53,0.0010000000000012221
1,2,2,26.924,26.92,0.003999999999997783
1,3,2,26.047,26.05,0.0030000000000001137
1,4,2,34.891,34.89,0.0009999999999976694
1,5,2,28.188,28.19,0.0020000000000024443
1,6,2,29.197,29.2,0.0030000000000001137
1,1,3,29.098,29.09,0.007999999999999119
1,2,3,27.091,27.09,0.0010000000000012221
1,3,3,26.076,26.08,0.003999999999997783
1,4,3,34.879,34.88,0.0010000000000047748
1,5,3,27.998,28.0,0.0019999999999988916
1,6,3,29.478,29.48,0.0019999999999988916
1,1,4,27.994,27.99,0.004000000000001336
1,2,4,26.709,26.71,0.0010000000000012221
1,3,4,26.838,26.83,0.008000000000002672
1,4,4,34.981,34.98,0.0010000000000047748
1,5,4,28.29,28.29,0.0
1,6,4,29.535,29.54,0.004999999999999005
1,1,1,29.366,29.36,0.006000000000000227
1,2,1,27.494,27.49,0.004000000000001336
1,3,1,26.915,26.91,0.004999999999999005
1,4,1,34.84,34.84,0.0
1,5,1,28.18,28.18,0.0
1,6,1,29.573,29.57,0.0030000000000001137
1,1,2,29.616,29.58,0.036000000000001364
1,2,2,27.492,27.49,0.0020000000000024443
1,3,2,26.286,26.29,0.003999999999997783
1,4,2,34.871,34.87,0.0010000000000047748
1,5,2,28.295,28.29,0.005000000000002558
1,6,2,29.537,29.54,0.0030000000000001137
1,1,3,29.475,29.47,0.005000000000002558
1,2,3,27.295,27.29,0.005000000000002558
1,3,3,25.896,25.87,0.0259999999999998
1,4,3,34.819,34.82,0.0009999999999976694
1,5,3,28.225,28.22,0.005000000000002558
1,6,3,29.33,29.33,0.0
1,1,4,29.076,29.08,0.003999999999997783
1,2,4,27.184,27.19,0.006000000000000227
1,3,4,26.386,26.38,0.006000000000000227
1,4,4,34.801,34.8,0.0010000000000047748
1,5,4,28.369,28.37,0.0010000000000012221
1,6,4,29.641,29.64,0.0009999999999976694
1,1,1,29.254,29.28,0.0259999999999998
1,2,1,27.212,27.21,0.0019999999999988916
1,3,1,25.901,25.88,0.021000000000000796
1,4,1,34.791,34.79,0.0009999999999976694
1,5,1,28.355,28.35,0.004999999999999005
1,6,1,29.602,29.6,0.0019999999999988916
1,1,2,28.182,28.15,0.03200000000000003
1,2,2,26.855,26.85,0.004999999999999005
1,3,2,26.784,26.77,0.013999999999999346
1,4,2,34.783,34.78,0.0030000000000001137
1,5,2,28.224,28.22,0.004000000000001336
1,6,2,29.681,29.68,0.0010000000000012221
1,1,3,28.655,28.65,0.005000000000002558
1,2,3,26.967,26.97,0.0030000000000001137
1,3,3,26.064,26.07,0.006000000000000227
1,4,3,34.88,34.88,0.0
1,5,3,28.177,28.18,0.0030000000000001137
1,6,3,29.572,29.57,0.0019999999999988916
1,1,4,28.793,28.79,0.0030000000000001137
1,2,4,27.15,27.15,0.0
1,3,4,26.427,26.43,0.0030000000000001137
1,4,4,34.989,34.99,0.0010000000000047748
1,5,4,28.443,28.44,0.0030000000000001137
1,6,4,29.6,29.6,0.0
1,1,1,28.808,28.81,0.0019999999999988916
1,2,1,27.112,27.12,0.008000000000002672
1,3,1,26.741,26.74,0.0010000000000012221
1,4,1,34.927,34.93,0.0030000000000001137
1,5,1,28.154,28.15,0.004000000000001336
1,6,1,29.593,29.59,0.0030000000000001137
1,1,2,29.427,29.44,0.013000000000001677
1,2,2,27.415,27.42,0.005000000000002558
1,3,2,26.578,26.58,0.0019999999999988916
1,4,2,34.908,34.91,0.001999999999995339
1,5,2,28.429,28.43,0.0010000000000012221
1,6,2,29.77,29.77,0.0
1,1,3,28.831,28.84,0.009000000000000341
1,2,3,26.903,26.9,0.0030000000000001137
1,3,3,25.911,25.97,0.0589999999999975
1,4,3,34.982,34.98,0.0020000000000024443
1,5,3,28.324,28.32,0.004000000000001336
1,6,3,29.554,29.55,0.003999999999997783
1,1,4,29.2,29.21,0.010000000000001563
1,2,4,27.332,27.33,0.0020000000000024443
1,3,4,26.201,26.2,0.0010000000000012221
1,4,4,35.04,35.04,0.0
1,5,4,28.568,28.57,0.0019999999999988916
1,6,4,29.48,29.48,0.0
1,1,1,29.158,29.16,0.0019999999999988916
1,2,1,27.224,27.22,0.004000000000001336
1,3,1,26.17,26.17,0.0
1,4,1,34.971,34.97,0.0009999999999976694
1,5,1,28.312,28.31,0.0020000000000024443
1,6,1,29.621,29.62,0.0009999999999976694
1,1,2,28.474,28.47,0.004000000000001336
1,2,2,26.869,26.87,0.0010000000000012221
1,3,2,26.394,26.39,0.003999999999997783
1,4,2,34.935,34.94,0.0049999999999954525
1,5,2,28.356,28.36,0.003999999999997783
1,6,2,29.639,29.64,0.0010000000000012221
1,1,3,28.279,28.28,0.0010000000000012221
1,2,3,26.674,26.67,0.003999999999997783
1,3,3,25.985,25.92,0.06499999999999773
1,4,3,34.99,34.99,0.0
1,5,3,28.171,28.17,0.0009999999999976694
1,6,3,29.351,29.35,0.0009999999999976694
1,1,4,28.964,28.96,0.003999999999997783
1,2,4,26.924,26.92,0.003999999999997783
1,3,4,25.715,25.71,0.004999999999999005
1,4,4,34.817,34.82,0.0030000000000001137
1,5,4,28.063,28.06,0.0030000000000001137
1,6,4,29.913,29.91,0.0030000000000001137
2,1,1,28.392,28.4,0.007999999999999119
2,2,1,27.015,27.02,0.004999999999999005
2,3,1,26.572,26.57,0.0019999999999988916
2,4,1,34.997,35.0,0.0030000000000001137
2,5,1,28.309,28.31,0.0009999999999976694
2,6,1,29.625,29.62,0.004999999999999005
2,1,2,28.308,28.31,0.0019999999999988916
2,2,2,26.886,26.89,0.004000000000001336
2,3,2,26.502,26.49,0.012000000000000455
2,4,2,34.902,34.9,0.0020000000000024443
2,5,2,28.4,28.4,0.0
2,6,2,29.508,29.51,0.0020000000000024443
2,1,3,28.945,28.94,0.004999999999999005
2,2,3,27.374,27.37,0.003999999999997783
2,3,3,26.917,26.92,0.0030000000000001137
2,4,3,35.012,35.01,0.0020000000000024443
2,5,3,28.288,28.29,0.0019999999999988916
2,6,3,29.591,29.59,0.0010000000000012221
2,1,4,28.95,28.95,0.0
2,2,4,27.274,27.27,0.004000000000001336
2,3,4,26.775,26.77,0.004999999999999005
2,4,4,34.998,35.0,0.0020000000000024443
2,5,4,28.36,28.36,0.0
2,6,4,29.588,29.59,0.0019999999999988916
2,1,1,28.175,28.14,0.03500000000000014
2,2,1,26.815,26.81,0.005000000000002558
2,3,1,26.691,26.69,0.0009999999999976694
2,4,1,34.803,34.81,0.007000000000005002
2,5,1,28.117,28.12,0.0030000000000001137
2,6,1,29.652,29.65,0.0020000000000024443
2,1,2,28.774,28.77,0.004000000000001336
2,2,2,27.271,27.27,0.0010000000000012221
2,3,2,27.074,27.08,0.005999999999996675
2,4,2,34.896,34.9,0.003999999999997783
2,5,2,28.071,28.07,0.0010000000000012221
2,6,2,29.688,29.69,0.0020000000000024443
2,1,3,28.948,28.95,0.0019999999999988916
2,2,3,27.234,27.23,0.004000000000001336
2,3,3,26.542,26.54,0.0020000000000024443
2,4,3,34.996,35.0,0.003999999999997783
2,5,3,28.177,28.18,0.0030000000000001137
2,6,3,29.647,29.65,0.0030000000000001137
2,1,4,28.143,28.15,0.006999999999997897
2,2,4,26.822,26.82,0.0019999999999988916
2,3,4,26.96,26.95,0.010000000000001563
2,4,4,34.923,34.92,0.0030000000000001137
2,5,4,28.208,28.21,0.0020000000000024443
2,6,4,29.471,29.47,0.0010000000000012221
2,1,1,28.614,28.62,0.006000000000000227
2,2,1,27.053,27.05,0.0030000000000001137
2,3,1,26.536,26.54,0.003999999999997783
2,4,1,35.083,35.08,0.0030000000000001137
2,5,1,28.291,28.29,0.0010000000000012221
2,6,1,29.985,29.98,0.004999999999999005
2,1,2,29.037,29.04,0.0030000000000001137
2,2,2,27.43,27.43,0.0
2,3,2,26.82,26.82,0.0
2,4,2,34.977,34.97,0.006999999999997897
2,5,2,28.172,28.17,0.0019999999999988916
2,6,2,29.733,29.73,0.0030000000000001137
2,1,3,28.464,28.47,0.006000000000000227
2,2,3,26.96,26.96,0.0
2,3,3,26.572,26.57,0.0019999999999988916
2,4,3,34.998,35.0,0.0020000000000024443
2,5,3,28.257,28.26,0.0030000000000001137
2,6,3,29.597,29.59,0.0070000000000014495
2,1,4,28.817,28.82,0.0030000000000001137
2,2,4,26.976,26.97,0.006000000000000227
2,3,4,25.914,25.87,0.04400000000000048
2,4,4,35.006,35.01,0.003999999999997783
2,5,4,28.214,28.21,0.003999999999997783
2,6,4,29.82,29.82,0.0
2,1,1,28.931,28.93,0.0010000000000012221
2,2,1,27.425,27.43,0.004999999999999005
2,3,1,26.985,26.98,0.004999999999999005
2,4,1,34.887,34.89,0.0030000000000001137
2,5,1,28.304,28.3,0.003999999999997783
2,6,1,29.627,29.63,0.0030000000000001137
2,1,2,29.263,29.27,0.006999999999997897
2,2,2,27.338,27.34,0.0019999999999988916
2,3,2,25.909,25.9,0.009000000000000341
2,4,2,34.979,34.98,0.0009999999999976694
2,5,2,28.316,28.32,0.004000000000001336
2,6,2,29.71,29.71,0.0
2,1,3,28.265,28.26,0.004999999999999005
2,2,3,26.772,26.77,0.0019999999999988916
2,3,3,26.054,26.05,0.003999999999997783
2,4,3,35.031,35.03,0.0009999999999976694
2,5,3,28.339,28.34,0.0010000000000012221
2,6,3,29.804,29.81,0.006000000000000227
2,1,4,28.309,28.31,0.0009999999999976694
2,2,4,27.004,27.0,0.004000000000001336
2,3,4,27.047,27.05,0.0030000000000001137
2,4,4,34.989,34.99,0.0010000000000047748
2,5,4,28.328,28.33,0.0019999999999988916
2,6,4,29.72,29.72,0.0
2,1,1,28.93,28.92,0.00999999999999801
2,2,1,27.17,27.17,0.0
2,3,1,26.342,26.35,0.008000000000002672
2,4,1,34.951,34.95,0.0009999999999976694
2,5,1,28.198,28.2,0.0019999999999988916
2,6,1,29.561,29.56,0.0010000000000012221
2,1,2,28.978,28.97,0.008000000000002672
2,2,2,27.173,27.17,0.002999999999996561
2,3,2,26.566,26.57,0.004000000000001336
2,4,2,34.863,34.86,0.0030000000000001137
2,5,2,28.136,28.14,0.004000000000001336
2,6,2,29.492,29.49,0.0020000000000024443
2,1,3,29.131,29.13,0.0010000000000012221
2,2,3,27.327,27.33,0.002999999999996561
2,3,3,26.644,26.64,0.003999999999997783
2,4,3,35.066,35.07,0.003999999999997783
2,5,3,28.448,28.45,0.0019999999999988916
2,6,3,29.346,29.35,0.004000000000001336
2,1,4,28.884,28.88,0.004000000000001336
2,2,4,27.316,27.32,0.004000000000001336
2,3,4,26.917,26.92,0.0030000000000001137
2,4,4,35.041,35.04,0.0009999999999976694
2,5,4,28.295,28.3,0.004999999999999005
2,6,4,29.566,29.57,0.004000000000001336
2,1,1,28.216,28.17,0.045999999999999375
2,2,1,26.933,26.93,0.0030000000000001137
2,3,1,26.526,26.52,0.006000000000000227
2,4,1,35.119,35.12,0.0009999999999976694
2,5,1,28.502,28.5,0.0019999999999988916
2,6,1,29.555,29.55,0.004999999999999005
2,1,2,27.66,27.84,0.17999999999999972
2,2,2,26.671,26.69,0.019000000000001904
2,3,2,27.044,27.04,0.004000000000001336
2,4,2,35.021,35.02,0.0009999999999976694
2,5,2,28.351,28.35,0.0009999999999976694
2,6,2,29.504,29.5,0.004000000000001336
2,1,3,28.091,28.09,0.0010000000000012221
2,2,3,26.894,26.89,0.003999999999997783
2,3,3,26.795,26.79,0.005000000000002558
2,4,3,34.868,34.87,0.001999999999995339
2,5,3,28.149,28.15,0.0009999999999976694
2,6,3,29.646,29.65,0.003999999999997783
2,1,4,28.189,28.17,0.01899999999999835
2,2,4,26.796,26.79,0.006000000000000227
2,3,4,26.681,26.68,0.0010000000000012221
2,4,4,34.863,34.86,0.0030000000000001137
2,5,4,28.214,28.22,0.006000000000000227
2,6,4,29.874,29.88,0.006000000000000227
2,1,1,28.761,28.77,0.009000000000000341
2,2,1,27.112,27.12,0.008000000000002672
2,3,1,26.534,26.55,0.01600000000000179
2,4,1,34.968,34.97,0.001999999999995339
2,5,1,28.228,28.23,0.0019999999999988916
2,6,1,29.802,29.81,0.007999999999999119
2,1,2,29.284,29.28,0.003999999999997783
2,2,2,27.576,27.58,0.003999999999997783
2,3,2,27.243,27.24,0.0030000000000001137
2,4,2,34.91,34.91,0.0
2,5,2,28.247,28.25,0.0030000000000001137
2,6,2,29.425,29.43,0.004999999999999005
2,1,3,28.628,28.64,0.012000000000000455
2,2,3,27.086,27.09,0.004000000000001336
2,3,3,26.821,26.82,0.0010000000000012221
2,4,3,34.96,34.96,0.0
2,5,3,28.505,28.5,0.004999999999999005
2,6,3,29.665,29.67,0.005000000000002558
2,1,4,28.908,28.9,0.008000000000002672
2,2,4,27.205,27.21,0.005000000000002558
2,3,4,26.498,26.5,0.0019999999999988916
2,4,4,34.841,34.84,0.0009999999999976694
2,5,4,28.225,28.22,0.005000000000002558
2,6,4,29.401,29.4,0.0010000000000012221
2,1,1,28.189,28.14,0.04899999999999949
2,2,1,26.638,26.64,0.0019999999999988916
2,3,1,26.194,26.2,0.006000000000000227
2,4,1,35.041,35.04,0.0009999999999976694
2,5,1,28.457,28.46,0.0030000000000001137
2,6,1,29.64,29.64,0.0
2,1,2,29.01,29.0,0.010000000000001563
2,2,2,27.553,27.56,0.006999999999997897
2,3,2,27.563,27.6,0.037000000000002586
2,4,2,35.059,35.06,0.0010000000000047748
2,5,2,28.443,28.44,0.0030000000000001137
2,6,2,29.743,29.74,0.0030000000000001137
2,1,3,28.384,28.39,0.006000000000000227
2,2,3,26.991,26.99,0.0010000000000012221
2,3,3,26.492,26.49,0.0020000000000024443
2,4,3,34.996,34.99,0.006000000000000227
2,5,3,28.278,28.28,0.0020000000000024443
2,6,3,29.55,29.55,0.0
2,1,4,29.146,29.15,0.003999999999997783
2,2,4,27.379,27.38,0.0009999999999976694
2,3,4,26.652,26.65,0.0020000000000024443
2,4,4,34.977,34.98,0.0030000000000001137
2,5,4,28.408,28.41,0.0019999999999988916
2,6,4,29.512,29.51,0.0019999999999988916
2,1,1,28.774,28.77,0.004000000000001336
2,2,1,27.185,27.18,0.004999999999999005
2,3,1,26.699,26.7,0.0009999999999976694
2,4,1,35.174,35.17,0.003999999999997783
2,5,1,28.602,28.59,0.012000000000000455
2,6,1,29.387,29.39,0.0030000000000001137
2,1,2,27.914,27.95,0.03599999999999781
2,2,2,26.677,26.68,0.0030000000000001137
2,3,2,26.332,26.33,0.0020000000000024443
2,4,2,35.107,35.11,0.0030000000000001137
2,5,2,28.513,28.51,0.0030000000000001137
2,6,2,29.853,29.85,0.0030000000000001137
2,1,3,29.157,29.17,0.013000000000001677
2,2,3,27.521,27.52,0.0010000000000012221
2,3,3,27.106,27.1,0.006000000000000227
2,4,3,34.882,34.88,0.001999999999995339
2,5,3,28.373,28.37,0.0030000000000001137
2,6,3,29.833,29.83,0.0030000000000001137
2,1,4,28.945,28.95,0.004999999999999005
2,2,4,27.184,27.18,0.004000000000001336
2,3,4,26.422,26.42,0.0019999999999988916
2,4,4,35.092,35.09,0.001999999999995339
2,5,4,28.464,28.47,0.006000000000000227
2,6,4,29.921,29.91,0.010999999999999233
2,1,1,29.029,29.04,0.010999999999999233
2,2,1,27.564,27.57,0.006000000000000227
2,3,1,27.528,27.57,0.04200000000000159
2,4,1,35.012,35.01,0.0020000000000024443
2,5,1,28.385,28.38,0.005000000000002558
2,6,1,29.762,29.76,0.0019999999999988916
2,1,2,28.665,28.67,0.005000000000002558
2,2,2,26.994,27.0,0.006000000000000227
2,3,2,26.381,26.38,0.0010000000000012221
2,4,2,34.994,34.99,0.003999999999997783
2,5,2,28.147,28.15,0.0030000000000001137
2,6,2,29.663,29.66,0.0030000000000001137
2,1,3,28.792,28.79,0.0020000000000024443
2,2,3,27.106,27.11,0.003999999999997783
2,3,3,26.328,26.33,0.0019999999999988916
2,4,3,35.05,35.05,0.0
2,5,3,28.449,28.45,0.0009999999999976694
2,6,3,29.541,29.54,0.0010000000000012221
2,1,4,28.341,28.34,0.0010000000000012221
2,2,4,26.995,26.99,0.005000000000002558
2,3,4,27.083,27.09,0.0070000000000014495
2,4,4,35.083,35.08,0.0030000000000001137
2,5,4,28.4,28.4,0.0
2,6,4,29.86,29.86,0.0
2,1,1,28.987,28.99,0.0030000000000001137
2,2,1,27.094,27.08,0.014000000000002899
2,3,1,25.92,25.89,0.030000000000001137
2,4,1,34.941,34.94,0.0010000000000047748
2,5,1,28.328,28.33,0.0019999999999988916
2,6,1,29.796,29.79,0.006000000000000227
2,1,2,29.092,29.09,0.0019999999999988916
2,2,2,27.41,27.41,0.0
2,3,2,26.993,26.99,0.0030000000000001137
2,4,2,34.99,34.99,0.0
2,5,2,28.516,28.52,0.004000000000001336
2,6,2,29.663,29.66,0.0030000000000001137
2,1,3,28.554,28.56,0.006000000000000227
2,2,3,27.178,27.19,0.012000000000000455
2,3,3,27.353,27.33,0.02300000000000324
2,4,3,34.925,34.92,0.0049999999999954525
2,5,3,28.308,28.31,0.0019999999999988916
2,6,3,29.468,29.47,0.0019999999999988916
2,1,4,28.962,28.96,0.0019999999999988916
2,2,4,27.388,27.39,0.0019999999999988916
2,3,4,27.111,27.11,0.0010000000000012221
2,4,4,34.945,34.95,0.005000000000002558
2,5,4,28.275,28.28,0.005000000000002558
2,6,4,29.52,29.52,0.0
2,1,1,28.527,28.53,0.0030000000000001137
2,2,1,27.098,27.1,0.0020000000000024443
2,3,1,26.993,26.99,0.0030000000000001137
2,4,1,35.041,35.04,0.0009999999999976694
2,5,1,28.456,28.45,0.006000000000000227
2,6,1,29.728,29.73,0.0019999999999988916
2,1,2,29.019,29.02,0.0010000000000012221
2,2,2,27.135,27.13,0.005000000000002558
2,3,2,26.185,26.19,0.005000000000002558
2,4,2,35.122,35.12,0.0020000000000024443
2,5,2,28.535,28.53,0.004999999999999005
2,6,2,29.675,29.68,0.004999999999999005
2,1,3,28.288,28.28,0.007999999999999119
2,2,3,26.821,26.82,0.0010000000000012221
2,3,3,26.49,26.49,0.0
2,4,3,34.988,34.99,0.0020000000000024443
2,5,3,28.318,28.32,0.0019999999999988916
2,6,3,29.849,29.85,0.0010000000000012221
2,1,4,29.06,29.05,0.00999999999999801
2,2,4,27.291,27.29,0.0010000000000012221
2,3,4,26.651,26.65,0.0010000000000012221
2,4,4,34.983,34.98,0.0030000000000001137
2,5,4,28.221,28.22,0.0010000000000012221
2,6,4,29.709,29.71,0.0010000000000012221
2,1,1,28.958,28.96,0.0020000000000024443
2,2,1,27.27,27.27,0.0
2,3,1,26.733,26.73,0.0030000000000001137
2,4,1,35.013,35.02,0.007000000000005002
2,5,1,28.356,28.36,0.003999999999997783
2,6,1,29.62,29.62,0.0
2,1,2,28.896,28.9,0.003999999999997783
2,2,2,27.102,27.11,0.007999999999999119
2,3,2,26.259,26.26,0.0010000000000012221
2,4,2,34.809,34.81,0.0010000000000047748
2,5,2,28.139,28.14,0.0010000000000012221
2,6,2,29.901,29.9,0.0010000000000012221
2,1,3,29.134,29.15,0.015999999999998238
2,2,3,27.375,27.37,0.004999999999999005
2,3,3,26.695,26.7,0.004999999999999005
2,4,3,35.058,35.06,0.0020000000000024443
2,5,3,28.328,28.33,0.0019999999999988916
2,6,3,29.34,29.34,0.0
2,1,4,28.422,28.42,0.0019999999999988916
2,2,4,27.007,27.01,0.0030000000000001137
2,3,4,26.587,26.58,0.0070000000000014495
2,4,4,35.027,35.03,0.0030000000000001137
2,5,4,28.353,28.35,0.0030000000000001137
2,6,4,29.814,29.81,0.004000000000001336
2,1,1,28.604,28.61,0.006000000000000227
2,2,1,27.088,27.08,0.008000000000002672
2,3,1,26.8,26.8,0.0
2,4,1,34.925,34.92,0.0049999999999954525
2,5,1,28.354,28.35,0.003999999999997783
2,6,1,29.766,29.77,0.004000000000001336
2,1,2,27.98,28.01,0.030000000000001137
2,2,2,26.838,26.84,0.0019999999999988916
2,3,2,27.074,27.07,0.004000000000001336
2,4,2,34.951,34.95,0.0009999999999976694
2,5,2,28.26,28.26,0.0
2,6,2,30.019,30.01,0.008999999999996788
2,1,3,29.118,29.13,0.012000000000000455
2,2,3,27.155,27.16,0.004999999999999005
2,3,3,26.496,26.5,0.004000000000001336
2,4,3,35.199,35.19,0.009000000000000341
2,5,3,28.408,28.41,0.0019999999999988916
2,6,3,29.677,29.68,0.0030000000000001137
2,1,4,28.31,28.31,0.0
2,2,4,27.11,27.11,0.0
2,3,4,27.225,27.22,0.005000000000002558
2,4,4,34.91,34.91,0.0
2,5,4,28.377,28.38,0.0030000000000001137
2,6,4,29.792,29.79,0.0020000000000024443
2,1,1,29.027,29.02,0.0070000000000014495
2,2,1,27.187,27.19,0.0030000000000001137
2,3,1,26.178,26.19,0.012000000000000455
2,4,1,34.916,34.92,0.0040000000000048885
2,5,1,28.256,28.26,0.004000000000001336
2,6,1,29.658,29.66,0.0019999999999988916
2,1,2,28.933,28.93,0.0030000000000001137
2,2,2,27.248,27.24,0.008000000000002672
2,3,2,26.386,26.38,0.006000000000000227
2,4,2,34.868,34.87,0.001999999999995339
2,5,2,28.268,28.27,0.0019999999999988916
2,6,2,29.758,29.76,0.0020000000000024443
2,1,3,28.512,28.51,0.0019999999999988916
2,2,3,26.968,26.97,0.0019999999999988916
2,3,3,26.5,26.5,0.0
2,4,3,34.928,34.93,0.0020000000000024443
2,5,3,28.356,28.36,0.003999999999997783
2,6,3,29.916,29.92,0.004000000000001336
2,1,4,29.171,29.17,0.0009999999999976694
2,2,4,27.471,27.47,0.0010000000000012221
2,3,4,27.071,27.06,0.011000000000002785
2,4,4,35.047,35.05,0.0030000000000001137
2,5,4,28.448,28.45,0.0019999999999988916
2,6,4,29.633,29.63,0.0030000000000001137
2,1,1,28.912,28.92,0.008000000000002672
2,2,1,27.295,27.29,0.005000000000002558
2,3,1,27.034,27.04,0.006000000000000227
2,4,1,34.823,34.82,0.0030000000000001137
2,5,1,28.344,28.34,0.004000000000001336
2,6,1,29.664,29.66,0.004000000000001336
2,1,2,29.105,29.09,0.015000000000000568
2,2,2,27.229,27.23,0.0010000000000012221
2,3,2,26.288,26.28,0.007999999999999119
2,4,2,34.98,34.98,0.0
2,5,2,28.352,28.35,0.0019999999999988916
2,6,2,29.604,29.6,0.003999999999997783
2,1,3,28.358,28.35,0.007999999999999119
2,2,3,27.012,27.01,0.0019999999999988916
2,3,3,27.199,27.2,0.0009999999999976694
2,4,3,35.098,35.1,0.0020000000000024443
2,5,3,28.584,28.58,0.004000000000001336
2,6,3,29.896,29.9,0.003999999999997783
2,1,4,28.418,28.41,0.007999999999999119
2,2,4,26.919,26.92,0.0010000000000012221
2,3,4,26.312,26.3,0.012000000000000455
2,4,4,35.064,35.07,0.006000000000000227
2,5,4,28.464,28.47,0.006000000000000227
2,6,4,29.853,29.85,0.0030000000000001137
2,1,1,28.052,28.05,0.0019999999999988916
2,2,1,26.852,26.85,0.0019999999999988916
2,3,1,26.609,26.6,0.009000000000000341
2,4,1,34.948,34.95,0.0020000000000024443
2,5,1,28.195,28.19,0.004999999999999005
2,6,1,29.393,29.4,0.006999999999997897
2,1,2,27.926,27.95,0.02400000000000091
2,2,2,26.621,26.63,0.009000000000000341
2,3,2,26.193,26.19,0.0030000000000001137
2,4,2,34.953,34.95,0.0030000000000001137
2,5,2,28.382,28.38,0.0020000000000024443
2,6,2,29.629,29.63,0.0009999999999976694
2,1,3,28.942,28.94,0.0019999999999988916
2,2,3,27.43,27.44,0.010000000000001563
2,3,3,27.39,27.37,0.019999999999999574
2,4,3,34.903,34.9,0.0030000000000001137
2,5,3,28.382,28.38,0.0020000000000024443
2,6,3,29.865,29.86,0.004999999999999005
2,1,4,28.823,28.82,0.0030000000000001137
2,2,4,27.232,27.23,0.0019999999999988916
2,3,4,26.572,26.57,0.0019999999999988916
2,4,4,35.206,35.2,0.006000000000000227
2,5,4,28.659,28.64,0.01899999999999835
2,6,4,29.752,29.75,0.0019999999999988916
2,1,1,28.739,28.74,0.0009999999999976694
2,2,1,27.034,27.03,0.003999999999997783
2,3,1,26.068,26.07,0.0019999999999988916
2,4,1,34.848,34.85,0.0020000000000024443
2,5,1,28.144,28.15,0.006000000000000227
2,6,1,29.81,29.81,0.0
2,1,2,28.757,28.75,0.0070000000000014495
2,2,2,27.204,27.2,0.004000000000001336
2,3,2,27.064,27.06,0.004000000000001336
2,4,2,35.054,35.05,0.0040000000000048885
2,5,2,28.233,28.23,0.0030000000000001137
2,6,2,29.709,29.71,0.0010000000000012221
2,1,3,28.86,28.86,0.0
2,2,3,27.196,27.2,0.003999999999997783
2,3,3,26.662,26.66,0.0019999999999988916
2,4,3,35.007,35.0,0.006999999999997897
2,5,3,28.392,28.39,0.0019999999999988916
2,6,3,29.742,29.74,0.0020000000000024443
2,1,4,29.167,29.17,0.0030000000000001137
2,2,4,27.286,27.29,0.003999999999997783
2,3,4,26.518,26.52,0.0019999999999988916
2,4,4,34.981,34.98,0.0010000000000047748
2,5,4,28.471,28.47,0.0010000000000012221
2,6,4,29.516,29.52,0.004000000000001336
2,1,1,29.215,29.21,0.004999999999999005
2,2,1,27.521,27.52,0.0010000000000012221
2,3,1,27.309,27.3,0.009000000000000341
2,4,1,35.006,35.01,0.003999999999997783
2,5,1,28.258,28.26,0.0020000000000024443
2,6,1,29.731,29.73,0.0010000000000012221
2,1,2,28.419,28.42,0.0010000000000012221
2,2,2,27.055,27.06,0.004999999999999005
2,3,2,26.675,26.67,0.004999999999999005
2,4,2,34.85,34.85,0.0
2,5,2,28.115,28.12,0.005000000000002558
2,6,2,29.654,29.65,0.004000000000001336
2,1,3,28.729,28.74,0.010999999999999233
2,2,3,27.05,27.05,0.0
2,3,3,26.494,26.49,0.004000000000001336
2,4,3,35.069,35.07,0.0009999999999976694
2,5,3,28.289,28.29,0.0009999999999976694
2,6,3,29.682,29.69,0.008000000000002672
2,1,4,28.468,28.46,0.007999999999999119
2,2,4,26.9,26.9,0.0
2,3,4,26.617,26.62,0.0030000000000001137
2,4,4,35.001,35.0,0.0009999999999976694
2,5,4,28.466,28.46,0.006000000000000227
2,6,4,29.58,29.58,0.0
2,1,1,28.563,28.56,0.0030000000000001137
2,2,1,27.102,27.1,0.0019999999999988916
2,3,1,26.763,26.76,0.0030000000000001137
2,4,1,34.979,34.98,0.0009999999999976694
2,5,1,28.479,28.48,0.0010000000000012221
2,6,1,29.988,29.98,0.007999999999999119
2,1,2,28.741,28.74,0.0010000000000012221
2,2,2,27.08,27.08,0.0
2,3,2,26.753,26.76,0.0070000000000014495
2,4,2,34.834,34.84,0.006000000000000227
2,5,2,28.147,28.15,0.0030000000000001137
2,6,2,29.75,29.75,0.0
2,1,3,29.108,29.1,0.007999999999999119
2,2,3,27.436,27.43,0.006000000000000227
2,3,3,26.928,26.93,0.0019999999999988916
2,4,3,35.071,35.07,0.0009999999999976694
2,5,3,28.289,28.29,0.0009999999999976694
2,6,3,29.726,29.73,0.004000000000001336
2,1,4,28.644,28.64,0.003999999999997783
2,2,4,27.07,27.07,0.0
2,3,4,26.502,26.5,0.0019999999999988916
2,4,4,35.098,35.1,0.0020000000000024443
2,5,4,28.549,28.55,0.0010000000000012221
2,6,4,29.953,29.95,0.0030000000000001137
3,1,1,28.834,28.83,0.004000000000001336
3,2,1,27.703,27.7,0.0030000000000001137
3,3,1,29.399,29.4,0.0009999999999976694
3,4,1,34.071,34.07,0.0009999999999976694
3,5,1,27.758,27.76,0.0020000000000024443
3,6,1,28.994,29.0,0.006000000000000227
3,1,2,28.584,28.59,0.006000000000000227
3,2,2,27.546,27.54,0.006000000000000227
3,3,2,29.252,29.26,0.008000000000002672
3,4,2,34.265,34.27,0.005000000000002558
3,5,2,27.796,27.79,0.006000000000000227
3,6,2,28.922,28.92,0.0019999999999988916
3,1,3,28.595,28.6,0.005000000000002558
3,2,3,27.607,27.61,0.0030000000000001137
3,3,3,29.219,29.22,0.0009999999999976694
3,4,3,34.098,34.1,0.0020000000000024443
3,5,3,27.862,27.86,0.0019999999999988916
3,6,3,28.931,28.93,0.0010000000000012221
3,1,4,28.589,28.59,0.0010000000000012221
3,2,4,27.452,27.45,0.0020000000000024443
3,3,4,29.078,29.08,0.0019999999999988916
3,4,4,34.041,34.04,0.0009999999999976694
3,5,4,27.701,27.7,0.0010000000000012221
3,6,4,29.522,29.52,0.0019999999999988916
3,1,1,28.499,28.5,0.0010000000000012221
3,2,1,27.422,27.42,0.0019999999999988916
3,3,1,29.323,29.32,0.0030000000000001137
3,4,1,34.113,34.11,0.0030000000000001137
3,5,1,27.6,27.6,0.0
3,6,1,29.025,29.03,0.005000000000002558
3,1,2,28.696,28.69,0.006000000000000227
3,2,2,27.487,27.49,0.0030000000000001137
3,3,2,28.985,28.99,0.004999999999999005
3,4,2,34.008,34.01,0.001999999999995339
3,5,2,27.682,27.68,0.0019999999999988916
3,6,2,29.063,29.06,0.0030000000000001137
3,1,3,28.718,28.71,0.007999999999999119
3,2,3,27.544,27.54,0.004000000000001336
3,3,3,29.493,29.49,0.0030000000000001137
3,4,3,34.08,34.08,0.0
3,5,3,27.616,27.62,0.004000000000001336
3,6,3,29.084,29.08,0.004000000000001336
3,1,4,28.357,28.36,0.0030000000000001137
3,2,4,27.438,27.44,0.0020000000000024443
3,3,4,29.229,29.23,0.0010000000000012221
3,4,4,34.112,34.11,0.0020000000000024443
3,5,4,27.658,27.66,0.0019999999999988916
3,6,4,29.124,29.12,0.003999999999997783
3,1,1,28.69,28.69,0.0
3,2,1,27.641,27.64,0.0009999999999976694
3,3,1,28.918,28.92,0.0020000000000024443
3,4,1,34.133,34.13,0.0030000000000001137
3,5,1,27.95,27.95,0.0
3,6,1,28.917,28.92,0.0030000000000001137
3,1,2,28.598,28.6,0.0020000000000024443
3,2,2,27.435,27.44,0.005000000000002558
3,3,2,29.081,29.09,0.009000000000000341
3,4,2,33.893,33.89,0.0030000000000001137
3,5,2,27.565,27.57,0.004999999999999005
3,6,2,29.257,29.26,0.0030000000000001137
3,1,3,28.447,28.44,0.006999999999997897
3,2,3,27.392,27.39,0.0019999999999988916
3,3,3,29.207,29.21,0.0030000000000001137
3,4,3,34.182,34.18,0.0020000000000024443
3,5,3,27.886,27.88,0.006000000000000227
3,6,3,29.174,29.17,0.003999999999997783
3,1,4,28.282,28.28,0.0019999999999988916
3,2,4,27.395,27.39,0.004999999999999005
3,3,4,29.09,29.09,0.0
3,4,4,34.073,34.07,0.0030000000000001137
3,5,4,27.959,27.96,0.0010000000000012221
3,6,4,29.048,29.05,0.0020000000000024443
3,1,1,28.635,28.63,0.005000000000002558
3,2,1,27.475,27.47,0.005000000000002558
3,3,1,29.023,29.03,0.0070000000000014495
3,4,1,34.106,34.11,0.003999999999997783
3,5,1,27.605,27.6,0.004999999999999005
3,6,1,29.324,29.33,0.005999999999996675
3,1,2,28.393,28.4,0.006999999999997897
3,2,2,27.308,27.31,0.0019999999999988916
3,3,2,28.986,28.99,0.003999999999997783
3,4,2,33.978,33.98,0.001999999999995339
3,5,2,27.751,27.75,0.0010000000000012221
3,6,2,29.059,29.06,0.0009999999999976694
3,1,3,28.539,28.54,0.0009999999999976694
3,2,3,27.553,27.55,0.0030000000000001137
3,3,3,29.073,29.07,0.0030000000000001137
3,4,3,34.189,34.19,0.0009999999999976694
3,5,3,27.859,27.86,0.0009999999999976694
3,6,3,29.309,29.31,0.0009999999999976694
3,1,4,28.725,28.73,0.004999999999999005
3,2,4,27.565,27.57,0.004999999999999005
3,3,4,29.326,29.33,0.003999999999997783
3,4,4,33.924,33.92,0.003999999999997783
3,5,4,27.753,27.75,0.0030000000000001137
3,6,4,29.142,29.14,0.0019999999999988916
3,1,1,28.457,28.45,0.0070000000000014495
3,2,1,27.452,27.45,0.0020000000000024443
3,3,1,29.195,29.2,0.004999999999999005
3,4,1,34.039,34.04,0.0009999999999976694
3,5,1,27.675,27.68,0.004999999999999005
3,6,1,29.427,29.43,0.0030000000000001137
3,1,2,28.555,28.56,0.004999999999999005
3,2,2,27.502,27.5,0.0019999999999988916
3,3,2,29.133,29.13,0.0030000000000001137
3,4,2,34.236,34.23,0.006000000000000227
3,5,2,27.826,27.83,0.003999999999997783
3,6,2,28.983,28.99,0.006999999999997897
3,1,3,28.708,28.7,0.007999999999999119
3,2,3,27.49,27.49,0.0
3,3,3,28.93,28.93,0.0
3,4,3,34.043,34.04,0.0030000000000001137
3,5,3,27.61,27.61,0.0
3,6,3,29.315,29.32,0.004999999999999005
3,1,4,28.568,28.57,0.0019999999999988916
3,2,4,27.498,27.5,0.0019999999999988916
3,3,4,29.228,29.23,0.0019999999999988916
3,4,4,33.989,33.99,0.0010000000000047748
3,5,4,27.44,27.44,0.0
3,6,4,29.043,29.04,0.0030000000000001137
3,1,1,28.612,28.62,0.008000000000002672
3,2,1,27.443,27.44,0.0030000000000001137
3,3,1,29.314,29.32,0.006000000000000227
3,4,1,34.046,34.05,0.003999999999997783
3,5,1,27.517,27.52,0.0030000000000001137
3,6,1,28.772,28.77,0.0019999999999988916
3,1,2,28.497,28.5,0.0030000000000001137
3,2,2,27.54,27.53,0.00999999999999801
3,3,2,29.269,29.28,0.011000000000002785
3,4,2,34.171,34.17,0.0009999999999976694
3,5,2,27.774,27.77,0.004000000000001336
3,6,2,29.2,29.2,0.0
3,1,3,28.899,28.9,0.0009999999999976694
3,2,3,27.578,27.58,0.0019999999999988916
3,3,3,29.301,29.3,0.0009999999999976694
3,4,3,34.067,34.07,0.0030000000000001137
3,5,3,27.574,27.57,0.004000000000001336
3,6,3,28.803,28.8,0.0030000000000001137
3,1,4,28.582,28.58,0.0020000000000024443
3,2,4,27.591,27.59,0.0010000000000012221
3,3,4,29.127,29.12,0.006999999999997897
3,4,4,34.167,34.17,0.0030000000000001137
3,5,4,27.784,27.79,0.006000000000000227
3,6,4,28.91,28.91,0.0
3,1,1,28.577,28.58,0.002999999999996561
3,2,1,27.422,27.42,0.0019999999999988916
3,3,1,28.748,28.75,0.0019999999999988916
3,4,1,34.162,34.16,0.0020000000000024443
3,5,1,27.812,27.81,0.0020000000000024443
3,6,1,28.758,28.76,0.0020000000000024443
3,1,2,28.581,28.58,0.0010000000000012221
3,2,2,27.515,27.51,0.004999999999999005
3,3,2,29.164,29.18,0.015999999999998238
3,4,2,34.108,34.11,0.0020000000000024443
3,5,2,27.744,27.74,0.004000000000001336
3,6,2,28.914,28.91,0.004000000000001336
3,1,3,28.552,28.55,0.0019999999999988916
3,2,3,27.45,27.45,0.0
3,3,3,29.431,29.43,0.0010000000000012221
3,4,3,34.026,34.03,0.003999999999997783
3,5,3,27.746,27.74,0.006000000000000227
3,6,3,29.161,29.16,0.0010000000000012221
3,1,4,28.622,28.62,0.0019999999999988916
3,2,4,27.485,27.48,0.004999999999999005
3,3,4,29.154,29.15,0.004000000000001336
3,4,4,34.31,34.31,0.0
3,5,4,27.794,27.8,0.006000000000000227
3,6,4,28.98,28.98,0.0
3,1,1,28.558,28.56,0.0019999999999988916
3,2,1,27.304,27.31,0.006000000000000227
3,3,1,29.187,29.19,0.0030000000000001137
3,4,1,34.016,34.02,0.0040000000000048885
3,5,1,27.737,27.74,0.0030000000000001137
3,6,1,28.912,28.91,0.0019999999999988916
3,1,2,28.473,28.47,0.0030000000000001137
3,2,2,27.414,27.42,0.006000000000000227
3,3,2,29.002,29.0,0.0019999999999988916
3,4,2,34.285,34.29,0.005000000000002558
3,5,2,27.856,27.86,0.003999999999997783
3,6,2,29.122,29.12,0.0019999999999988916
3,1,3,28.719,28.72,0.0009999999999976694
3,2,3,27.556,27.55,0.006000000000000227
3,3,3,29.273,29.27,0.0030000000000001137
3,4,3,34.322,34.32,0.0020000000000024443
3,5,3,28.175,28.18,0.004999999999999005
3,6,3,29.18,29.18,0.0
3,1,4,28.658,28.66,0.0019999999999988916
3,2,4,27.445,27.44,0.004999999999999005
3,3,4,29.048,29.05,0.0020000000000024443
3,4,4,34.008,34.01,0.001999999999995339
3,5,4,27.699,27.7,0.0009999999999976694
3,6,4,28.868,28.87,0.0020000000000024443
3,1,1,28.437,28.44,0.0030000000000001137
3,2,1,27.463,27.46,0.0030000000000001137
3,3,1,29.125,29.13,0.004999999999999005
3,4,1,34.017,34.02,0.0030000000000001137
3,5,1,27.767,27.77,0.0030000000000001137
3,6,1,29.388,29.39,0.0019999999999988916
3,1,2,28.44,28.43,0.010000000000001563
3,2,2,27.48,27.48,0.0
3,3,2,29.319,29.32,0.0010000000000012221
3,4,2,34.137,34.14,0.0030000000000001137
3,5,2,27.834,27.83,0.004000000000001336
3,6,2,28.759,28.76,0.0010000000000012221
3,1,3,28.327,28.33,0.002999999999996561
3,2,3,27.371,27.37,0.0009999999999976694
3,3,3,29.224,29.22,0.004000000000001336
3,4,3,34.148,34.15,0.001999999999995339
3,5,3,27.379,27.38,0.0009999999999976694
3,6,3,28.967,28.97,0.0030000000000001137
3,1,4,28.768,28.77,0.0019999999999988916
3,2,4,27.658,27.66,0.0019999999999988916
3,3,4,29.251,29.25,0.0010000000000012221
3,4,4,33.965,33.97,0.0049999999999954525
3,5,4,27.687,27.69,0.0030000000000001137
3,6,4,28.956,28.96,0.004000000000001336
3,1,1,28.636,28.64,0.004000000000001336
3,2,1,27.463,27.46,0.0030000000000001137
3,3,1,29.175,29.18,0.004999999999999005
3,4,1,34.207,34.21,0.0030000000000001137
3,5,1,27.814,27.81,0.004000000000001336
3,6,1,29.267,29.27,0.0030000000000001137
3,1,2,28.739,28.75,0.010999999999999233
3,2,2,27.458,27.46,0.0020000000000024443
3,3,2,29.102,29.1,0.0019999999999988916
3,4,2,34.091,34.09,0.0009999999999976694
3,5,2,27.641,27.64,0.0009999999999976694
3,6,2,29.219,29.22,0.0009999999999976694
3,1,3,28.64,28.64,0.0
3,2,3,27.529,27.53,0.0010000000000012221
3,3,3,29.265,29.27,0.004999999999999005
3,4,3,34.025,34.03,0.005000000000002558
3,5,3,27.412,27.41,0.0019999999999988916
3,6,3,28.978,28.98,0.0019999999999988916
3,1,4,28.564,28.56,0.004000000000001336
3,2,4,27.44,27.44,0.0
3,3,4,28.988,28.99,0.0019999999999988916
3,4,4,34.124,34.12,0.0040000000000048885
3,5,4,27.793,27.79,0.0030000000000001137
3,6,4,29.253,29.25,0.0030000000000001137
3,1,1,28.651,28.65,0.0010000000000012221
3,2,1,27.363,27.36,0.0030000000000001137
3,3,1,28.875,28.87,0.004999999999999005
3,4,1,34.065,34.06,0.0049999999999954525
3,5,1,27.727,27.73,0.0030000000000001137
3,6,1,28.856,28.86,0.003999999999997783
3,1,2,29.025,29.03,0.005000000000002558
3,2,2,27.789,27.79,0.0009999999999976694
3,3,2,29.232,29.23,0.0019999999999988916
3,4,2,34.135,34.14,0.005000000000002558
3,5,2,27.759,27.76,0.0010000000000012221
3,6,2,29.38,29.38,0.0
3,1,3,28.636,28.63,0.006000000000000227
3,2,3,27.511,27.51,0.0009999999999976694
3,3,3,29.317,29.32,0.0030000000000001137
3,4,3,34.163,34.16,0.0030000000000001137
3,5,3,27.91,27.91,0.0
3,6,3,29.145,29.14,0.004999999999999005
3,1,4,28.615,28.61,0.004999999999999005
3,2,4,27.566,27.56,0.006000000000000227
3,3,4,29.325,29.33,0.004999999999999005
3,4,4,34.018,34.02,0.0020000000000024443
3,5,4,27.743,27.74,0.0030000000000001137
3,6,4,28.792,28.79,0.0020000000000024443
3,1,1,28.601,28.6,0.0009999999999976694
3,2,1,27.424,27.42,0.003999999999997783
3,3,1,29.216,29.21,0.006000000000000227
3,4,1,34.116,34.12,0.003999999999997783
3,5,1,27.663,27.67,0.0070000000000014495
3,6,1,29.329,29.33,0.0009999999999976694
3,1,2,28.684,28.69,0.006000000000000227
3,2,2,27.515,27.51,0.004999999999999005
3,3,2,29.17,29.17,0.0
3,4,2,34.126,34.12,0.006000000000000227
3,5,2,27.764,27.76,0.003999999999997783
3,6,2,28.874,28.87,0.003999999999997783
3,1,3,28.714,28.71,0.003999999999997783
3,2,3,27.546,27.55,0.004000000000001336
3,3,3,29.166,29.16,0.006000000000000227
3,4,3,34.095,34.09,0.0049999999999954525
3,5,3,27.57,27.57,0.0
3,6,3,29.068,29.07,0.0019999999999988916
3,1,4,28.673,28.68,0.0070000000000014495
3,2,4,27.665,27.67,0.005000000000002558
3,3,4,29.054,29.06,0.006000000000000227
3,4,4,34.049,34.05,0.0009999999999976694
3,5,4,27.511,27.51,0.0009999999999976694
3,6,4,28.993,28.99,0.0030000000000001137
3,1,1,28.811,28.81,0.0010000000000012221
3,2,1,27.541,27.54,0.0010000000000012221
3,3,1,29.098,29.1,0.0020000000000024443
3,4,1,34.079,34.08,0.0009999999999976694
3,5,1,27.686,27.69,0.004000000000001336
3,6,1,29.234,29.23,0.004000000000001336
3,1,2,28.461,28.46,0.0009999999999976694
3,2,2,27.337,27.34,0.0030000000000001137
3,3,2,29.114,29.12,0.006000000000000227
3,4,2,33.998,34.0,0.0020000000000024443
3,5,2,27.601,27.6,0.0009999999999976694
3,6,2,29.047,29.05,0.0030000000000001137
3,1,3,28.768,28.76,0.007999999999999119
3,2,3,27.636,27.64,0.004000000000001336
3,3,3,29.238,29.24,0.0019999999999988916
3,4,3,34.189,34.19,0.0009999999999976694
3,5,3,27.851,27.85,0.0009999999999976694
3,6,3,29.018,29.02,0.0019999999999988916
3,1,4,28.646,28.64,0.006000000000000227
3,2,4,27.553,27.55,0.0030000000000001137
3,3,4,29.333,29.33,0.0030000000000001137
3,4,4,34.024,34.02,0.003999999999997783
3,5,4,27.605,27.6,0.004999999999999005
3,6,4,29.225,29.23,0.004999999999999005
3,1,1,28.303,28.29,0.013000000000001677
3,2,1,27.312,27.31,0.0020000000000024443
3,3,1,29.039,29.04,0.0009999999999976694
3,4,1,34.098,34.1,0.0020000000000024443
3,5,1,27.707,27.71,0.0030000000000001137
3,6,1,29.055,29.06,0.004999999999999005
3,1,2,28.622,28.64,0.018000000000000682
3,2,2,27.442,27.44,0.0019999999999988916
3,3,2,29.307,29.3,0.006999999999997897
3,4,2,34.059,34.06,0.0010000000000047748
3,5,2,27.789,27.78,0.009000000000000341
3,6,2,28.795,28.8,0.004999999999999005
3,1,3,28.605,28.6,0.004999999999999005
3,2,3,27.506,27.51,0.004000000000001336
3,3,3,29.208,29.2,0.007999999999999119
3,4,3,34.163,34.16,0.0030000000000001137
3,5,3,27.913,27.91,0.0030000000000001137
3,6,3,29.048,29.05,0.0020000000000024443
3,1,4,28.419,28.41,0.009000000000000341
3,2,4,27.405,27.4,0.005000000000002558
3,3,4,29.096,29.1,0.004000000000001336
3,4,4,34.177,34.18,0.0030000000000001137
3,5,4,27.806,27.81,0.003999999999997783
3,6,4,28.936,28.94,0.004000000000001336
3,1,1,28.689,28.68,0.009000000000000341
3,2,1,27.538,27.53,0.007999999999999119
3,3,1,29.065,29.06,0.005000000000002558
3,4,1,34.005,34.0,0.005000000000002558
3,5,1,27.82,27.82,0.0
3,6,1,29.147,29.15,0.0030000000000001137
3,1,2,28.589,28.58,0.009000000000000341
3,2,2,27.453,27.46,0.0070000000000014495
3,3,2,29.189,29.19,0.0010000000000012221
3,4,2,34.078,34.08,0.001999999999995339
3,5,2,27.571,27.57,0.0010000000000012221
3,6,2,28.934,28.94,0.006000000000000227
3,1,3,28.523,28.52,0.0030000000000001137
3,2,3,27.385,27.39,0.004999999999999005
3,3,3,29.1,29.1,0.0
3,4,3,34.177,34.18,0.0030000000000001137
3,5,3,27.948,27.94,0.007999999999999119
3,6,3,29.153,29.15,0.0030000000000001137
3,1,4,28.331,28.34,0.009000000000000341
3,2,4,27.392,27.39,0.0019999999999988916
3,3,4,28.965,28.97,0.004999999999999005
3,4,4,34.207,34.21,0.0030000000000001137
3,5,4,27.83,27.83,0.0
3,6,4,29.171,29.17,0.0009999999999976694
3,1,1,28.743,28.76,0.017000000000003013
3,2,1,27.524,27.52,0.004000000000001336
3,3,1,28.998,28.99,0.008000000000002672
3,4,1,34.082,34.08,0.0020000000000024443
3,5,1,27.503,27.5,0.0030000000000001137
3,6,1,28.982,28.98,0.0019999999999988916
3,1,2,28.246,28.25,0.004000000000001336
3,2,2,27.145,27.15,0.004999999999999005
3,3,2,29.115,29.11,0.004999999999999005
3,4,2,33.94,33.94,0.0
3,5,2,27.618,27.62,0.0020000000000024443
3,6,2,29.039,29.04,0.0009999999999976694
3,1,3,28.603,28.6,0.0030000000000001137
3,2,3,27.564,27.56,0.004000000000001336
3,3,3,29.182,29.18,0.0019999999999988916
3,4,3,34.221,34.22,0.0009999999999976694
3,5,3,27.666,27.67,0.004000000000001336
3,6,3,29.19,29.19,0.0
3,1,4,28.45,28.46,0.010000000000001563
3,2,4,27.365,27.36,0.004999999999999005
3,3,4,29.301,29.29,0.010999999999999233
3,4,4,33.962,33.96,0.0020000000000024443
3,5,4,27.691,27.69,0.0009999999999976694
3,6,4,28.935,28.94,0.005000000000002558
3,1,1,28.631,28.64,0.009000000000000341
3,2,1,27.618,27.62,0.0020000000000024443
3,3,1,29.305,29.3,0.004999999999999005
3,4,1,34.213,34.21,0.0030000000000001137
3,5,1,27.839,27.84,0.0010000000000012221
3,6,1,28.983,28.98,0.0030000000000001137
3,1,2,28.66,28.67,0.010000000000001563
3,2,2,27.532,27.53,0.0019999999999988916
3,3,2,29.144,29.15,0.006000000000000227
3,4,2,34.112,34.11,0.0020000000000024443
3,5,2,27.889,27.89,0.0010000000000012221
3,6,2,29.153,29.15,0.0030000000000001137
3,1,3,28.524,28.52,0.004000000000001336
3,2,3,27.472,27.47,0.0020000000000024443
3,3,3,29.341,29.35,0.009000000000000341
3,4,3,34.049,34.05,0.0009999999999976694
3,5,3,27.662,27.66,0.0019999999999988916
3,6,3,28.983,28.98,0.0030000000000001137
3,1,4,28.305,28.31,0.004999999999999005
3,2,4,27.405,27.41,0.004999999999999005
3,3,4,29.308,29.3,0.007999999999999119
3,4,4,34.137,34.13,0.006999999999997897
3,5,4,27.755,27.76,0.005000000000002558
3,6,4,28.424,28.49,0.06599999999999895
3,1,1,28.818,28.81,0.008000000000002672
3,2,1,27.49,27.49,0.0
3,3,1,28.993,28.99,0.0030000000000001137
3,4,1,34.041,34.04,0.0009999999999976694
3,5,1,27.715,27.71,0.004999999999999005
3,6,1,28.688,28.68,0.007999999999999119
3,1,2,28.809,28.81,0.0009999999999976694
3,2,2,27.589,27.59,0.0010000000000012221
3,3,2,29.271,29.27,0.0010000000000012221
3,4,2,34.266,34.27,0.0040000000000048885
3,5,2,27.776,27.78,0.004000000000001336
3,6,2,29.189,29.19,0.0010000000000012221
3,1,3,28.608,28.6,0.007999999999999119
3,2,3,27.555,27.55,0.004999999999999005
3,3,3,29.274,29.27,0.004000000000001336
3,4,3,33.99,33.99,0.0
3,5,3,27.815,27.81,0.005000000000002558
3,6,3,29.121,29.12,0.0009999999999976694
3,1,4,28.514,28.51,0.003999999999997783
3,2,4,27.363,27.37,0.0070000000000014495
3,3,4,28.934,28.93,0.004000000000001336
3,4,4,34.061,34.06,0.0009999999999976694
3,5,4,27.632,27.63,0.0020000000000024443
3,6,4,29.046,29.05,0.004000000000001336
3,1,1,28.476,28.48,0.004000000000001336
3,2,1,27.441,27.44,0.0009999999999976694
3,3,1,29.018,29.02,0.0019999999999988916
3,4,1,34.08,34.08,0.0
3,5,1,27.686,27.68,0.006000000000000227
3,6,1,29.046,29.05,0.004000000000001336
3,1,2,28.554,28.57,0.01600000000000179
3,2,2,27.381,27.38,0.0010000000000012221
3,3,2,28.975,28.97,0.005000000000002558
3,4,2,33.988,33.99,0.0020000000000024443
3,5,2,27.616,27.62,0.004000000000001336
3,6,2,28.862,28.86,0.0019999999999988916
3,1,3,28.782,28.78,0.0019999999999988916
3,2,3,27.486,27.49,0.003999999999997783
3,3,3,29.006,29.0,0.006000000000000227
3,4,3,34.262,34.26,0.0020000000000024443
3,5,3,27.65,27.65,0.0
3,6,3,29.017,29.02,0.0030000000000001137
3,1,4,28.861,28.86,0.0010000000000012221
3,2,4,27.674,27.67,0.003999999999997783
3,3,4,29.022,29.03,0.008000000000002672
3,4,4,34.211,34.21,0.0009999999999976694
3,5,4,27.78,27.78,0.0
3,6,4,29.032,29.03,0.0019999999999988916
3,1,1,28.701,28.7,0.0010000000000012221
3,2,1,27.471,27.47,0.0010000000000012221
3,3,1,29.202,29.2,0.0020000000000024443
3,4,1,34.146,34.14,0.006000000000000227
3,5,1,27.665,27.67,0.005000000000002558
3,6,1,29.08,29.08,0.0
3,1,2,28.449,28.44,0.009000000000000341
3,2,2,27.382,27.38,0.0020000000000024443
3,3,2,29.24,29.24,0.0
3,4,2,33.979,33.98,0.0009999999999976694
3,5,2,27.615,27.61,0.004999999999999005
3,6,2,29.178,29.18,0.0019999999999988916
3,1,3,28.41,28.41,0.0
3,2,3,27.473,27.48,0.0070000000000014495
3,3,3,29.239,29.24,0.0009999999999976694
3,4,3,34.002,34.0,0.0020000000000024443
3,5,3,27.598,27.6,0.0020000000000024443
3,6,3,28.952,28.95,0.0020000000000024443
3,1,4,28.639,28.64,0.0010000000000012221
3,2,4,27.489,27.49,0.0009999999999976694
3,3,4,29.024,29.03,0.006000000000000227
3,4,4,33.947,33.95,0.0030000000000001137
3,5,4,27.521,27.52,0.0010000000000012221
3,6,4,29.122,29.12,0.0019999999999988916
4,1,1,28.758,28.76,0.0020000000000024443
4,2,1,27.785,27.78,0.004999999999999005
4,3,1,29.671,29.67,0.0009999999999976694
4,4,1,34.146,34.15,0.003999999999997783
4,5,1,27.762,27.76,0.0019999999999988916
4,6,1,29.256,29.26,0.004000000000001336
4,1,2,28.839,28.84,0.0010000000000012221
4,2,2,27.835,27.83,0.005000000000002558
4,3,2,29.345,29.35,0.005000000000002558
4,4,2,34.496,34.49,0.006000000000000227
4,5,2,28.076,28.08,0.003999999999997783
4,6,2,29.252,29.25,0.0019999999999988916
4,1,3,28.975,28.97,0.005000000000002558
4,2,3,27.777,27.78,0.0030000000000001137
4,3,3,29.511,29.51,0.0009999999999976694
4,4,3,34.262,34.26,0.0020000000000024443
4,5,3,28.081,28.08,0.0010000000000012221
4,6,3,29.087,29.09,0.0030000000000001137
4,1,4,29.142,29.13,0.012000000000000455
4,2,4,27.816,27.81,0.006000000000000227
4,3,4,29.498,29.5,0.0019999999999988916
4,4,4,34.263,34.26,0.0030000000000001137
4,5,4,27.866,27.87,0.004000000000001336
4,6,4,29.335,29.34,0.004999999999999005
4,1,1,28.905,28.9,0.005000000000002558
4,2,1,27.653,27.65,0.0030000000000001137
4,3,1,29.329,29.33,0.0009999999999976694
4,4,1,34.137,34.14,0.0030000000000001137
4,5,1,27.711,27.71,0.0009999999999976694
4,6,1,29.186,29.19,0.004000000000001336
4,1,2,28.768,28.76,0.007999999999999119
4,2,2,27.645,27.65,0.004999999999999005
4,3,2,29.41,29.41,0.0
4,4,2,34.252,34.25,0.0020000000000024443
4,5,2,27.886,27.88,0.006000000000000227
4,6,2,29.202,29.2,0.0020000000000024443
4,1,3,28.956,28.96,0.004000000000001336
4,2,3,27.755,27.76,0.005000000000002558
4,3,3,29.014,29.01,0.003999999999997783
4,4,3,34.297,34.3,0.0030000000000001137
4,5,3,28.12,28.12,0.0
4,6,3,29.129,29.13,0.0009999999999976694
4,1,4,28.535,28.53,0.004999999999999005
4,2,4,27.487,27.48,0.006999999999997897
4,3,4,29.654,29.65,0.004000000000001336
4,4,4,34.301,34.3,0.0010000000000047748
4,5,4,27.9,27.9,0.0
4,6,4,29.174,29.17,0.003999999999997783
4,1,1,28.807,28.81,0.0030000000000001137
4,2,1,27.674,27.67,0.003999999999997783
4,3,1,29.317,29.31,0.0070000000000014495
4,4,1,34.443,34.44,0.0030000000000001137
4,5,1,28.198,28.2,0.0019999999999988916
4,6,1,29.238,29.24,0.0019999999999988916
4,1,2,28.477,28.48,0.0030000000000001137
4,2,2,27.561,27.56,0.0010000000000012221
4,3,2,29.339,29.34,0.0010000000000012221
4,4,2,34.421,34.43,0.009000000000000341
4,5,2,27.945,27.95,0.004999999999999005
4,6,2,28.954,28.95,0.004000000000001336
4,1,3,28.779,28.78,0.0010000000000012221
4,2,3,27.667,27.66,0.0070000000000014495
4,3,3,29.174,29.18,0.006000000000000227
4,4,3,34.437,34.44,0.0030000000000001137
4,5,3,28.036,28.04,0.003999999999997783
4,6,3,29.096,29.1,0.004000000000001336
4,1,4,28.799,28.8,0.0010000000000012221
4,2,4,27.818,27.82,0.0019999999999988916
4,3,4,29.413,29.42,0.0070000000000014495
4,4,4,34.319,34.32,0.0009999999999976694
4,5,4,28.002,28.0,0.0019999999999988916
4,6,4,29.185,29.19,0.005000000000002558
4,1,1,28.83,28.83,0.0
4,2,1,27.767,27.77,0.0030000000000001137
4,3,1,29.484,29.49,0.005999999999996675
4,4,1,34.152,34.15,0.0020000000000024443
4,5,1,27.824,27.83,0.005999999999996675
4,6,1,29.315,29.31,0.005000000000002558
4,1,2,29.036,29.04,0.003999999999997783
4,2,2,27.748,27.74,0.008000000000002672
4,3,2,29.149,29.16,0.010999999999999233
4,4,2,34.292,34.29,0.0020000000000024443
4,5,2,28.007,28.01,0.0030000000000001137
4,6,2,29.207,29.21,0.0030000000000001137
4,1,3,28.762,28.76,0.0019999999999988916
4,2,3,27.578,27.58,0.0019999999999988916
4,3,3,29.481,29.48,0.0010000000000012221
4,4,3,34.208,34.21,0.0020000000000024443
4,5,3,27.91,27.91,0.0
4,6,3,29.322,29.32,0.0019999999999988916
4,1,4,28.828,28.82,0.007999999999999119
4,2,4,27.669,27.67,0.0010000000000012221
4,3,4,29.221,29.23,0.009000000000000341
4,4,4,34.073,34.07,0.0030000000000001137
4,5,4,27.65,27.65,0.0
4,6,4,29.033,29.03,0.0030000000000001137
4,1,1,28.973,28.97,0.0030000000000001137
4,2,1,27.81,27.81,0.0
4,3,1,29.45,29.45,0.0
4,4,1,34.326,34.33,0.003999999999997783
4,5,1,28.164,28.16,0.004000000000001336
4,6,1,28.994,29.0,0.006000000000000227
4,1,2,28.837,28.84,0.0030000000000001137
4,2,2,27.719,27.72,0.0009999999999976694
4,3,2,29.117,29.12,0.0030000000000001137
4,4,2,34.168,34.17,0.0020000000000024443
4,5,2,27.6,27.6,0.0
4,6,2,29.26,29.26,0.0
4,1,3,28.649,28.65,0.0009999999999976694
4,2,3,27.621,27.62,0.0009999999999976694
4,3,3,29.327,29.33,0.002999999999996561
4,4,3,34.262,34.26,0.0020000000000024443
4,5,3,28.066,28.07,0.004000000000001336
4,6,3,29.546,29.55,0.004000000000001336
4,1,4,28.862,28.86,0.0019999999999988916
4,2,4,27.562,27.56,0.0020000000000024443
4,3,4,29.375,29.38,0.004999999999999005
4,4,4,34.245,34.25,0.005000000000002558
4,5,4,27.861,27.86,0.0010000000000012221
4,6,4,28.884,28.89,0.006000000000000227
4,1,1,28.897,28.91,0.013000000000001677
4,2,1,27.705,27.7,0.004999999999999005
4,3,1,29.152,29.15,0.0020000000000024443
4,4,1,34.33,34.33,0.0
4,5,1,27.951,27.95,0.0010000000000012221
4,6,1,29.302,29.3,0.0019999999999988916
4,1,2,28.745,28.75,0.004999999999999005
4,2,2,27.651,27.65,0.0010000000000012221
4,3,2,29.252,29.26,0.008000000000002672
4,4,2,34.156,34.16,0.003999999999997783
4,5,2,27.737,27.74,0.0030000000000001137
4,6,2,28.941,28.94,0.0009999999999976694
4,1,3,28.891,28.89,0.0009999999999976694
4,2,3,27.837,27.84,0.0030000000000001137
4,3,3,29.438,29.45,0.012000000000000455
4,4,3,34.335,34.34,0.005000000000002558
4,5,3,28.047,28.05,0.0030000000000001137
4,6,3,29.062,29.06,0.0020000000000024443
4,1,4,28.444,28.44,0.003999999999997783
4,2,4,27.368,27.37,0.0020000000000024443
4,3,4,29.403,29.41,0.0070000000000014495
4,4,4,34.48,34.48,0.0
4,5,4,27.919,27.92,0.0010000000000012221
4,6,4,29.167,29.17,0.0030000000000001137
4,1,1,28.78,28.78,0.0
4,2,1,27.701,27.7,0.0010000000000012221
4,3,1,29.296,29.3,0.004000000000001336
4,4,1,34.301,34.3,0.0010000000000047748
4,5,1,27.884,27.89,0.006000000000000227
4,6,1,29.269,29.27,0.0010000000000012221
4,1,2,28.858,28.86,0.0019999999999988916
4,2,2,27.735,27.73,0.004999999999999005
4,3,2,29.361,29.36,0.0010000000000012221
4,4,2,34.322,34.32,0.0020000000000024443
4,5,2,27.711,27.71,0.0009999999999976694
4,6,2,29.141,29.14,0.0009999999999976694
4,1,3,28.604,28.6,0.003999999999997783
4,2,3,27.593,27.59,0.0030000000000001137
4,3,3,29.137,29.14,0.0030000000000001137
4,4,3,34.296,34.3,0.003999999999997783
4,5,3,27.895,27.9,0.004999999999999005
4,6,3,29.49,29.49,0.0
4,1,4,28.712,28.7,0.012000000000000455
4,2,4,27.675,27.67,0.004999999999999005
4,3,4,29.559,29.56,0.0009999999999976694
4,4,4,34.272,34.27,0.001999999999995339
4,5,4,27.923,27.93,0.0070000000000014495
4,6,4,29.263,29.26,0.0030000000000001137
4,1,1,29.062,29.06,0.0020000000000024443
4,2,1,27.794,27.79,0.004000000000001336
4,3,1,29.153,29.15,0.0030000000000001137
4,4,1,34.249,34.25,0.0009999999999976694
4,5,1,27.808,27.81,0.0019999999999988916
4,6,1,29.288,29.29,0.0019999999999988916
4,1,2,28.719,28.72,0.0009999999999976694
4,2,2,27.61,27.61,0.0
4,3,2,29.434,29.43,0.004000000000001336
4,4,2,34.477,34.48,0.0030000000000001137
4,5,2,27.98,27.98,0.0
4,6,2,29.04,29.04,0.0
4,1,3,28.857,28.86,0.0030000000000001137
4,2,3,27.693,27.69,0.0030000000000001137
4,3,3,29.582,29.58,0.0020000000000024443
4,4,3,34.16,34.16,0.0
4,5,3,28.046,28.05,0.004000000000001336
4,6,3,29.142,29.14,0.0019999999999988916
4,1,4,28.899,28.9,0.0009999999999976694
4,2,4,27.631,27.63,0.0010000000000012221
4,3,4,29.532,29.53,0.0019999999999988916
4,4,4,34.403,34.4,0.0030000000000001137
4,5,4,27.888,27.89,0.0019999999999988916
4,6,4,29.141,29.14,0.0009999999999976694
4,1,1,28.863,28.86,0.0030000000000001137
4,2,1,27.651,27.65,0.0010000000000012221
4,3,1,29.297,29.3,0.0030000000000001137
4,4,1,34.172,34.17,0.001999999999995339
4,5,1,27.75,27.75,0.0
4,6,1,29.336,29.34,0.004000000000001336
4,1,2,28.753,28.75,0.0030000000000001137
4,2,2,27.565,27.57,0.004999999999999005
4,3,2,29.385,29.38,0.005000000000002558
4,4,2,34.319,34.32,0.0009999999999976694
4,5,2,27.803,27.8,0.0030000000000001137
4,6,2,29.137,29.14,0.0030000000000001137
4,1,3,28.932,28.93,0.0019999999999988916
4,2,3,27.87,27.87,0.0
4,3,3,29.604,29.6,0.003999999999997783
4,4,3,34.297,34.3,0.0030000000000001137
4,5,3,27.813,27.81,0.0030000000000001137
4,6,3,29.292,29.29,0.0020000000000024443
4,1,4,28.922,28.92,0.0019999999999988916
4,2,4,27.731,27.73,0.0010000000000012221
4,3,4,29.426,29.43,0.004000000000001336
4,4,4,34.525,34.52,0.0049999999999954525
4,5,4,28.088,28.08,0.008000000000002672
4,6,4,29.329,29.33,0.0009999999999976694
4,1,1,28.943,28.94,0.0030000000000001137
4,2,1,27.797,27.8,0.0030000000000001137
4,3,1,29.263,29.26,0.0030000000000001137
4,4,1,34.2,34.2,0.0
4,5,1,27.775,27.77,0.004999999999999005
4,6,1,29.131,29.13,0.0010000000000012221
4,1,2,28.588,28.58,0.008000000000002672
4,2,2,27.567,27.56,0.0070000000000014495
4,3,2,29.212,29.21,0.0019999999999988916
4,4,2,34.279,34.28,0.0009999999999976694
4,5,2,27.749,27.75,0.0010000000000012221
4,6,2,29.139,29.14,0.0010000000000012221
4,1,3,28.584,28.58,0.004000000000001336
4,2,3,27.587,27.59,0.0030000000000001137
4,3,3,29.479,29.48,0.0010000000000012221
4,4,3,34.277,34.27,0.006999999999997897
4,5,3,27.864,27.86,0.004000000000001336
4,6,3,29.421,29.42,0.0009999999999976694
4,1,4,28.722,28.72,0.0020000000000024443
4,2,4,27.769,27.77,0.0010000000000012221
4,3,4,29.302,29.3,0.0019999999999988916
4,4,4,34.432,34.43,0.0020000000000024443
4,5,4,28.04,28.04,0.0
4,6,4,29.287,29.29,0.0030000000000001137
4,1,1,28.582,28.58,0.0020000000000024443
4,2,1,27.601,27.6,0.0009999999999976694
4,3,1,29.462,29.46,0.0019999999999988916
4,4,1,34.325,34.33,0.0049999999999954525
4,5,1,28.095,28.1,0.005000000000002558
4,6,1,29.054,29.05,0.003999999999997783
4,1,2,28.977,28.98,0.0030000000000001137
4,2,2,27.824,27.82,0.004000000000001336
4,3,2,29.324,29.32,0.004000000000001336
4,4,2,34.189,34.19,0.0009999999999976694
4,5,2,27.966,27.96,0.006000000000000227
4,6,2,29.449,29.45,0.0009999999999976694
4,1,3,28.865,28.86,0.004999999999999005
4,2,3,27.804,27.8,0.003999999999997783
4,3,3,29.365,29.37,0.005000000000002558
4,4,3,34.268,34.27,0.0020000000000024443
4,5,3,27.892,27.89,0.0019999999999988916
4,6,3,29.13,29.13,0.0
4,1,4,28.797,28.79,0.0070000000000014495
4,2,4,27.716,27.72,0.003999999999997783
4,3,4,29.505,29.51,0.005000000000002558
4,4,4,34.392,34.39,0.0020000000000024443
4,5,4,28.066,28.07,0.004000000000001336
4,6,4,28.994,28.99,0.004000000000001336
4,1,1,28.938,28.94,0.0020000000000024443
4,2,1,27.74,27.74,0.0
4,3,1,29.205,29.2,0.004999999999999005
4,4,1,34.337,34.34,0.0030000000000001137
4,5,1,28.062,28.06,0.0020000000000024443
4,6,1,28.999,29.0,0.0010000000000012221
4,1,2,28.79,28.79,0.0
4,2,2,27.698,27.7,0.0019999999999988916
4,3,2,29.454,29.45,0.004000000000001336
4,4,2,34.127,34.13,0.0030000000000001137
4,5,2,27.66,27.66,0.0
4,6,2,29.152,29.15,0.0020000000000024443
4,1,3,28.877,28.88,0.0030000000000001137
4,2,3,27.655,27.66,0.004999999999999005
4,3,3,29.405,29.41,0.004999999999999005
4,4,3,34.202,34.2,0.001999999999995339
4,5,3,27.899,27.9,0.0009999999999976694
4,6,3,29.075,29.08,0.004999999999999005
4,1,4,28.56,28.56,0.0
4,2,4,27.419,27.42,0.0010000000000012221
4,3,4,29.205,29.21,0.005000000000002558
4,4,4,34.122,34.12,0.0020000000000024443
4,5,4,27.825,27.82,0.004999999999999005
4,6,4,29.135,29.13,0.005000000000002558
4,1,1,29.007,29.0,0.0070000000000014495
4,2,1,27.666,27.67,0.004000000000001336
4,3,1,29.19,29.2,0.00999999999999801
4,4,1,34.325,34.33,0.0049999999999954525
4,5,1,27.855,27.86,0.004999999999999005
4,6,1,29.292,29.29,0.0020000000000024443
4,1,2,28.614,28.61,0.004000000000001336
4,2,2,27.564,27.57,0.006000000000000227
4,3,2,29.483,29.48,0.0030000000000001137
4,4,2,34.016,34.01,0.006000000000000227
4,5,2,27.875,27.87,0.004999999999999005
4,6,2,29.483,29.48,0.0030000000000001137
4,1,3,28.75,28.76,0.010000000000001563
4,2,3,27.647,27.65,0.0030000000000001137
4,3,3,29.118,29.12,0.0020000000000024443
4,4,3,34.258,34.26,0.001999999999995339
4,5,3,27.814,27.81,0.004000000000001336
4,6,3,29.153,29.15,0.0030000000000001137
4,1,4,29.039,29.04,0.0009999999999976694
4,2,4,27.768,27.76,0.007999999999999119
4,3,4,29.421,29.42,0.0009999999999976694
4,4,4,34.346,34.35,0.0040000000000048885
4,5,4,27.895,27.9,0.004999999999999005
4,6,4,29.233,29.23,0.0030000000000001137
4,1,1,28.723,28.72,0.0030000000000001137
4,2,1,27.611,27.61,0.0010000000000012221
4,3,1,29.287,29.29,0.0030000000000001137
4,4,1,34.301,34.3,0.0010000000000047748
4,5,1,27.958,27.96,0.0020000000000024443
4,6,1,28.975,28.97,0.005000000000002558
4,1,2,28.682,28.69,0.008000000000002672
4,2,2,27.43,27.43,0.0
4,3,2,29.365,29.36,0.004999999999999005
4,4,2,34.527,34.53,0.0030000000000001137
4,5,2,28.134,28.13,0.004000000000001336
4,6,2,29.286,29.29,0.003999999999997783
4,1,3,28.8,28.79,0.010000000000001563
4,2,3,27.654,27.65,0.004000000000001336
4,3,3,29.261,29.26,0.0009999999999976694
4,4,3,34.445,34.44,0.005000000000002558
4,5,3,28.089,28.09,0.0010000000000012221
4,6,3,29.2,29.2,0.0
4,1,4,28.619,28.62,0.0010000000000012221
4,2,4,27.514,27.52,0.006000000000000227
4,3,4,29.17,29.18,0.00999999999999801
4,4,4,34.251,34.26,0.009000000000000341
4,5,4,27.628,27.63,0.0019999999999988916
4,6,4,29.108,29.11,0.0019999999999988916
4,1,1,28.929,28.93,0.0010000000000012221
4,2,1,27.685,27.68,0.004999999999999005
4,3,1,29.587,29.58,0.0070000000000014495
4,4,1,34.302,34.3,0.0020000000000024443
4,5,1,28.074,28.07,0.004000000000001336
4,6,1,29.119,29.12,0.0010000000000012221
4,1,2,28.705,28.69,0.014999999999997016
4,2,2,27.51,27.51,0.0
4,3,2,29.077,29.07,0.0070000000000014495
4,4,2,34.276,34.28,0.003999999999997783
4,5,2,27.908,27.91,0.0019999999999988916
4,6,2,29.391,29.39,0.0009999999999976694
4,1,3,28.939,28.94,0.0010000000000012221
4,2,3,27.822,27.83,0.007999999999999119
4,3,3,29.425,29.42,0.004999999999999005
4,4,3,34.351,34.35,0.0009999999999976694
4,5,3,27.986,27.99,0.003999999999997783
4,6,3,29.017,29.02,0.0030000000000001137
4,1,4,28.894,28.9,0.006000000000000227
4,2,4,27.725,27.73,0.004999999999999005
4,3,4,29.406,29.41,0.004000000000001336
4,4,4,34.379,34.38,0.0010000000000047748
4,5,4,27.927,27.93,0.0030000000000001137
4,6,4,29.222,29.22,0.0020000000000024443
4,1,1,28.893,28.9,0.006999999999997897
4,2,1,27.665,27.66,0.004999999999999005
4,3,1,29.218,29.21,0.007999999999999119
4,4,1,34.313,34.31,0.0030000000000001137
4,5,1,27.915,27.91,0.004999999999999005
4,6,1,28.999,29.0,0.0010000000000012221
4,1,2,28.862,28.87,0.008000000000002672
4,2,2,27.721,27.72,0.0010000000000012221
4,3,2,29.382,29.38,0.0020000000000024443
4,4,2,34.425,34.43,0.005000000000002558
4,5,2,28.155,28.15,0.005000000000002558
4,6,2,29.024,29.03,0.006000000000000227
4,1,3,28.813,28.81,0.0030000000000001137
4,2,3,27.638,27.63,0.008000000000002672
4,3,3,29.37,29.37,0.0
4,4,3,34.142,34.14,0.0020000000000024443
4,5,3,27.82,27.82,0.0
4,6,3,29.117,29.12,0.0030000000000001137
4,1,4,28.764,28.77,0.006000000000000227
4,2,4,27.594,27.59,0.004000000000001336
4,3,4,29.334,29.33,0.004000000000001336
4,4,4,34.119,34.12,0.0009999999999976694
4,5,4,28.185,28.18,0.004999999999999005
4,6,4,29.288,29.29,0.0019999999999988916
4,1,1,28.666,28.66,0.006000000000000227
4,2,1,27.486,27.48,0.006000000000000227
4,3,1,29.339,29.34,0.0010000000000012221
4,4,1,34.26,34.26,0.0
4,5,1,27.916,27.91,0.006000000000000227
4,6,1,29.299,29.3,0.0010000000000012221
4,1,2,28.748,28.75,0.0019999999999988916
4,2,2,27.619,27.62,0.0010000000000012221
4,3,2,29.166,29.16,0.006000000000000227
4,4,2,34.299,34.3,0.0009999999999976694
4,5,2,27.975,27.97,0.005000000000002558
4,6,2,29.17,29.17,0.0
4,1,3,28.871,28.87,0.0009999999999976694
4,2,3,27.587,27.59,0.0030000000000001137
4,3,3,29.156,29.15,0.006000000000000227
4,4,3,34.157,34.16,0.0030000000000001137
4,5,3,27.766,27.77,0.004000000000001336
4,6,3,29.06,29.06,0.0
4,1,4,28.632,28.63,0.0020000000000024443
4,2,4,27.618,27.61,0.007999999999999119
4,3,4,29.31,29.32,0.010000000000001563
4,4,4,34.401,34.4,0.0010000000000047748
4,5,4,28.0,28.0,0.0
4,6,4,29.131,29.13,0.0010000000000012221
4,1,1,28.839,28.84,0.0010000000000012221
4,2,1,27.771,27.77,0.0010000000000012221
4,3,1,29.635,29.63,0.005000000000002558
4,4,1,34.273,34.27,0.0030000000000001137
4,5,1,27.734,27.73,0.004000000000001336
4,6,1,29.268,29.27,0.0019999999999988916
4,1,2,28.761,28.76,0.0009999999999976694
4,2,2,27.708,27.71,0.0020000000000024443
4,3,2,29.561,29.56,0.0010000000000012221
4,4,2,34.437,34.44,0.0030000000000001137
4,5,2,27.928,27.93,0.0019999999999988916
4,6,2,29.106,29.11,0.003999999999997783
4,1,3,28.8,28.8,0.0
4,2,3,27.675,27.67,0.004999999999999005
4,3,3,29.577,29.58,0.002999999999996561
4,4,3,34.346,34.34,0.005999999999993122
4,5,3,27.93,27.93,0.0
4,6,3,28.99,28.99,0.0
4,1,4,28.724,28.72,0.004000000000001336
4,2,4,27.789,27.79,0.0009999999999976694
4,3,4,29.119,29.12,0.0010000000000012221
4,4,4,34.47,34.47,0.0
4,5,4,27.82,27.82,0.0
4,6,4,29.356,29.36,0.003999999999997783
4,1,1,28.829,28.83,0.0009999999999976694
4,2,1,27.665,27.66,0.004999999999999005
4,3,1,29.257,29.26,0.0030000000000001137
4,4,1,34.321,34.32,0.0009999999999976694
4,5,1,28.0,28.0,0.0
4,6,1,29.211,29.21,0.0009999999999976694
4,1,2,29.129,29.12,0.009000000000000341
4,2,2,27.844,27.84,0.004000000000001336
4,3,2,29.356,29.37,0.013999999999999346
4,4,2,34.2,34.2,0.0
4,5,2,27.949,27.95,0.0009999999999976694
4,6,2,29.217,29.22,0.0030000000000001137
4,1,3,28.801,28.8,0.0009999999999976694
4,2,3,27.607,27.61,0.0030000000000001137
4,3,3,29.416,29.42,0.004000000000001336
4,4,3,34.261,34.26,0.0010000000000047748
4,5,3,27.931,27.93,0.0010000000000012221
4,6,3,29.431,29.43,0.0010000000000012221
4,1,4,28.791,28.79,0.0010000000000012221
4,2,4,27.666,27.67,0.004000000000001336
4,3,4,29.36,29.36,0.0
4,4,4,34.143,34.14,0.0030000000000001137
4,5,4,27.769,27.77,0.0010000000000012221
4,6,4,29.56,29.56,0.0
4,1,1,28.874,28.88,0.006000000000000227
4,2,1,27.67,27.67,0.0
4,3,1,29.46,29.46,0.0
4,4,1,34.221,34.22,0.0009999999999976694
4,5,1,28.005,28.0,0.004999999999999005
4,6,1,29.419,29.42,0.0010000000000012221
4,1,2,28.719,28.73,0.010999999999999233
4,2,2,27.68,27.68,0.0
4,3,2,29.514,29.52,0.006000000000000227
4,4,2,34.401,34.4,0.0010000000000047748
4,5,2,28.136,28.14,0.004000000000001336
4,6,2,29.32,29.32,0.0
4,1,3,28.956,28.95,0.006000000000000227
4,2,3,27.744,27.74,0.004000000000001336
4,3,3,29.564,29.56,0.004000000000001336
4,4,3,34.361,34.36,0.0009999999999976694
4,5,3,27.77,27.77,0.0
4,6,3,29.225,29.22,0.005000000000002558
4,1,4,29.053,29.05,0.0030000000000001137
4,2,4,27.788,27.79,0.0019999999999988916
4,3,4,29.289,29.28,0.009000000000000341
4,4,4,34.279,34.28,0.0009999999999976694
4,5,4,27.475,27.47,0.005000000000002558
4,6,4,29.301,29.3,0.0009999999999976694
5,1,1,28.536,28.54,0.003999999999997783
5,2,1,27.379,27.38,0.0009999999999976694
5,3,1,29.022,29.02,0.0019999999999988916
5,4,1,34.013,34.01,0.0030000000000001137
5,5,1,27.744,27.74,0.004000000000001336
5,6,1,28.894,28.89,0.003999999999997783
5,1,2,28.694,28.7,0.006000000000000227
5,2,2,27.522,27.52,0.0019999999999988916
5,3,2,29.304,29.3,0.003999999999997783
5,4,2,34.314,34.31,0.003999999999997783
5,5,2,27.781,27.78,0.0009999999999976694
5,6,2,28.967,28.97,0.0030000000000001137
5,1,3,28.53,28.53,0.0
5,2,3,27.366,27.37,0.004000000000001336
5,3,3,29.051,29.05,0.0009999999999976694
5,4,3,34.056,34.05,0.006000000000000227
5,5,3,27.572,27.58,0.007999999999999119
5,6,3,29.086,29.09,0.004000000000001336
5,1,4,28.697,28.7,0.0030000000000001137
5,2,4,27.567,27.56,0.0070000000000014495
5,3,4,29.149,29.15,0.0009999999999976694
5,4,4,34.288,34.29,0.0020000000000024443
5,5,4,27.6,27.6,0.0
5,6,4,28.95,28.95,0.0
5,1,1,28.375,28.38,0.004999999999999005
5,2,1,27.462,27.46,0.0019999999999988916
5,3,1,29.04,29.04,0.0
5,4,1,34.243,34.24,0.0030000000000001137
5,5,1,27.71,27.71,0.0
5,6,1,29.104,29.1,0.003999999999997783
5,1,2,28.749,28.75,0.0010000000000012221
5,2,2,27.647,27.64,0.006999999999997897
5,3,2,29.319,29.32,0.0010000000000012221
5,4,2,34.343,34.34,0.0030000000000001137
5,5,2,27.996,27.99,0.006000000000000227
5,6,2,28.801,28.8,0.0009999999999976694
5,1,3,28.869,28.87,0.0010000000000012221
5,2,3,27.612,27.61,0.0019999999999988916
5,3,3,29.233,29.23,0.0030000000000001137
5,4,3,34.214,34.21,0.003999999999997783
5,5,3,27.582,27.58,0.0020000000000024443
5,6,3,29.23,29.23,0.0
5,1,4,28.516,28.52,0.004000000000001336
5,2,4,27.431,27.43,0.0010000000000012221
5,3,4,28.972,28.97,0.0020000000000024443
5,4,4,34.22,34.22,0.0
5,5,4,27.911,27.91,0.0010000000000012221
5,6,4,29.047,29.05,0.0030000000000001137
5,1,1,28.764,28.77,0.006000000000000227
5,2,1,27.554,27.55,0.003999999999997783
5,3,1,28.961,28.97,0.009000000000000341
5,4,1,34.218,34.22,0.001999999999995339
5,5,1,27.71,27.71,0.0
5,6,1,29.083,29.08,0.0030000000000001137
5,1,2,28.632,28.63,0.0020000000000024443
5,2,2,27.468,27.47,0.0019999999999988916
5,3,2,29.128,29.12,0.007999999999999119
5,4,2,34.183,34.18,0.0030000000000001137
5,5,2,27.836,27.84,0.004000000000001336
5,6,2,29.039,29.04,0.0009999999999976694
5,1,3,28.372,28.37,0.0019999999999988916
5,2,3,27.224,27.22,0.004000000000001336
5,3,3,28.812,28.81,0.0020000000000024443
5,4,3,34.0,34.0,0.0
5,5,3,27.676,27.68,0.004000000000001336
5,6,3,29.112,29.11,0.0019999999999988916
5,1,4,28.661,28.66,0.0010000000000012221
5,2,4,27.559,27.56,0.0009999999999976694
5,3,4,29.26,29.26,0.0
5,4,4,33.937,33.94,0.0030000000000001137
5,5,4,27.558,27.56,0.0019999999999988916
5,6,4,29.171,29.17,0.0009999999999976694
5,1,1,28.444,28.44,0.003999999999997783
5,2,1,27.459,27.46,0.0010000000000012221
5,3,1,29.224,29.22,0.004000000000001336
5,4,1,34.041,34.04,0.0009999999999976694
5,5,1,27.747,27.75,0.0030000000000001137
5,6,1,29.041,29.04,0.0010000000000012221
5,1,2,28.861,28.86,0.0010000000000012221
5,2,2,27.494,27.49,0.004000000000001336
5,3,2,28.801,28.8,0.0009999999999976694
5,4,2,34.057,34.06,0.0030000000000001137
5,5,2,27.715,27.71,0.004999999999999005
5,6,2,29.156,29.16,0.004000000000001336
5,1,3,28.403,28.4,0.0030000000000001137
5,2,3,27.226,27.23,0.004000000000001336
5,3,3,28.949,28.95,0.0009999999999976694
5,4,3,34.079,34.08,0.0009999999999976694
5,5,3,27.633,27.63,0.0030000000000001137
5,6,3,29.01,29.01,0.0
5,1,4,28.393,28.39,0.0030000000000001137
5,2,4,27.368,27.37,0.0020000000000024443
5,3,4,29.178,29.18,0.0019999999999988916
5,4,4,34.163,34.16,0.0030000000000001137
5,5,4,27.745,27.75,0.004999999999999005
5,6,4,29.108,29.11,0.0019999999999988916
5,1,1,28.286,28.29,0.003999999999997783
5,2,1,27.33,27.33,0.0
5,3,1,29.23,29.23,0.0
5,4,1,33.997,34.0,0.0030000000000001137
5,5,1,27.535,27.54,0.004999999999999005
5,6,1,29.073,29.07,0.0030000000000001137
5,1,2,28.537,28.53,0.006999999999997897
5,2,2,27.474,27.47,0.004000000000001336
5,3,2,29.368,29.37,0.0020000000000024443
5,4,2,34.126,34.13,0.0040000000000048885
5,5,2,27.779,27.78,0.0010000000000012221
5,6,2,28.914,28.91,0.004000000000001336
5,1,3,28.653,28.66,0.0070000000000014495
5,2,3,27.507,27.51,0.0030000000000001137
5,3,3,29.013,29.01,0.0030000000000001137
5,4,3,34.068,34.07,0.0020000000000024443
5,5,3,27.805,27.8,0.004999999999999005
5,6,3,28.757,28.76,0.0030000000000001137
5,1,4,28.345,28.35,0.005000000000002558
5,2,4,27.304,27.3,0.003999999999997783
5,3,4,29.092,29.09,0.0019999999999988916
5,4,4,34.09,34.09,0.0
5,5,4,27.695,27.69,0.004999999999999005
5,6,4,29.076,29.08,0.003999999999997783
5,1,1,28.908,28.91,0.0019999999999988916
5,2,1,27.667,27.67,0.0030000000000001137
5,3,1,29.198,29.2,0.0019999999999988916
5,4,1,34.294,34.29,0.003999999999997783
5,5,1,27.82,27.82,0.0
5,6,1,28.932,28.93,0.0019999999999988916
5,1,2,28.621,28.62,0.0009999999999976694
5,2,2,27.423,27.43,0.0070000000000014495
5,3,2,28.957,28.96,0.0030000000000001137
5,4,2,34.071,34.07,0.0009999999999976694
5,5,2,27.631,27.63,0.0010000000000012221
5,6,2,28.961,28.96,0.0009999999999976694
5,1,3,28.573,28.57,0.0030000000000001137
5,2,3,27.577,27.58,0.002999999999996561
5,3,3,29.416,29.41,0.006000000000000227
5,4,3,33.958,33.96,0.0020000000000024443
5,5,3,27.66,27.66,0.0
5,6,3,28.951,28.95,0.0010000000000012221
5,1,4,28.519,28.52,0.0010000000000012221
5,2,4,27.428,27.43,0.0019999999999988916
5,3,4,29.087,29.09,0.0030000000000001137
5,4,4,33.928,33.93,0.0020000000000024443
5,5,4,27.529,27.53,0.0010000000000012221
5,6,4,29.029,29.03,0.0010000000000012221
5,1,1,28.785,28.79,0.004999999999999005
5,2,1,27.577,27.58,0.002999999999996561
5,3,1,29.249,29.25,0.0010000000000012221
5,4,1,33.929,33.93,0.0009999999999976694
5,5,1,27.875,27.87,0.004999999999999005
5,6,1,28.811,28.81,0.0010000000000012221
5,1,2,28.695,28.7,0.004999999999999005
5,2,2,27.519,27.52,0.0010000000000012221
5,3,2,29.261,29.26,0.0009999999999976694
5,4,2,34.157,34.16,0.0030000000000001137
5,5,2,27.723,27.72,0.0030000000000001137
5,6,2,28.973,28.97,0.0030000000000001137
5,1,3,28.347,28.34,0.0070000000000014495
5,2,3,27.228,27.23,0.0019999999999988916
5,3,3,29.067,29.07,0.0030000000000001137
5,4,3,34.018,34.02,0.0020000000000024443
5,5,3,27.64,27.64,0.0
5,6,3,29.101,29.1,0.0009999999999976694
5,1,4,28.335,28.34,0.004999999999999005
5,2,4,27.309,27.31,0.0009999999999976694
5,3,4,29.155,29.16,0.004999999999999005
5,4,4,34.128,34.12,0.008000000000002672
5,5,4,27.752,27.75,0.0019999999999988916
5,6,4,29.044,29.04,0.004000000000001336
5,1,1,28.706,28.71,0.004000000000001336
5,2,1,27.539,27.54,0.0009999999999976694
5,3,1,29.064,29.07,0.006000000000000227
5,4,1,34.076,34.08,0.003999999999997783
5,5,1,27.457,27.46,0.0030000000000001137
5,6,1,29.127,29.13,0.0030000000000001137
5,1,2,28.428,28.43,0.0019999999999988916
5,2,2,27.367,27.36,0.0070000000000014495
5,3,2,29.038,29.04,0.0019999999999988916
5,4,2,34.034,34.04,0.006000000000000227
5,5,2,27.617,27.62,0.0030000000000001137
5,6,2,29.064,29.06,0.004000000000001336
5,1,3,28.626,28.63,0.003999999999997783
5,2,3,27.396,27.39,0.006000000000000227
5,3,3,29.166,29.17,0.004000000000001336
5,4,3,34.024,34.02,0.003999999999997783
5,5,3,27.808,27.81,0.0019999999999988916
5,6,3,29.174,29.17,0.003999999999997783
5,1,4,28.603,28.6,0.0030000000000001137
5,2,4,27.578,27.57,0.007999999999999119
5,3,4,29.042,29.04,0.0020000000000024443
5,4,4,34.205,34.21,0.005000000000002558
5,5,4,27.54,27.54,0.0
5,6,4,29.056,29.06,0.003999999999997783
5,1,1,28.622,28.62,0.0019999999999988916
5,2,1,27.501,27.5,0.0010000000000012221
5,3,1,29.321,29.32,0.0010000000000012221
5,4,1,34.023,34.02,0.0030000000000001137
5,5,1,27.854,27.86,0.006000000000000227
5,6,1,29.113,29.11,0.0030000000000001137
5,1,2,28.83,28.83,0.0
5,2,2,27.515,27.52,0.004999999999999005
5,3,2,28.953,28.95,0.0030000000000001137
5,4,2,34.106,34.11,0.003999999999997783
5,5,2,27.822,27.82,0.0019999999999988916
5,6,2,28.852,28.85,0.0019999999999988916
5,1,3,28.506,28.51,0.004000000000001336
5,2,3,27.281,27.28,0.0009999999999976694
5,3,3,29.107,29.11,0.0030000000000001137
5,4,3,33.877,33.88,0.0030000000000001137
5,5,3,27.591,27.59,0.0010000000000012221
5,6,3,28.935,28.93,0.004999999999999005
5,1,4,28.118,28.09,0.027999999999998693
5,2,4,27.182,27.17,0.011999999999996902
5,3,4,28.801,28.81,0.009000000000000341
5,4,4,34.057,34.06,0.0030000000000001137
5,5,4,27.809,27.81,0.0009999999999976694
5,6,4,29.06,29.06,0.0
5,1,1,28.484,28.48,0.004000000000001336
5,2,1,27.532,27.53,0.0019999999999988916
5,3,1,29.064,29.06,0.004000000000001336
5,4,1,34.047,34.04,0.006999999999997897
5,5,1,27.958,27.96,0.0020000000000024443
5,6,1,28.815,28.81,0.005000000000002558
5,1,2,28.544,28.54,0.004000000000001336
5,2,2,27.343,27.35,0.0070000000000014495
5,3,2,29.0,29.0,0.0
5,4,2,34.192,34.19,0.0020000000000024443
5,5,2,27.793,27.79,0.0030000000000001137
5,6,2,29.033,29.03,0.0030000000000001137
5,1,3,28.562,28.55,0.012000000000000455
5,2,3,27.335,27.34,0.004999999999999005
5,3,3,29.158,29.16,0.0019999999999988916
5,4,3,33.888,33.89,0.0020000000000024443
5,5,3,27.85,27.85,0.0
5,6,3,29.034,29.03,0.003999999999997783
5,1,4,28.479,28.49,0.010999999999999233
5,2,4,27.493,27.49,0.0030000000000001137
5,3,4,29.336,29.34,0.004000000000001336
5,4,4,34.11,34.11,0.0
5,5,4,27.591,27.59,0.0010000000000012221
5,6,4,28.819,28.82,0.0010000000000012221
5,1,1,28.794,28.8,0.006000000000000227
5,2,1,27.736,27.74,0.003999999999997783
5,3,1,29.354,29.36,0.006000000000000227
5,4,1,34.082,34.08,0.0020000000000024443
5,5,1,27.624,27.63,0.006000000000000227
5,6,1,29.098,29.1,0.0020000000000024443
5,1,2,28.598,28.6,0.0020000000000024443
5,2,2,27.504,27.5,0.004000000000001336
5,3,2,29.237,29.24,0.0030000000000001137
5,4,2,33.826,33.83,0.003999999999997783
5,5,2,27.39,27.39,0.0
5,6,2,28.83,28.83,0.0
5,1,3,28.356,28.35,0.006000000000000227
5,2,3,27.346,27.35,0.004000000000001336
5,3,3,29.541,29.54,0.0010000000000012221
5,4,3,34.046,34.05,0.003999999999997783
5,5,3,27.623,27.62,0.0030000000000001137
5,6,3,28.89,28.89,0.0
5,1,4,28.721,28.73,0.009000000000000341
5,2,4,27.526,27.53,0.004000000000001336
5,3,4,29.069,29.07,0.0010000000000012221
5,4,4,34.14,34.14,0.0
5,5,4,27.92,27.92,0.0
5,6,4,29.101,29.1,0.0009999999999976694
5,1,1,28.796,28.8,0.004000000000001336
5,2,1,27.607,27.61,0.0030000000000001137
5,3,1,29.325,29.32,0.004999999999999005
5,4,1,34.191,34.19,0.0010000000000047748
5,5,1,27.644,27.64,0.003999999999997783
5,6,1,29.419,29.42,0.0010000000000012221
5,1,2,28.67,28.67,0.0
5,2,2,27.444,27.45,0.006000000000000227
5,3,2,28.882,28.88,0.0020000000000024443
5,4,2,34.19,34.19,0.0
5,5,2,27.798,27.8,0.0020000000000024443
5,6,2,29.261,29.26,0.0009999999999976694
5,1,3,28.822,28.82,0.0019999999999988916
5,2,3,27.57,27.57,0.0
5,3,3,29.388,29.39,0.0019999999999988916
5,4,3,34.132,34.13,0.001999999999995339
5,5,3,27.824,27.82,0.004000000000001336
5,6,3,29.116,29.12,0.004000000000001336
5,1,4,28.445,28.45,0.004999999999999005
5,2,4,27.465,27.47,0.004999999999999005
5,3,4,29.242,29.24,0.0020000000000024443
5,4,4,34.174,34.18,0.006000000000000227
5,5,4,27.592,27.59,0.0019999999999988916
5,6,4,29.151,29.15,0.0010000000000012221
5,1,1,28.566,28.56,0.006000000000000227
5,2,1,27.435,27.44,0.005000000000002558
5,3,1,29.2,29.2,0.0
5,4,1,34.259,34.26,0.0009999999999976694
5,5,1,27.842,27.84,0.0019999999999988916
5,6,1,28.685,28.69,0.005000000000002558
5,1,2,28.607,28.61,0.0030000000000001137
5,2,2,27.478,27.48,0.0019999999999988916
5,3,2,29.115,29.12,0.005000000000002558
5,4,2,34.134,34.13,0.003999999999997783
5,5,2,27.705,27.7,0.004999999999999005
5,6,2,29.046,29.05,0.004000000000001336
5,1,3,28.747,28.74,0.0070000000000014495
5,2,3,27.449,27.45,0.0009999999999976694
5,3,3,28.917,28.92,0.0030000000000001137
5,4,3,34.13,34.13,0.0
5,5,3,27.757,27.76,0.0030000000000001137
5,6,3,28.953,28.95,0.0030000000000001137
5,1,4,28.364,28.37,0.006000000000000227
5,2,4,27.393,27.39,0.0030000000000001137
5,3,4,29.084,29.08,0.004000000000001336
5,4,4,34.047,34.05,0.0030000000000001137
5,5,4,27.957,27.96,0.0030000000000001137
5,6,4,28.901,28.9,0.0010000000000012221
5,1,1,28.66,28.65,0.010000000000001563
5,2,1,27.601,27.6,0.0009999999999976694
5,3,1,29.357,29.35,0.006999999999997897
5,4,1,34.365,34.37,0.0049999999999954525
5,5,1,27.751,27.75,0.0010000000000012221
5,6,1,29.14,29.14,0.0
5,1,2,28.54,28.54,0.0
5,2,2,27.468,27.46,0.007999999999999119
5,3,2,29.382,29.39,0.007999999999999119
5,4,2,34.332,34.33,0.0020000000000024443
5,5,2,28.021,28.02,0.0010000000000012221
5,6,2,28.963,28.96,0.0030000000000001137
5,1,3,28.865,28.87,0.005000000000002558
5,2,3,27.671,27.67,0.0009999999999976694
5,3,3,29.178,29.18,0.0019999999999988916
5,4,3,34.158,34.16,0.001999999999995339
5,5,3,27.769,27.77,0.0010000000000012221
5,6,3,28.894,28.89,0.003999999999997783
5,1,4,28.462,28.46,0.0019999999999988916
5,2,4,27.419,27.42,0.0010000000000012221
5,3,4,29.21,29.21,0.0
5,4,4,34.007,34.01,0.0030000000000001137
5,5,4,27.752,27.75,0.0019999999999988916
5,6,4,29.065,29.07,0.004999999999999005
5,1,1,28.704,28.71,0.006000000000000227
5,2,1,27.586,27.59,0.004000000000001336
5,3,1,29.102,29.1,0.0019999999999988916
5,4,1,33.995,33.99,0.0049999999999954525
5,5,1,27.576,27.57,0.006000000000000227
5,6,1,29.075,29.07,0.004999999999999005
5,1,2,28.674,28.67,0.003999999999997783
5,2,2,27.56,27.56,0.0
5,3,2,29.218,29.22,0.0019999999999988916
5,4,2,34.02,34.02,0.0
5,5,2,27.673,27.68,0.0070000000000014495
5,6,2,29.057,29.06,0.0030000000000001137
5,1,3,28.931,28.92,0.010999999999999233
5,2,3,27.694,27.7,0.006000000000000227
5,3,3,29.219,29.22,0.0009999999999976694
5,4,3,34.046,34.04,0.006000000000000227
5,5,3,27.871,27.87,0.0009999999999976694
5,6,3,29.124,29.12,0.003999999999997783
5,1,4,28.412,28.41,0.0019999999999988916
5,2,4,27.457,27.46,0.0030000000000001137
5,3,4,29.312,29.31,0.0020000000000024443
5,4,4,34.197,34.2,0.0030000000000001137
5,5,4,27.947,27.94,0.006999999999997897
5,6,4,28.942,28.94,0.0019999999999988916
5,1,1,28.438,28.44,0.0020000000000024443
5,2,1,27.449,27.45,0.0009999999999976694
5,3,1,29.18,29.18,0.0
5,4,1,34.177,34.18,0.0030000000000001137
5,5,1,27.855,27.85,0.004999999999999005
5,6,1,29.191,29.19,0.0009999999999976694
5,1,2,28.419,28.41,0.009000000000000341
5,2,2,27.419,27.42,0.0010000000000012221
5,3,2,29.11,29.11,0.0
5,4,2,34.091,34.09,0.0009999999999976694
5,5,2,27.806,27.81,0.003999999999997783
5,6,2,28.929,28.93,0.0010000000000012221
5,1,3,28.566,28.57,0.004000000000001336
5,2,3,27.509,27.51,0.0010000000000012221
5,3,3,29.095,29.1,0.005000000000002558
5,4,3,34.123,34.12,0.0030000000000001137
5,5,3,27.62,27.62,0.0
5,6,3,29.015,29.02,0.004999999999999005
5,1,4,28.71,28.71,0.0
5,2,4,27.489,27.49,0.0009999999999976694
5,3,4,29.11,29.11,0.0
5,4,4,34.019,34.02,0.0010000000000047748
5,5,4,27.626,27.63,0.003999999999997783
5,6,4,29.222,29.22,0.0020000000000024443
5,1,1,28.499,28.49,0.009000000000000341
5,2,1,27.423,27.42,0.002999999999996561
5,3,1,29.009,29.0,0.009000000000000341
5,4,1,34.021,34.02,0.0009999999999976694
5,5,1,27.569,27.57,0.0010000000000012221
5,6,1,28.994,28.99,0.004000000000001336
5,1,2,28.259,28.25,0.009000000000000341
5,2,2,27.379,27.38,0.0009999999999976694
5,3,2,28.921,28.92,0.0009999999999976694
5,4,2,34.192,34.19,0.0020000000000024443
5,5,2,27.698,27.7,0.0019999999999988916
5,6,2,29.389,29.39,0.0010000000000012221
5,1,3,28.314,28.3,0.013999999999999346
5,2,3,27.449,27.45,0.0009999999999976694
5,3,3,29.114,29.11,0.004000000000001336
5,4,3,34.101,34.1,0.0009999999999976694
5,5,3,27.788,27.79,0.0019999999999988916
5,6,3,28.983,28.98,0.0030000000000001137
5,1,4,28.83,28.83,0.0
5,2,4,27.59,27.59,0.0
5,3,4,29.096,29.09,0.006000000000000227
5,4,4,33.963,33.96,0.0030000000000001137
5,5,4,27.434,27.43,0.004000000000001336
5,6,4,29.221,29.22,0.0010000000000012221
5,1,1,28.687,28.69,0.0030000000000001137
5,2,1,27.647,27.64,0.006999999999997897
5,3,1,29.429,29.43,0.0010000000000012221
5,4,1,34.177,34.18,0.0030000000000001137
5,5,1,27.767,27.77,0.0030000000000001137
5,6,1,29.154,29.15,0.004000000000001336
5,1,2,28.912,28.92,0.008000000000002672
5,2,2,27.684,27.68,0.004000000000001336
5,3,2,29.311,29.31,0.0010000000000012221
5,4,2,34.052,34.05,0.0020000000000024443
5,5,2,27.8,27.8,0.0
5,6,2,29.141,29.14,0.0009999999999976694
5,1,3,28.613,28.61,0.0030000000000001137
5,2,3,27.434,27.43,0.004000000000001336
5,3,3,28.805,28.79,0.015000000000000568
5,4,3,34.238,34.24,0.0020000000000024443
5,5,3,28.008,28.01,0.0020000000000024443
5,6,3,29.343,29.34,0.0030000000000001137
5,1,4,28.846,28.85,0.004000000000001336
5,2,4,27.618,27.62,0.0020000000000024443
5,3,4,29.112,29.11,0.0019999999999988916
5,4,4,33.909,33.91,0.0009999999999976694
5,5,4,27.481,27.48,0.0010000000000012221
5,6,4,28.987,28.99,0.0030000000000001137
5,1,1,28.435,28.43,0.004999999999999005
5,2,1,27.414,27.41,0.004000000000001336
5,3,1,29.004,29.01,0.006000000000000227
5,4,1,34.137,34.14,0.0030000000000001137
5,5,1,27.825,27.83,0.004999999999999005
5,6,1,29.282,29.28,0.0019999999999988916
5,1,2,28.446,28.45,0.003999999999997783
5,2,2,27.375,27.38,0.004999999999999005
5,3,2,29.111,29.11,0.0010000000000012221
5,4,2,34.129,34.13,0.0010000000000047748
5,5,2,27.786,27.79,0.003999999999997783
5,6,2,29.068,29.07,0.0019999999999988916
5,1,3,28.463,28.46,0.0030000000000001137
5,2,3,27.296,27.29,0.006000000000000227
5,3,3,29.077,29.08,0.002999999999996561
5,4,3,34.37,34.37,0.0
5,5,3,28.008,28.01,0.0020000000000024443
5,6,3,28.738,28.74,0.0019999999999988916
5,1,4,28.482,28.48,0.0019999999999988916
5,2,4,27.307,27.31,0.0030000000000001137
5,3,4,29.128,29.13,0.0019999999999988916
5,4,4,34.147,34.15,0.0030000000000001137
5,5,4,27.752,27.75,0.0019999999999988916
5,6,4,28.744,28.74,0.004000000000001336
5,1,1,28.842,28.85,0.008000000000002672
5,2,1,27.512,27.51,0.0019999999999988916
5,3,1,29.133,29.13,0.0030000000000001137
5,4,1,34.066,34.07,0.003999999999997783
5,5,1,27.824,27.82,0.004000000000001336
5,6,1,28.937,28.94,0.0030000000000001137
5,1,2,28.703,28.7,0.0030000000000001137
5,2,2,27.674,27.67,0.003999999999997783
5,3,2,29.062,29.06,0.0020000000000024443
5,4,2,34.231,34.23,0.0010000000000047748
5,5,2,27.821,27.82,0.0010000000000012221
5,6,2,29.146,29.14,0.006000000000000227
5,1,3,28.481,28.48,0.0010000000000012221
5,2,3,27.29,27.29,0.0
5,3,3,28.985,28.98,0.004999999999999005
5,4,3,34.041,34.04,0.0009999999999976694
5,5,3,28.031,28.03,0.0009999999999976694
5,6,3,28.981,28.98,0.0010000000000012221
5,1,4,28.437,28.44,0.0030000000000001137
5,2,4,27.502,27.51,0.008000000000002672
5,3,4,29.28,29.28,0.0
5,4,4,34.194,34.19,0.0040000000000048885
5,5,4,27.753,27.75,0.0030000000000001137
5,6,4,29.021,29.02,0.0010000000000012221
6,1,1,28.586,28.59,0.004000000000001336
6,2,1,27.542,27.55,0.007999999999999119
6,3,1,29.432,29.43,0.0019999999999988916
6,4,1,34.199,34.2,0.0010000000000047748
6,5,1,27.969,27.97,0.0009999999999976694
6,6,1,29.046,29.05,0.004000000000001336
6,1,2,28.672,28.66,0.012000000000000455
6,2,2,27.403,27.4,0.0030000000000001137
6,3,2,28.966,28.97,0.003999999999997783
6,4,2,34.064,34.06,0.003999999999997783
6,5,2,27.706,27.71,0.004000000000001336
6,6,2,29.254,29.25,0.004000000000001336
6,1,3,28.799,28.8,0.0010000000000012221
6,2,3,27.532,27.53,0.0019999999999988916
6,3,3,29.082,29.09,0.007999999999999119
6,4,3,34.116,34.12,0.003999999999997783
6,5,3,27.682,27.68,0.0019999999999988916
6,6,3,28.844,28.85,0.006000000000000227
6,1,4,28.736,28.74,0.003999999999997783
6,2,4,27.512,27.51,0.0019999999999988916
6,3,4,28.971,28.98,0.009000000000000341
6,4,4,33.993,33.99,0.0030000000000001137
6,5,4,27.473,27.47,0.0030000000000001137
6,6,4,29.046,29.05,0.004000000000001336
6,1,1,28.58,28.58,0.0
6,2,1,27.491,27.49,0.0010000000000012221
6,3,1,29.261,29.26,0.0009999999999976694
6,4,1,34.302,34.3,0.0020000000000024443
6,5,1,27.881,27.88,0.0010000000000012221
6,6,1,29.178,29.18,0.0019999999999988916
6,1,2,28.637,28.63,0.0070000000000014495
6,2,2,27.436,27.43,0.006000000000000227
6,3,2,29.128,29.13,0.0019999999999988916
6,4,2,33.99,33.99,0.0
6,5,2,27.549,27.55,0.0010000000000012221
6,6,2,29.056,29.06,0.003999999999997783
6,1,3,28.596,28.59,0.006000000000000227
6,2,3,27.533,27.53,0.0030000000000001137
6,3,3,29.298,29.3,0.0020000000000024443
6,4,3,33.927,33.93,0.0030000000000001137
6,5,3,27.383,27.38,0.0030000000000001137
6,6,3,28.954,28.96,0.006000000000000227
6,1,4,28.655,28.65,0.005000000000002558
6,2,4,27.574,27.57,0.004000000000001336
6,3,4,29.287,29.28,0.006999999999997897
6,4,4,33.886,33.89,0.003999999999997783
6,5,4,27.726,27.73,0.004000000000001336
6,6,4,28.921,28.92,0.0009999999999976694
6,1,1,28.361,28.36,0.0010000000000012221
6,2,1,27.402,27.4,0.0020000000000024443
6,3,1,29.17,29.17,0.0
6,4,1,34.134,34.13,0.003999999999997783
6,5,1,27.633,27.63,0.0030000000000001137
6,6,1,29.257,29.26,0.0030000000000001137
6,1,2,28.566,28.56,0.006000000000000227
6,2,2,27.496,27.5,0.004000000000001336
6,3,2,28.988,28.99,0.0019999999999988916
6,4,2,34.201,34.2,0.0009999999999976694
6,5,2,27.725,27.72,0.005000000000002558
6,6,2,29.311,29.31,0.0010000000000012221
6,1,3,28.814,28.81,0.004000000000001336
6,2,3,27.539,27.54,0.0009999999999976694
6,3,3,29.121,29.12,0.0009999999999976694
6,4,3,34.173,34.17,0.0030000000000001137
6,5,3,27.822,27.82,0.0019999999999988916
6,6,3,28.697,28.7,0.0030000000000001137
6,1,4,28.523,28.51,0.012999999999998124
6,2,4,27.492,27.49,0.0020000000000024443
6,3,4,29.407,29.41,0.0030000000000001137
6,4,4,34.093,34.09,0.0030000000000001137
6,5,4,27.761,27.76,0.0009999999999976694
6,6,4,28.919,28.92,0.0010000000000012221
6,1,1,28.638,28.64,0.0019999999999988916
6,2,1,27.47,27.47,0.0
6,3,1,29.412,29.42,0.008000000000002672
6,4,1,34.141,34.14,0.0009999999999976694
6,5,1,27.763,27.76,0.0030000000000001137
6,6,1,28.895,28.9,0.004999999999999005
6,1,2,28.609,28.61,0.0009999999999976694
6,2,2,27.478,27.48,0.0019999999999988916
6,3,2,28.853,28.85,0.0030000000000001137
6,4,2,34.193,34.19,0.0030000000000001137
6,5,2,27.741,27.74,0.0010000000000012221
6,6,2,29.02,29.02,0.0
6,1,3,28.7,28.71,0.010000000000001563
6,2,3,27.567,27.57,0.0030000000000001137
6,3,3,29.145,29.15,0.004999999999999005
6,4,3,33.985,33.99,0.005000000000002558
6,5,3,27.568,27.57,0.0019999999999988916
6,6,3,29.035,29.03,0.004999999999999005
6,1,4,29.023,29.03,0.0070000000000014495
6,2,4,27.634,27.64,0.006000000000000227
6,3,4,29.135,29.13,0.005000000000002558
6,4,4,34.115,34.12,0.0049999999999954525
6,5,4,27.681,27.68,0.0010000000000012221
6,6,4,28.913,28.91,0.0030000000000001137
6,1,1,28.541,28.53,0.010999999999999233
6,2,1,27.351,27.35,0.0009999999999976694
6,3,1,29.318,29.32,0.0019999999999988916
6,4,1,34.081,34.08,0.0010000000000047748
6,5,1,27.601,27.61,0.009000000000000341
6,6,1,28.815,28.81,0.005000000000002558
6,1,2,28.606,28.61,0.003999999999997783
6,2,2,27.395,27.4,0.004999999999999005
6,3,2,29.197,29.2,0.0030000000000001137
6,4,2,33.979,33.98,0.0009999999999976694
6,5,2,27.809,27.81,0.0009999999999976694
6,6,2,28.898,28.9,0.0019999999999988916
6,1,3,28.495,28.49,0.005000000000002558
6,2,3,27.517,27.52,0.0030000000000001137
6,3,3,29.194,29.19,0.003999999999997783
6,4,3,34.195,34.19,0.005000000000002558
6,5,3,27.674,27.68,0.006000000000000227
6,6,3,28.898,28.9,0.0019999999999988916
6,1,4,28.356,28.36,0.003999999999997783
6,2,4,27.36,27.36,0.0
6,3,4,29.21,29.21,0.0
6,4,4,34.386,34.39,0.003999999999997783
6,5,4,27.877,27.88,0.0030000000000001137
6,6,4,28.849,28.85,0.0010000000000012221
6,1,1,28.399,28.4,0.0009999999999976694
6,2,1,27.461,27.46,0.0009999999999976694
6,3,1,28.832,28.83,0.0020000000000024443
6,4,1,34.103,34.1,0.0030000000000001137
6,5,1,27.61,27.61,0.0
6,6,1,29.019,29.02,0.0010000000000012221
6,1,2,28.506,28.51,0.004000000000001336
6,2,2,27.41,27.41,0.0
6,3,2,28.947,28.94,0.006999999999997897
6,4,2,34.017,34.02,0.0030000000000001137
6,5,2,27.736,27.73,0.006000000000000227
6,6,2,29.06,29.06,0.0
6,1,3,28.784,28.79,0.006000000000000227
6,2,3,27.652,27.65,0.0020000000000024443
6,3,3,29.326,29.33,0.003999999999997783
6,4,3,33.96,33.96,0.0
6,5,3,27.691,27.69,0.0009999999999976694
6,6,3,28.99,28.99,0.0
6,1,4,28.631,28.63,0.0010000000000012221
6,2,4,27.562,27.56,0.0020000000000024443
6,3,4,29.181,29.19,0.009000000000000341
6,4,4,34.105,34.11,0.005000000000002558
6,5,4,27.434,27.44,0.006000000000000227
6,6,4,28.92,28.92,0.0
6,1,1,28.609,28.61,0.0009999999999976694
6,2,1,27.471,27.47,0.0010000000000012221
6,3,1,28.951,28.94,0.010999999999999233
6,4,1,34.159,34.16,0.0009999999999976694
6,5,1,27.616,27.62,0.004000000000001336
6,6,1,28.876,28.88,0.003999999999997783
6,1,2,28.478,28.48,0.0019999999999988916
6,2,2,27.476,27.48,0.004000000000001336
6,3,2,29.09,29.09,0.0
6,4,2,34.049,34.05,0.0009999999999976694
6,5,2,27.491,27.49,0.0010000000000012221
6,6,2,29.345,29.34,0.004999999999999005
6,1,3,28.673,28.67,0.002999999999996561
6,2,3,27.556,27.56,0.003999999999997783
6,3,3,28.969,28.97,0.0009999999999976694
6,4,3,34.158,34.16,0.001999999999995339
6,5,3,27.585,27.59,0.004999999999999005
6,6,3,28.984,28.98,0.004000000000001336
6,1,4,28.469,28.46,0.009000000000000341
6,2,4,27.45,27.45,0.0
6,3,4,29.119,29.12,0.0010000000000012221
6,4,4,34.237,34.24,0.0030000000000001137
6,5,4,27.742,27.74,0.0020000000000024443
6,6,4,29.018,29.02,0.0019999999999988916
6,1,1,28.394,28.39,0.003999999999997783
6,2,1,27.351,27.35,0.0009999999999976694
6,3,1,29.002,29.0,0.0019999999999988916
6,4,1,34.32,34.32,0.0
6,5,1,27.843,27.84,0.0030000000000001137
6,6,1,29.158,29.16,0.0019999999999988916
6,1,2,28.698,28.7,0.0019999999999988916
6,2,2,27.557,27.56,0.0030000000000001137
6,3,2,29.083,29.08,0.0030000000000001137
6,4,2,34.209,34.21,0.0009999999999976694
6,5,2,27.665,27.67,0.005000000000002558
6,6,2,28.855,28.86,0.004999999999999005
6,1,3,28.712,28.73,0.018000000000000682
6,2,3,27.516,27.51,0.005999999999996675
6,3,3,29.219,29.21,0.009000000000000341
6,4,3,34.151,34.15,0.0010000000000047748
6,5,3,28.03,28.03,0.0
6,6,3,29.342,29.34,0.0019999999999988916
6,1,4,28.455,28.46,0.005000000000002558
6,2,4,27.489,27.49,0.0009999999999976694
6,3,4,29.212,29.21,0.0019999999999988916
6,4,4,34.049,34.05,0.0009999999999976694
6,5,4,27.751,27.75,0.0010000000000012221
6,6,4,29.192,29.19,0.0019999999999988916
6,1,1,28.532,28.53,0.0019999999999988916
6,2,1,27.336,27.34,0.004000000000001336
6,3,1,28.986,28.99,0.003999999999997783
6,4,1,34.138,34.14,0.0020000000000024443
6,5,1,27.75,27.75,0.0
6,6,1,29.155,29.15,0.005000000000002558
6,1,2,28.375,28.37,0.004999999999999005
6,2,2,27.347,27.35,0.0030000000000001137
6,3,2,29.128,29.13,0.0019999999999988916
6,4,2,34.378,34.38,0.0020000000000024443
6,5,2,28.104,28.1,0.003999999999997783
6,6,2,29.082,29.08,0.0020000000000024443
6,1,3,28.506,28.51,0.004000000000001336
6,2,3,27.466,27.46,0.006000000000000227
6,3,3,29.229,29.23,0.0010000000000012221
6,4,3,34.011,34.01,0.0010000000000047748
6,5,3,27.505,27.5,0.004999999999999005
6,6,3,29.111,29.11,0.0010000000000012221
6,1,4,28.743,28.74,0.0030000000000001137
6,2,4,27.507,27.51,0.0030000000000001137
6,3,4,29.064,29.07,0.006000000000000227
6,4,4,34.106,34.11,0.003999999999997783
6,5,4,27.695,27.7,0.004999999999999005
6,6,4,28.768,28.77,0.0019999999999988916
6,1,1,28.789,28.79,0.0009999999999976694
6,2,1,27.687,27.69,0.0030000000000001137
6,3,1,29.206,29.2,0.006000000000000227
6,4,1,34.297,34.3,0.0030000000000001137
6,5,1,28.051,28.05,0.0009999999999976694
6,6,1,29.271,29.27,0.0010000000000012221
6,1,2,28.447,28.44,0.006999999999997897
6,2,2,27.408,27.41,0.0019999999999988916
6,3,2,29.215,29.21,0.004999999999999005
6,4,2,34.167,34.17,0.0030000000000001137
6,5,2,27.673,27.67,0.002999999999996561
6,6,2,28.935,28.94,0.005000000000002558
6,1,3,28.719,28.71,0.009000000000000341
6,2,3,27.551,27.55,0.0009999999999976694
6,3,3,29.167,29.16,0.0070000000000014495
6,4,3,34.153,34.15,0.0030000000000001137
6,5,3,27.84,27.84,0.0
6,6,3,29.293,29.29,0.0030000000000001137
6,1,4,28.676,28.67,0.005999999999996675
6,2,4,27.552,27.55,0.0019999999999988916
6,3,4,29.224,29.22,0.004000000000001336
6,4,4,34.182,34.18,0.0020000000000024443
6,5,4,27.857,27.86,0.0030000000000001137
6,6,4,29.309,29.31,0.0009999999999976694
6,1,1,28.468,28.47,0.0019999999999988916
6,2,1,27.395,27.39,0.004999999999999005
6,3,1,29.159,29.17,0.011000000000002785
6,4,1,34.133,34.13,0.0030000000000001137
6,5,1,27.738,27.74,0.0019999999999988916
6,6,1,29.104,29.1,0.003999999999997783
6,1,2,28.693,28.7,0.006999999999997897
6,2,2,27.607,27.61,0.0030000000000001137
6,3,2,29.206,29.21,0.004000000000001336
6,4,2,34.293,34.29,0.0030000000000001137
6,5,2,27.578,27.58,0.0019999999999988916
6,6,2,28.908,28.91,0.0019999999999988916
6,1,3,28.653,28.65,0.0030000000000001137
6,2,3,27.496,27.5,0.004000000000001336
6,3,3,29.152,29.15,0.0020000000000024443
6,4,3,34.036,34.03,0.006000000000000227
6,5,3,27.506,27.51,0.004000000000001336
6,6,3,29.248,29.25,0.0019999999999988916
6,1,4,28.549,28.54,0.009000000000000341
6,2,4,27.5,27.49,0.010000000000001563
6,3,4,28.994,29.0,0.006000000000000227
6,4,4,34.203,34.2,0.0030000000000001137
6,5,4,27.91,27.91,0.0
6,6,4,29.277,29.28,0.0030000000000001137
6,1,1,28.88,28.87,0.00999999999999801
6,2,1,27.615,27.61,0.004999999999999005
6,3,1,28.886,28.89,0.004000000000001336
6,4,1,34.164,34.16,0.0040000000000048885
6,5,1,27.655,27.66,0.004999999999999005
6,6,1,29.278,29.28,0.0020000000000024443
6,1,2,28.584,28.58,0.004000000000001336
6,2,2,27.471,27.47,0.0010000000000012221
6,3,2,29.196,29.2,0.003999999999997783
6,4,2,34.031,34.03,0.0009999999999976694
6,5,2,27.8,27.8,0.0
6,6,2,29.162,29.16,0.0019999999999988916
6,1,3,28.392,28.39,0.0019999999999988916
6,2,3,27.527,27.53,0.0030000000000001137
6,3,3,29.239,29.24,0.0009999999999976694
6,4,3,34.153,34.15,0.0030000000000001137
6,5,3,27.84,27.84,0.0
6,6,3,29.148,29.15,0.0019999999999988916
6,1,4,28.89,28.89,0.0
6,2,4,27.619,27.62,0.0010000000000012221
6,3,4,29.317,29.32,0.0030000000000001137
6,4,4,34.074,34.07,0.003999999999997783
6,5,4,27.739,27.74,0.0009999999999976694
6,6,4,29.122,29.12,0.0019999999999988916
6,1,1,28.68,28.67,0.00999999999999801
6,2,1,27.446,27.44,0.006000000000000227
6,3,1,29.243,29.25,0.0070000000000014495
6,4,1,33.984,33.98,0.0040000000000048885
6,5,1,27.781,27.78,0.0009999999999976694
6,6,1,29.119,29.12,0.0010000000000012221
6,1,2,28.701,28.71,0.009000000000000341
6,2,2,27.577,27.57,0.0070000000000014495
6,3,2,29.207,29.21,0.0030000000000001137
6,4,2,34.11,34.11,0.0
6,5,2,27.739,27.74,0.0009999999999976694
6,6,2,28.947,28.95,0.0030000000000001137
6,1,3,28.707,28.71,0.0030000000000001137
6,2,3,27.59,27.59,0.0
6,3,3,29.199,29.2,0.0009999999999976694
6,4,3,34.119,34.12,0.0009999999999976694
6,5,3,27.69,27.69,0.0
6,6,3,29.28,29.28,0.0
6,1,4,28.487,28.48,0.006999999999997897
6,2,4,27.392,27.39,0.0019999999999988916
6,3,4,28.858,28.86,0.0019999999999988916
6,4,4,34.018,34.02,0.0020000000000024443
6,5,4,27.68,27.68,0.0
6,6,4,29.209,29.21,0.0010000000000012221
6,1,1,28.442,28.44,0.0019999999999988916
6,2,1,27.394,27.4,0.006000000000000227
6,3,1,29.121,29.12,0.0009999999999976694
6,4,1,34.14,34.14,0.0
6,5,1,27.844,27.85,0.006000000000000227
6,6,1,29.03,29.03,0.0
6,1,2,28.33,28.33,0.0
6,2,2,27.401,27.4,0.0010000000000012221
6,3,2,29.105,29.11,0.004999999999999005
6,4,2,34.007,34.01,0.0030000000000001137
6,5,2,27.581,27.58,0.0010000000000012221
6,6,2,28.706,28.71,0.004000000000001336
6,1,3,28.654,28.64,0.013999999999999346
6,2,3,27.548,27.55,0.0020000000000024443
6,3,3,29.112,29.12,0.008000000000002672
6,4,3,34.427,34.43,0.0030000000000001137
6,5,3,27.947,27.95,0.0030000000000001137
6,6,3,29.116,29.12,0.004000000000001336
6,1,4,28.495,28.49,0.005000000000002558
6,2,4,27.376,27.38,0.003999999999997783
6,3,4,29.176,29.18,0.004000000000001336
6,4,4,34.015,34.01,0.005000000000002558
6,5,4,27.619,27.62,0.0010000000000012221
6,6,4,29.0,29.0,0.0
6,1,1,28.425,28.43,0.004999999999999005
6,2,1,27.367,27.37,0.0030000000000001137
6,3,1,29.406,29.4,0.006000000000000227
6,4,1,33.937,33.94,0.0030000000000001137
6,5,1,27.617,27.62,0.0030000000000001137
6,6,1,28.885,28.89,0.004999999999999005
6,1,2,28.493,28.48,0.012999999999998124
6,2,2,27.392,27.39,0.0019999999999988916
6,3,2,29.131,29.13,0.0010000000000012221
6,4,2,33.985,33.99,0.005000000000002558
6,5,2,27.576,27.57,0.006000000000000227
6,6,2,29.02,29.02,0.0
6,1,3,28.674,28.67,0.003999999999997783
6,2,3,27.546,27.54,0.006000000000000227
6,3,3,29.089,29.09,0.0010000000000012221
6,4,3,34.174,34.17,0.003999999999997783
6,5,3,27.722,27.72,0.0020000000000024443
6,6,3,29.113,29.11,0.0030000000000001137
6,1,4,28.572,28.57,0.0019999999999988916
6,2,4,27.516,27.52,0.004000000000001336
6,3,4,29.379,29.37,0.009000000000000341
6,4,4,34.4,34.4,0.0
6,5,4,27.86,27.86,0.0
6,6,4,28.956,28.96,0.004000000000001336
6,1,1,28.813,28.82,0.0070000000000014495
6,2,1,27.671,27.67,0.0009999999999976694
6,3,1,29.127,29.12,0.006999999999997897
6,4,1,34.145,34.14,0.005000000000002558
6,5,1,27.823,27.82,0.0030000000000001137
6,6,1,29.264,29.26,0.003999999999997783
6,1,2,28.8,28.8,0.0
6,2,2,27.437,27.44,0.0030000000000001137
6,3,2,29.114,29.12,0.006000000000000227
6,4,2,34.101,34.1,0.0009999999999976694
6,5,2,27.85,27.85,0.0
6,6,2,29.256,29.26,0.004000000000001336
6,1,3,28.905,28.91,0.004999999999999005
6,2,3,27.571,27.57,0.0010000000000012221
6,3,3,29.265,29.27,0.004999999999999005
6,4,3,34.118,34.12,0.001999999999995339
6,5,3,27.753,27.75,0.0030000000000001137
6,6,3,28.739,28.74,0.0009999999999976694
6,1,4,28.429,28.43,0.0010000000000012221
6,2,4,27.436,27.43,0.006000000000000227
6,3,4,28.892,28.89,0.0019999999999988916
6,4,4,34.008,34.01,0.001999999999995339
6,5,4,27.766,27.77,0.004000000000001336
6,6,4,28.978,28.98,0.0019999999999988916
6,1,1,28.46,28.47,0.00999999999999801
6,2,1,27.421,27.42,0.0009999999999976694
6,3,1,29.238,29.24,0.0019999999999988916
6,4,1,34.197,34.19,0.007000000000005002
6,5,1,27.676,27.67,0.005999999999996675
6,6,1,29.333,29.33,0.0030000000000001137
6,1,2,28.639,28.63,0.009000000000000341
6,2,2,27.593,27.59,0.0030000000000001137
6,3,2,29.202,29.2,0.0020000000000024443
6,4,2,33.981,33.98,0.0010000000000047748
6,5,2,27.456,27.46,0.004000000000001336
6,6,2,28.91,28.91,0.0
6,1,3,28.82,28.82,0.0
6,2,3,27.52,27.52,0.0
6,3,3,29.222,29.22,0.0020000000000024443
6,4,3,34.183,34.18,0.0030000000000001137
6,5,3,27.867,27.87,0.0030000000000001137
6,6,3,28.988,28.99,0.0019999999999988916
6,1,4,28.458,28.46,0.0020000000000024443
6,2,4,27.463,27.46,0.0030000000000001137
6,3,4,28.73,28.73,0.0
6,4,4,34.003,34.0,0.0030000000000001137
6,5,4,27.922,27.92,0.0019999999999988916
6,6,4,28.822,28.82,0.0019999999999988916
6,1,1,28.494,28.51,0.01600000000000179
6,2,1,27.509,27.51,0.0010000000000012221
6,3,1,29.136,29.14,0.004000000000001336
6,4,1,34.331,34.33,0.0010000000000047748
6,5,1,27.767,27.77,0.0030000000000001137
6,6,1,29.055,29.05,0.004999999999999005
6,1,2,28.764,28.77,0.006000000000000227
6,2,2,27.526,27.53,0.004000000000001336
6,3,2,29.089,29.09,0.0010000000000012221
6,4,2,34.055,34.05,0.005000000000002558
6,5,2,27.725,27.72,0.005000000000002558
6,6,2,29.195,29.19,0.004999999999999005
6,1,3,28.468,28.47,0.0019999999999988916
6,2,3,27.426,27.43,0.004000000000001336
6,3,3,29.27,29.27,0.0
6,4,3,34.17,34.17,0.0
6,5,3,27.536,27.54,0.003999999999997783
6,6,3,28.831,28.83,0.0010000000000012221
6,1,4,28.532,28.53,0.0019999999999988916
6,2,4,27.647,27.65,0.0030000000000001137
6,3,4,29.099,29.1,0.0010000000000012221
6,4,4,34.224,34.22,0.003999999999997783
6,5,4,27.822,27.83,0.007999999999999119
6,6,4,29.089,29.09,0.0010000000000012221
6,1,1,28.407,28.41,0.0030000000000001137
6,2,1,27.428,27.42,0.007999999999999119
6,3,1,29.07,29.07,0.0
6,4,1,34.161,34.16,0.0010000000000047748
6,5,1,27.57,27.57,0.0
6,6,1,28.955,28.95,0.004999999999999005
6,1,2,28.746,28.76,0.014000000000002899
6,2,2,27.612,27.61,0.0019999999999988916
6,3,2,29.185,29.19,0.005000000000002558
6,4,2,34.12,34.12,0.0
6,5,2,27.78,27.78,0.0
6,6,2,29.226,29.23,0.004000000000001336
6,1,3,28.389,28.4,0.010999999999999233
6,2,3,27.467,27.47,0.0030000000000001137
6,3,3,29.061,29.06,0.0010000000000012221
6,4,3,34.155,34.15,0.005000000000002558
6,5,3,27.548,27.55,0.0020000000000024443
6,6,3,29.059,29.06,0.0009999999999976694
6,1,4,28.419,28.43,0.010999999999999233
6,2,4,27.426,27.42,0.005999999999996675
6,3,4,28.964,28.96,0.003999999999997783
6,4,4,34.152,34.15,0.0020000000000024443
6,5,4,27.663,27.66,0.0030000000000001137
6,6,4,29.254,29.25,0.004000000000001336
6,1,1,28.358,28.36,0.0019999999999988916
6,2,1,27.294,27.29,0.004000000000001336
6,3,1,29.118,29.12,0.0020000000000024443
6,4,1,34.054,34.05,0.0040000000000048885
6,5,1,27.555,27.55,0.004999999999999005
6,6,1,28.855,28.86,0.004999999999999005
6,1,2,28.829,28.84,0.010999999999999233
6,2,2,27.547,27.55,0.0030000000000001137
6,3,2,28.852,28.87,0.018000000000000682
6,4,2,33.977,33.98,0.0030000000000001137
6,5,2,27.513,27.52,0.006999999999997897
6,6,2,29.092,29.09,0.0019999999999988916
6,1,3,28.439,28.45,0.010999999999999233
6,2,3,27.411,27.41,0.0010000000000012221
6,3,3,28.97,28.97,0.0
6,4,3,34.149,34.15,0.0009999999999976694
6,5,3,27.55,27.55,0.0
6,6,3,28.998,29.0,0.0019999999999988916
6,1,4,28.57,28.57,0.0
6,2,4,27.456,27.46,0.004000000000001336
6,3,4,29.149,29.15,0.0009999999999976694
6,4,4,33.963,33.96,0.0030000000000001137
6,5,4,27.709,27.71,0.0010000000000012221
6,6,4,28.766,28.76,0.005999999999996675
7,1,1,28.423,28.42,0.002999999999996561
7,2,1,27.397,27.4,0.0030000000000001137
7,3,1,29.051,29.05,0.0009999999999976694
7,4,1,34.061,34.06,0.0009999999999976694
7,5,1,27.739,27.74,0.0009999999999976694
7,6,1,29.222,29.22,0.0020000000000024443
7,1,2,28.318,28.33,0.011999999999996902
7,2,2,27.287,27.28,0.006999999999997897
7,3,2,28.977,28.98,0.0030000000000001137
7,4,2,34.006,34.01,0.003999999999997783
7,5,2,27.622,27.62,0.0019999999999988916
7,6,2,29.107,29.11,0.0030000000000001137
7,1,3,28.622,28.62,0.0019999999999988916
7,2,3,27.299,27.3,0.0010000000000012221
7,3,3,29.089,29.09,0.0010000000000012221
7,4,3,33.88,33.88,0.0
7,5,3,27.723,27.72,0.0030000000000001137
7,6,3,29.107,29.11,0.0030000000000001137
7,1,4,28.252,28.26,0.008000000000002672
7,2,4,27.28,27.28,0.0
7,3,4,29.191,29.19,0.0009999999999976694
7,4,4,34.001,34.0,0.0009999999999976694
7,5,4,27.614,27.61,0.004000000000001336
7,6,4,28.895,28.9,0.004999999999999005
7,1,1,28.345,28.35,0.005000000000002558
7,2,1,27.379,27.38,0.0009999999999976694
7,3,1,29.26,29.27,0.00999999999999801
7,4,1,34.029,34.03,0.0009999999999976694
7,5,1,27.76,27.76,0.0
7,6,1,29.158,29.16,0.0019999999999988916
7,1,2,28.606,28.6,0.006000000000000227
7,2,2,27.448,27.45,0.0019999999999988916
7,3,2,29.01,29.01,0.0
7,4,2,34.12,34.12,0.0
7,5,2,27.713,27.71,0.0030000000000001137
7,6,2,29.003,29.0,0.0030000000000001137
7,1,3,28.676,28.67,0.005999999999996675
7,2,3,27.574,27.57,0.004000000000001336
7,3,3,29.305,29.3,0.004999999999999005
7,4,3,34.026,34.02,0.006000000000000227
7,5,3,27.692,27.69,0.0019999999999988916
7,6,3,28.907,28.91,0.0030000000000001137
7,1,4,28.438,28.44,0.0020000000000024443
7,2,4,27.352,27.35,0.0019999999999988916
7,3,4,29.107,29.1,0.006999999999997897
7,4,4,34.046,34.04,0.006000000000000227
7,5,4,27.717,27.71,0.006999999999997897
7,6,4,29.063,29.06,0.0030000000000001137
7,1,1,28.67,28.67,0.0
7,2,1,27.514,27.51,0.003999999999997783
7,3,1,28.997,29.0,0.0030000000000001137
7,4,1,34.099,34.1,0.0010000000000047748
7,5,1,27.62,27.62,0.0
7,6,1,28.889,28.89,0.0010000000000012221
7,1,2,28.887,28.89,0.0030000000000001137
7,2,2,27.549,27.55,0.0010000000000012221
7,3,2,28.953,28.95,0.0030000000000001137
7,4,2,33.854,33.86,0.006000000000000227
7,5,2,27.384,27.39,0.006000000000000227
7,6,2,29.0,29.0,0.0
7,1,3,28.516,28.52,0.004000000000001336
7,2,3,27.396,27.4,0.003999999999997783
7,3,3,29.198,29.2,0.0019999999999988916
7,4,3,34.002,34.0,0.0020000000000024443
7,5,3,27.677,27.68,0.0030000000000001137
7,6,3,28.866,28.87,0.004000000000001336
7,1,4,28.541,28.54,0.0010000000000012221
7,2,4,27.323,27.32,0.0030000000000001137
7,3,4,28.804,28.8,0.003999999999997783
7,4,4,33.931,33.93,0.0009999999999976694
7,5,4,27.656,27.65,0.006000000000000227
7,6,4,28.984,28.99,0.005999999999996675
7,1,1,28.436,28.44,0.004000000000001336
7,2,1,27.282,27.28,0.0019999999999988916
7,3,1,29.131,29.13,0.0010000000000012221
7,4,1,34.22,34.22,0.0
7,5,1,27.855,27.86,0.004999999999999005
7,6,1,28.937,28.94,0.0030000000000001137
7,1,2,28.705,28.7,0.004999999999999005
7,2,2,27.574,27.57,0.004000000000001336
7,3,2,29.076,29.08,0.003999999999997783
7,4,2,34.127,34.13,0.0030000000000001137
7,5,2,27.804,27.8,0.003999999999997783
7,6,2,29.169,29.17,0.0010000000000012221
7,1,3,28.401,28.4,0.0010000000000012221
7,2,3,27.314,27.32,0.006000000000000227
7,3,3,28.955,28.96,0.005000000000002558
7,4,3,34.17,34.17,0.0
7,5,3,27.615,27.62,0.005000000000002558
7,6,3,28.858,28.86,0.0019999999999988916
7,1,4,28.26,28.25,0.010000000000001563
7,2,4,27.328,27.33,0.0019999999999988916
7,3,4,28.991,29.0,0.009000000000000341
7,4,4,34.106,34.11,0.003999999999997783
7,5,4,27.685,27.68,0.004999999999999005
7,6,4,28.869,28.87,0.0010000000000012221
7,1,1,28.666,28.67,0.004000000000001336
7,2,1,27.531,27.53,0.0009999999999976694
7,3,1,28.986,28.99,0.003999999999997783
7,4,1,34.176,34.18,0.003999999999997783
7,5,1,27.89,27.89,0.0
7,6,1,28.979,28.98,0.0010000000000012221
7,1,2,28.762,28.75,0.012000000000000455
7,2,2,27.447,27.45,0.0030000000000001137
7,3,2,29.032,29.03,0.0019999999999988916
7,4,2,33.84,33.84,0.0
7,5,2,27.462,27.46,0.0019999999999988916
7,6,2,29.107,29.11,0.0030000000000001137
7,1,3,28.477,28.47,0.0070000000000014495
7,2,3,27.477,27.48,0.0030000000000001137
7,3,3,29.227,29.22,0.0070000000000014495
7,4,3,34.017,34.02,0.0030000000000001137
7,5,3,27.77,27.77,0.0
7,6,3,29.112,29.11,0.0019999999999988916
7,1,4,28.278,28.27,0.007999999999999119
7,2,4,27.199,27.2,0.0009999999999976694
7,3,4,28.957,28.95,0.0070000000000014495
7,4,4,34.249,34.25,0.0009999999999976694
7,5,4,27.753,27.75,0.0030000000000001137
7,6,4,28.604,28.6,0.003999999999997783
7,1,1,28.504,28.51,0.006000000000000227
7,2,1,27.308,27.31,0.0019999999999988916
7,3,1,29.009,29.01,0.0010000000000012221
7,4,1,33.889,33.89,0.0009999999999976694
7,5,1,27.481,27.48,0.0010000000000012221
7,6,1,28.857,28.86,0.0030000000000001137
7,1,2,28.535,28.54,0.004999999999999005
7,2,2,27.354,27.36,0.006000000000000227
7,3,2,29.016,29.02,0.004000000000001336
7,4,2,34.033,34.03,0.0030000000000001137
7,5,2,27.722,27.72,0.0020000000000024443
7,6,2,29.153,29.15,0.0030000000000001137
7,1,3,28.45,28.45,0.0
7,2,3,27.324,27.33,0.005999999999996675
7,3,3,28.971,28.97,0.0010000000000012221
7,4,3,33.853,33.85,0.0030000000000001137
7,5,3,27.642,27.64,0.0019999999999988916
7,6,3,28.888,28.89,0.0019999999999988916
7,1,4,28.388,28.39,0.0019999999999988916
7,2,4,27.546,27.55,0.004000000000001336
7,3,4,29.516,29.51,0.005999999999996675
7,4,4,33.978,33.98,0.001999999999995339
7,5,4,27.539,27.54,0.0009999999999976694
7,6,4,29.334,29.33,0.004000000000001336
7,1,1,28.53,28.53,0.0
7,2,1,27.376,27.37,0.006000000000000227
7,3,1,29.205,29.2,0.004999999999999005
7,4,1,33.963,33.96,0.0030000000000001137
7,5,1,27.609,27.61,0.0009999999999976694
7,6,1,28.974,28.97,0.004000000000001336
7,1,2,28.273,28.27,0.0030000000000001137
7,2,2,27.27,27.27,0.0
7,3,2,28.928,28.93,0.0019999999999988916
7,4,2,34.085,34.08,0.005000000000002558
7,5,2,27.837,27.84,0.0030000000000001137
7,6,2,29.105,29.11,0.004999999999999005
7,1,3,28.457,28.46,0.0030000000000001137
7,2,3,27.476,27.48,0.004000000000001336
7,3,3,29.359,29.36,0.0009999999999976694
7,4,3,33.952,33.95,0.001999999999995339
7,5,3,27.425,27.42,0.004999999999999005
7,6,3,28.807,28.81,0.0030000000000001137
7,1,4,28.497,28.5,0.0030000000000001137
7,2,4,27.378,27.38,0.0019999999999988916
7,3,4,29.194,29.2,0.006000000000000227
7,4,4,34.116,34.12,0.003999999999997783
7,5,4,27.747,27.75,0.0030000000000001137
7,6,4,29.076,29.08,0.003999999999997783
7,1,1,28.514,28.51,0.003999999999997783
7,2,1,27.398,27.4,0.0019999999999988916
7,3,1,29.117,29.12,0.0030000000000001137
7,4,1,33.846,33.85,0.0040000000000048885
7,5,1,27.708,27.71,0.0020000000000024443
7,6,1,28.997,29.0,0.0030000000000001137
7,1,2,28.56,28.56,0.0
7,2,2,27.352,27.35,0.0019999999999988916
7,3,2,28.984,28.99,0.005999999999996675
7,4,2,34.175,34.18,0.005000000000002558
7,5,2,27.625,27.62,0.004999999999999005
7,6,2,28.864,28.87,0.006000000000000227
7,1,3,28.545,28.56,0.014999999999997016
7,2,3,27.448,27.45,0.0019999999999988916
7,3,3,29.186,29.19,0.004000000000001336
7,4,3,34.049,34.05,0.0009999999999976694
7,5,3,27.823,27.82,0.0030000000000001137
7,6,3,29.017,29.02,0.0030000000000001137
7,1,4,28.473,28.47,0.0030000000000001137
7,2,4,27.426,27.43,0.004000000000001336
7,3,4,29.152,29.15,0.0020000000000024443
7,4,4,33.975,33.98,0.0049999999999954525
7,5,4,27.712,27.71,0.0019999999999988916
7,6,4,28.986,28.99,0.003999999999997783
7,1,1,28.524,28.52,0.004000000000001336
7,2,1,27.41,27.41,0.0
7,3,1,29.179,29.18,0.0010000000000012221
7,4,1,33.968,33.97,0.001999999999995339
7,5,1,27.649,27.65,0.0009999999999976694
7,6,1,29.016,29.01,0.005999999999996675
7,1,2,28.563,28.56,0.0030000000000001137
7,2,2,27.488,27.49,0.0019999999999988916
7,3,2,28.957,28.96,0.0030000000000001137
7,4,2,34.117,34.12,0.0030000000000001137
7,5,2,27.444,27.44,0.003999999999997783
7,6,2,29.057,29.06,0.0030000000000001137
7,1,3,28.673,28.67,0.002999999999996561
7,2,3,27.645,27.65,0.004999999999999005
7,3,3,29.232,29.23,0.0019999999999988916
7,4,3,34.081,34.08,0.0010000000000047748
7,5,3,27.77,27.77,0.0
7,6,3,29.175,29.18,0.004999999999999005
7,1,4,28.901,28.9,0.0010000000000012221
7,2,4,27.567,27.57,0.0030000000000001137
7,3,4,28.975,28.98,0.004999999999999005
7,4,4,34.015,34.02,0.005000000000002558
7,5,4,27.713,27.71,0.0030000000000001137
7,6,4,29.305,29.3,0.004999999999999005
7,1,1,28.53,28.53,0.0
7,2,1,27.274,27.27,0.004000000000001336
7,3,1,28.832,28.83,0.0020000000000024443
7,4,1,34.004,34.01,0.006000000000000227
7,5,1,27.642,27.64,0.0019999999999988916
7,6,1,28.766,28.77,0.004000000000001336
7,1,2,28.596,28.6,0.004000000000001336
7,2,2,27.476,27.47,0.006000000000000227
7,3,2,29.126,29.13,0.003999999999997783
7,4,2,33.997,34.0,0.0030000000000001137
7,5,2,27.555,27.55,0.004999999999999005
7,6,2,29.1,29.1,0.0
7,1,3,28.428,28.43,0.0019999999999988916
7,2,3,27.435,27.43,0.004999999999999005
7,3,3,28.987,28.98,0.006999999999997897
7,4,3,33.95,33.95,0.0
7,5,3,27.486,27.48,0.006000000000000227
7,6,3,28.933,28.93,0.0030000000000001137
7,1,4,28.391,28.39,0.0009999999999976694
7,2,4,27.255,27.26,0.005000000000002558
7,3,4,29.147,29.15,0.0030000000000001137
7,4,4,33.966,33.97,0.003999999999997783
7,5,4,27.607,27.61,0.0030000000000001137
7,6,4,29.098,29.1,0.0020000000000024443
7,1,1,28.567,28.57,0.0030000000000001137
7,2,1,27.486,27.49,0.003999999999997783
7,3,1,29.05,29.05,0.0
7,4,1,33.996,33.99,0.006000000000000227
7,5,1,27.708,27.7,0.007999999999999119
7,6,1,28.947,28.95,0.0030000000000001137
7,1,2,28.395,28.4,0.004999999999999005
7,2,2,27.376,27.38,0.003999999999997783
7,3,2,29.017,29.01,0.006999999999997897
7,4,2,33.993,33.99,0.0030000000000001137
7,5,2,27.551,27.55,0.0009999999999976694
7,6,2,29.119,29.12,0.0010000000000012221
7,1,3,28.444,28.45,0.006000000000000227
7,2,3,27.359,27.36,0.0009999999999976694
7,3,3,28.923,28.92,0.002999999999996561
7,4,3,34.044,34.04,0.003999999999997783
7,5,3,27.781,27.78,0.0009999999999976694
7,6,3,28.948,28.95,0.0019999999999988916
7,1,4,28.582,28.59,0.007999999999999119
7,2,4,27.39,27.39,0.0
7,3,4,29.173,29.17,0.002999999999996561
7,4,4,34.082,34.08,0.0020000000000024443
7,5,4,27.48,27.48,0.0
7,6,4,29.073,29.07,0.0030000000000001137
7,1,1,28.339,28.34,0.0010000000000012221
7,2,1,27.339,27.34,0.0010000000000012221
7,3,1,29.126,29.12,0.006000000000000227
7,4,1,34.074,34.07,0.003999999999997783
7,5,1,27.574,27.57,0.004000000000001336
7,6,1,29.077,29.08,0.002999999999996561
7,1,2,28.455,28.46,0.005000000000002558
7,2,2,27.356,27.35,0.006000000000000227
7,3,2,29.017,29.01,0.006999999999997897
7,4,2,33.978,33.98,0.001999999999995339
7,5,2,27.749,27.75,0.0010000000000012221
7,6,2,28.963,28.96,0.0030000000000001137
7,1,3,28.434,28.43,0.004000000000001336
7,2,3,27.413,27.41,0.0030000000000001137
7,3,3,29.064,29.07,0.006000000000000227
7,4,3,34.249,34.25,0.0009999999999976694
7,5,3,27.894,27.89,0.003999999999997783
7,6,3,28.998,29.0,0.0019999999999988916
7,1,4,28.556,28.55,0.006000000000000227
7,2,4,27.466,27.46,0.006000000000000227
7,3,4,28.888,28.88,0.008000000000002672
7,4,4,34.027,34.03,0.0030000000000001137
7,5,4,27.705,27.7,0.004999999999999005
7,6,4,29.04,29.04,0.0
7,1,1,28.501,28.5,0.0010000000000012221
7,2,1,27.369,27.37,0.0010000000000012221
7,3,1,29.104,29.1,0.003999999999997783
7,4,1,34.211,34.21,0.0009999999999976694
7,5,1,27.754,27.75,0.004000000000001336
7,6,1,29.17,29.17,0.0
7,1,2,28.866,28.86,0.006000000000000227
7,2,2,27.615,27.62,0.005000000000002558
7,3,2,28.889,28.89,0.0010000000000012221
7,4,2,34.1,34.1,0.0
7,5,2,27.748,27.75,0.0019999999999988916
7,6,2,29.077,29.08,0.002999999999996561
7,1,3,28.442,28.44,0.0019999999999988916
7,2,3,27.439,27.44,0.0010000000000012221
7,3,3,29.069,29.07,0.0010000000000012221
7,4,3,33.955,33.95,0.0049999999999954525
7,5,3,27.669,27.67,0.0010000000000012221
7,6,3,28.9,28.9,0.0
7,1,4,28.282,28.28,0.0019999999999988916
7,2,4,27.185,27.19,0.005000000000002558
7,3,4,29.053,29.05,0.0030000000000001137
7,4,4,34.084,34.09,0.006000000000000227
7,5,4,27.627,27.63,0.0030000000000001137
7,6,4,28.993,28.99,0.0030000000000001137
7,1,1,28.74,28.74,0.0
7,2,1,27.572,27.57,0.0019999999999988916
7,3,1,29.326,29.33,0.003999999999997783
7,4,1,33.931,33.93,0.0009999999999976694
7,5,1,27.414,27.41,0.004000000000001336
7,6,1,29.084,29.08,0.004000000000001336
7,1,2,28.713,28.71,0.0030000000000001137
7,2,2,27.563,27.56,0.0030000000000001137
7,3,2,28.99,28.99,0.0
7,4,2,34.174,34.17,0.003999999999997783
7,5,2,27.792,27.79,0.0020000000000024443
7,6,2,29.025,29.02,0.004999999999999005
7,1,3,28.504,28.51,0.006000000000000227
7,2,3,27.483,27.48,0.0030000000000001137
7,3,3,29.442,29.44,0.0019999999999988916
7,4,3,34.043,34.05,0.006999999999997897
7,5,3,27.719,27.72,0.0009999999999976694
7,6,3,28.973,28.97,0.0030000000000001137
7,1,4,28.411,28.42,0.009000000000000341
7,2,4,27.235,27.23,0.004999999999999005
7,3,4,28.903,28.9,0.0030000000000001137
7,4,4,34.115,34.11,0.005000000000002558
7,5,4,27.697,27.7,0.0030000000000001137
7,6,4,28.807,28.81,0.0030000000000001137
7,1,1,28.345,28.35,0.005000000000002558
7,2,1,27.173,27.18,0.0070000000000014495
7,3,1,28.973,28.97,0.0030000000000001137
7,4,1,33.96,33.96,0.0
7,5,1,27.687,27.69,0.0030000000000001137
7,6,1,29.061,29.06,0.0010000000000012221
7,1,2,28.62,28.63,0.00999999999999801
7,2,2,27.494,27.5,0.006000000000000227
7,3,2,29.035,29.04,0.004999999999999005
7,4,2,33.874,33.87,0.0040000000000048885
7,5,2,27.641,27.64,0.0009999999999976694
7,6,2,28.968,28.97,0.0019999999999988916
7,1,3,28.695,28.69,0.004999999999999005
7,2,3,27.592,27.59,0.0019999999999988916
7,3,3,29.01,29.01,0.0
7,4,3,33.972,33.98,0.007999999999995566
7,5,3,27.3,27.3,0.0
7,6,3,28.952,28.95,0.0020000000000024443
7,1,4,28.394,28.39,0.003999999999997783
7,2,4,27.242,27.24,0.0020000000000024443
7,3,4,28.664,28.66,0.004000000000001336
7,4,4,34.283,34.28,0.0030000000000001137
7,5,4,27.678,27.68,0.0019999999999988916
7,6,4,28.884,28.88,0.004000000000001336
7,1,1,28.509,28.5,0.009000000000000341
7,2,1,27.388,27.39,0.0019999999999988916
7,3,1,29.393,29.39,0.0030000000000001137
7,4,1,33.869,33.87,0.0009999999999976694
7,5,1,27.732,27.73,0.0019999999999988916
7,6,1,28.967,28.97,0.0030000000000001137
7,1,2,28.54,28.54,0.0
7,2,2,27.432,27.43,0.0019999999999988916
7,3,2,29.151,29.15,0.0010000000000012221
7,4,2,34.004,34.0,0.003999999999997783
7,5,2,27.827,27.83,0.002999999999996561
7,6,2,29.106,29.11,0.003999999999997783
7,1,3,28.595,28.59,0.004999999999999005
7,2,3,27.483,27.48,0.0030000000000001137
7,3,3,29.109,29.11,0.0009999999999976694
7,4,3,33.993,33.99,0.0030000000000001137
7,5,3,27.556,27.56,0.003999999999997783
7,6,3,29.105,29.11,0.004999999999999005
7,1,4,28.371,28.37,0.0009999999999976694
7,2,4,27.246,27.25,0.004000000000001336
7,3,4,28.977,28.98,0.0030000000000001137
7,4,4,33.998,34.0,0.0020000000000024443
7,5,4,27.744,27.74,0.004000000000001336
7,6,4,28.793,28.79,0.0030000000000001137
7,1,1,28.584,28.58,0.004000000000001336
7,2,1,27.546,27.55,0.004000000000001336
7,3,1,29.094,29.09,0.004000000000001336
7,4,1,33.857,33.86,0.0030000000000001137
7,5,1,27.664,27.66,0.004000000000001336
7,6,1,29.097,29.09,0.0070000000000014495
7,1,2,28.471,28.47,0.0010000000000012221
7,2,2,27.428,27.43,0.0019999999999988916
7,3,2,29.002,29.01,0.008000000000002672
7,4,2,34.02,34.02,0.0
7,5,2,27.583,27.58,0.0030000000000001137
7,6,2,29.15,29.15,0.0
7,1,3,28.382,28.39,0.007999999999999119
7,2,3,27.377,27.38,0.0030000000000001137
7,3,3,28.924,28.93,0.006000000000000227
7,4,3,34.039,34.04,0.0009999999999976694
7,5,3,27.451,27.45,0.0010000000000012221
7,6,3,28.866,28.87,0.004000000000001336
7,1,4,28.457,28.46,0.0030000000000001137
7,2,4,27.366,27.37,0.004000000000001336
7,3,4,28.978,28.98,0.0019999999999988916
7,4,4,33.762,33.76,0.0020000000000024443
7,5,4,27.479,27.48,0.0010000000000012221
7,6,4,28.969,28.97,0.0009999999999976694
7,1,1,28.547,28.54,0.0070000000000014495
7,2,1,27.33,27.33,0.0
7,3,1,28.888,28.89,0.0019999999999988916
7,4,1,34.088,34.09,0.0020000000000024443
7,5,1,27.624,27.62,0.003999999999997783
7,6,1,29.059,29.06,0.0009999999999976694
7,1,2,28.587,28.59,0.0030000000000001137
7,2,2,27.409,27.41,0.0010000000000012221
7,3,2,29.01,29.01,0.0
7,4,2,33.708,33.71,0.0020000000000024443
7,5,2,27.609,27.61,0.0009999999999976694
7,6,2,28.883,28.88,0.0030000000000001137
7,1,3,28.538,28.53,0.007999999999999119
7,2,3,27.373,27.37,0.0030000000000001137
7,3,3,29.127,29.12,0.006999999999997897
7,4,3,33.886,33.89,0.003999999999997783
7,5,3,27.46,27.46,0.0
7,6,3,29.028,29.03,0.0020000000000024443
7,1,4,28.657,28.66,0.0030000000000001137
7,2,4,27.41,27.41,0.0
7,3,4,29.128,29.13,0.0019999999999988916
7,4,4,34.137,34.14,0.0030000000000001137
7,5,4,27.947,27.95,0.0030000000000001137
7,6,4,29.187,29.19,0.0030000000000001137
7,1,1,28.697,28.7,0.0030000000000001137
7,2,1,27.558,27.56,0.0019999999999988916
7,3,1,29.172,29.17,0.0019999999999988916
7,4,1,33.774,33.77,0.003999999999997783
7,5,1,27.597,27.6,0.0030000000000001137
7,6,1,28.928,28.93,0.0019999999999988916
7,1,2,28.362,28.38,0.018000000000000682
7,2,2,27.432,27.43,0.0019999999999988916
7,3,2,29.318,29.32,0.0019999999999988916
7,4,2,33.901,33.9,0.0010000000000047748
7,5,2,27.62,27.62,0.0
7,6,2,29.197,29.2,0.0030000000000001137
7,1,3,28.523,28.52,0.0030000000000001137
7,2,3,27.497,27.5,0.0030000000000001137
7,3,3,29.27,29.27,0.0
7,4,3,34.156,34.16,0.003999999999997783
7,5,3,27.698,27.7,0.0019999999999988916
7,6,3,29.042,29.04,0.0020000000000024443
7,1,4,28.679,28.69,0.011000000000002785
7,2,4,27.417,27.42,0.0030000000000001137
7,3,4,29.066,29.07,0.004000000000001336
7,4,4,33.918,33.92,0.0020000000000024443
7,5,4,27.441,27.44,0.0009999999999976694
7,6,4,28.964,28.96,0.003999999999997783
7,1,1,28.618,28.62,0.0020000000000024443
7,2,1,27.46,27.46,0.0
7,3,1,29.184,29.18,0.004000000000001336
7,4,1,33.904,33.91,0.005999999999993122
7,5,1,27.522,27.52,0.0019999999999988916
7,6,1,29.009,29.01,0.0010000000000012221
7,1,2,28.512,28.52,0.007999999999999119
7,2,2,27.333,27.33,0.0030000000000001137
7,3,2,28.99,29.0,0.010000000000001563
7,4,2,34.018,34.02,0.0020000000000024443
7,5,2,27.675,27.67,0.004999999999999005
7,6,2,28.869,28.87,0.0010000000000012221
7,1,3,28.199,28.2,0.0009999999999976694
7,2,3,27.26,27.26,0.0
7,3,3,29.217,29.22,0.0030000000000001137
7,4,3,33.921,33.92,0.0009999999999976694
7,5,3,27.263,27.27,0.006999999999997897
7,6,3,28.663,28.66,0.0030000000000001137
7,1,4,28.382,28.38,0.0020000000000024443
7,2,4,27.223,27.22,0.0030000000000001137
7,3,4,28.958,28.96,0.0020000000000024443
7,4,4,34.219,34.22,0.0009999999999976694
7,5,4,27.985,27.98,0.004999999999999005
7,6,4,29.021,29.02,0.0010000000000012221
8,1,1,28.619,28.61,0.009000000000000341
8,2,1,27.519,27.52,0.0010000000000012221
8,3,1,29.21,29.21,0.0
8,4,1,34.123,34.12,0.0030000000000001137
8,5,1,27.832,27.83,0.0020000000000024443
8,6,1,29.144,29.14,0.003999999999997783
8,1,2,28.539,28.53,0.009000000000000341
8,2,2,27.406,27.41,0.004000000000001336
8,3,2,29.202,29.2,0.0020000000000024443
8,4,2,34.203,34.2,0.0030000000000001137
8,5,2,27.686,27.69,0.004000000000001336
8,6,2,28.9,28.9,0.0
8,1,3,28.541,28.55,0.009000000000000341
8,2,3,27.481,27.48,0.0010000000000012221
8,3,3,28.988,28.99,0.0019999999999988916
8,4,3,34.122,34.12,0.0020000000000024443
8,5,3,27.753,27.75,0.0030000000000001137
8,6,3,28.908,28.91,0.0019999999999988916
8,1,4,28.454,28.45,0.004000000000001336
8,2,4,27.316,27.32,0.004000000000001336
8,3,4,28.787,28.78,0.006999999999997897
8,4,4,34.159,34.16,0.0009999999999976694
8,5,4,27.875,27.87,0.004999999999999005
8,6,4,28.981,28.98,0.0010000000000012221
8,1,1,28.447,28.44,0.006999999999997897
8,2,1,27.442,27.44,0.0019999999999988916
8,3,1,29.166,29.16,0.006000000000000227
8,4,1,33.964,33.97,0.006000000000000227
8,5,1,27.766,27.76,0.005999999999996675
8,6,1,29.125,29.12,0.004999999999999005
8,1,2,28.782,28.78,0.0019999999999988916
8,2,2,27.492,27.49,0.0020000000000024443
8,3,2,29.181,29.18,0.0010000000000012221
8,4,2,34.114,34.11,0.003999999999997783
8,5,2,27.69,27.69,0.0
8,6,2,29.044,29.04,0.004000000000001336
8,1,3,28.416,28.42,0.004000000000001336
8,2,3,27.446,27.45,0.003999999999997783
8,3,3,29.316,29.31,0.006000000000000227
8,4,3,34.105,34.11,0.005000000000002558
8,5,3,27.463,27.46,0.0030000000000001137
8,6,3,28.992,28.99,0.0020000000000024443
8,1,4,28.608,28.6,0.007999999999999119
8,2,4,27.471,27.47,0.0010000000000012221
8,3,4,29.219,29.22,0.0009999999999976694
8,4,4,34.027,34.03,0.0030000000000001137
8,5,4,27.814,27.81,0.004000000000001336
8,6,4,28.811,28.81,0.0010000000000012221
8,1,1,28.124,28.12,0.003999999999997783
8,2,1,27.375,27.37,0.004999999999999005
8,3,1,29.294,29.29,0.004000000000001336
8,4,1,33.857,33.86,0.0030000000000001137
8,5,1,27.555,27.55,0.004999999999999005
8,6,1,28.981,28.98,0.0010000000000012221
8,1,2,28.645,28.64,0.004999999999999005
8,2,2,27.485,27.49,0.004999999999999005
8,3,2,29.307,29.31,0.0030000000000001137
8,4,2,33.992,33.99,0.001999999999995339
8,5,2,27.481,27.48,0.0010000000000012221
8,6,2,28.799,28.8,0.0010000000000012221
8,1,3,28.286,28.28,0.006000000000000227
8,2,3,27.342,27.34,0.0019999999999988916
8,3,3,29.063,29.06,0.0030000000000001137
8,4,3,34.116,34.12,0.003999999999997783
8,5,3,27.813,27.81,0.0030000000000001137
8,6,3,29.09,29.09,0.0
8,1,4,28.621,28.62,0.0009999999999976694
8,2,4,27.42,27.42,0.0
8,3,4,28.973,28.97,0.0030000000000001137
8,4,4,33.833,33.83,0.0030000000000001137
8,5,4,27.073,27.15,0.07699999999999818
8,6,4,29.244,29.24,0.004000000000001336
8,1,1,28.386,28.39,0.004000000000001336
8,2,1,27.342,27.34,0.0019999999999988916
8,3,1,29.4,29.4,0.0
8,4,1,34.198,34.2,0.0020000000000024443
8,5,1,27.719,27.72,0.0009999999999976694
8,6,1,28.978,28.98,0.0019999999999988916
8,1,2,28.436,28.44,0.004000000000001336
8,2,2,27.415,27.42,0.005000000000002558
8,3,2,29.472,29.47,0.0020000000000024443
8,4,2,34.218,34.22,0.001999999999995339
8,5,2,27.685,27.68,0.004999999999999005
8,6,2,29.318,29.32,0.0019999999999988916
8,1,3,28.431,28.44,0.009000000000000341
8,2,3,27.428,27.43,0.0019999999999988916
8,3,3,29.083,29.08,0.0030000000000001137
8,4,3,33.862,33.86,0.0020000000000024443
8,5,3,27.406,27.41,0.004000000000001336
8,6,3,29.208,29.21,0.0020000000000024443
8,1,4,28.83,28.83,0.0
8,2,4,27.56,27.56,0.0
8,3,4,29.097,29.1,0.0030000000000001137
8,4,4,34.229,34.23,0.0009999999999976694
8,5,4,27.657,27.66,0.0030000000000001137
8,6,4,28.982,28.98,0.0019999999999988916
8,1,1,28.087,28.08,0.0070000000000014495
8,2,1,27.254,27.25,0.004000000000001336
8,3,1,28.805,28.8,0.004999999999999005
8,4,1,33.877,33.88,0.0030000000000001137
8,5,1,27.378,27.38,0.0019999999999988916
8,6,1,29.2,29.2,0.0
8,1,2,28.157,28.14,0.01699999999999946
8,2,2,27.293,27.28,0.012999999999998124
8,3,2,29.229,29.23,0.0010000000000012221
8,4,2,34.142,34.14,0.0020000000000024443
8,5,2,27.8,27.8,0.0
8,6,2,29.408,29.41,0.0019999999999988916
8,1,3,28.431,28.43,0.0010000000000012221
8,2,3,27.507,27.51,0.0030000000000001137
8,3,3,29.118,29.12,0.0020000000000024443
8,4,3,33.863,33.86,0.0030000000000001137
8,5,3,27.587,27.59,0.0030000000000001137
8,6,3,28.862,28.86,0.0019999999999988916
8,1,4,28.276,28.28,0.004000000000001336
8,2,4,27.331,27.33,0.0010000000000012221
8,3,4,29.006,29.01,0.004000000000001336
8,4,4,34.269,34.27,0.0010000000000047748
8,5,4,27.75,27.75,0.0
8,6,4,29.101,29.1,0.0009999999999976694
8,1,1,28.439,28.44,0.0010000000000012221
8,2,1,27.304,27.31,0.006000000000000227
8,3,1,29.043,29.04,0.0030000000000001137
8,4,1,34.099,34.1,0.0010000000000047748
8,5,1,27.914,27.91,0.004000000000001336
8,6,1,28.737,28.74,0.0030000000000001137
8,1,2,28.009,28.04,0.030999999999998806
8,2,2,27.064,27.07,0.006000000000000227
8,3,2,29.045,29.04,0.005000000000002558
8,4,2,34.079,34.08,0.0009999999999976694
8,5,2,27.785,27.78,0.004999999999999005
8,6,2,28.795,28.79,0.005000000000002558
8,1,3,28.626,28.61,0.01600000000000179
8,2,3,27.373,27.37,0.0030000000000001137
8,3,3,29.076,29.08,0.003999999999997783
8,4,3,34.046,34.05,0.003999999999997783
8,5,3,27.893,27.89,0.0030000000000001137
8,6,3,28.968,28.97,0.0019999999999988916
8,1,4,28.635,28.64,0.004999999999999005
8,2,4,27.442,27.44,0.0019999999999988916
8,3,4,28.902,28.89,0.012000000000000455
8,4,4,34.086,34.09,0.0040000000000048885
8,5,4,27.965,27.96,0.004999999999999005
8,6,4,29.108,29.11,0.0019999999999988916
8,1,1,28.699,28.7,0.0009999999999976694
8,2,1,27.5,27.5,0.0
8,3,1,28.964,28.96,0.003999999999997783
8,4,1,33.762,33.76,0.0020000000000024443
8,5,1,27.764,27.76,0.003999999999997783
8,6,1,28.862,28.86,0.0019999999999988916
8,1,2,28.659,28.65,0.009000000000000341
8,2,2,27.413,27.41,0.0030000000000001137
8,3,2,29.005,29.01,0.005000000000002558
8,4,2,34.032,34.04,0.008000000000002672
8,5,2,27.711,27.71,0.0009999999999976694
8,6,2,28.911,28.91,0.0010000000000012221
8,1,3,28.149,28.13,0.019000000000001904
8,2,3,27.211,27.21,0.0009999999999976694
8,3,3,29.021,29.02,0.0010000000000012221
8,4,3,33.992,33.99,0.001999999999995339
8,5,3,27.834,27.83,0.004000000000001336
8,6,3,29.251,29.25,0.0010000000000012221
8,1,4,28.557,28.56,0.0030000000000001137
8,2,4,27.622,27.62,0.0019999999999988916
8,3,4,28.986,28.99,0.003999999999997783
8,4,4,34.255,34.25,0.005000000000002558
8,5,4,28.038,28.04,0.0019999999999988916
8,6,4,28.868,28.87,0.0020000000000024443
8,1,1,28.224,28.25,0.0259999999999998
8,2,1,27.391,27.39,0.0009999999999976694
8,3,1,29.274,29.27,0.004000000000001336
8,4,1,33.918,33.92,0.0020000000000024443
8,5,1,27.902,27.9,0.0020000000000024443
8,6,1,29.121,29.12,0.0009999999999976694
8,1,2,28.407,28.4,0.0070000000000014495
8,2,2,27.303,27.3,0.0030000000000001137
8,3,2,29.186,29.18,0.006000000000000227
8,4,2,34.063,34.06,0.0030000000000001137
8,5,2,27.713,27.71,0.0030000000000001137
8,6,2,29.185,29.18,0.004999999999999005
8,1,3,28.624,28.62,0.003999999999997783
8,2,3,27.396,27.39,0.006000000000000227
8,3,3,29.028,29.03,0.0020000000000024443
8,4,3,34.251,34.25,0.0009999999999976694
8,5,3,27.898,27.9,0.0019999999999988916
8,6,3,29.022,29.02,0.0019999999999988916
8,1,4,28.561,28.56,0.0010000000000012221
8,2,4,27.571,27.57,0.0010000000000012221
8,3,4,29.124,29.12,0.003999999999997783
8,4,4,34.022,34.02,0.001999999999995339
8,5,4,27.416,27.42,0.004000000000001336
8,6,4,29.185,29.18,0.004999999999999005
8,1,1,28.54,28.54,0.0
8,2,1,27.374,27.37,0.003999999999997783
8,3,1,28.761,28.76,0.0009999999999976694
8,4,1,34.187,34.19,0.0030000000000001137
8,5,1,27.74,27.74,0.0
8,6,1,29.213,29.21,0.0030000000000001137
8,1,2,28.647,28.64,0.006999999999997897
8,2,2,27.456,27.46,0.004000000000001336
8,3,2,28.617,28.61,0.0070000000000014495
8,4,2,34.117,34.12,0.0030000000000001137
8,5,2,27.759,27.76,0.0010000000000012221
8,6,2,28.828,28.83,0.0019999999999988916
8,1,3,28.695,28.69,0.004999999999999005
8,2,3,27.516,27.52,0.004000000000001336
8,3,3,29.152,29.15,0.0020000000000024443
8,4,3,33.988,33.99,0.0020000000000024443
8,5,3,27.885,27.89,0.004999999999999005
8,6,3,29.106,29.11,0.003999999999997783
8,1,4,28.414,28.41,0.004000000000001336
8,2,4,27.428,27.43,0.0019999999999988916
8,3,4,29.138,29.13,0.008000000000002672
8,4,4,34.144,34.15,0.006000000000000227
8,5,4,27.699,27.7,0.0009999999999976694
8,6,4,29.022,29.02,0.0019999999999988916
8,1,1,28.362,28.36,0.0019999999999988916
8,2,1,27.467,27.47,0.0030000000000001137
8,3,1,29.387,29.39,0.0030000000000001137
8,4,1,34.048,34.05,0.001999999999995339
8,5,1,27.535,27.53,0.004999999999999005
8,6,1,29.053,29.05,0.0030000000000001137
8,1,2,28.199,28.21,0.010999999999999233
8,2,2,27.215,27.21,0.004999999999999005
8,3,2,28.812,28.81,0.0020000000000024443
8,4,2,34.204,34.2,0.003999999999997783
8,5,2,27.804,27.8,0.003999999999997783
8,6,2,29.066,29.07,0.004000000000001336
8,1,3,28.579,28.57,0.009000000000000341
8,2,3,27.355,27.36,0.004999999999999005
8,3,3,28.96,28.96,0.0
8,4,3,34.056,34.06,0.0040000000000048885
8,5,3,27.737,27.74,0.0030000000000001137
8,6,3,28.98,28.98,0.0
8,1,4,28.869,28.87,0.0010000000000012221
8,2,4,27.626,27.62,0.006000000000000227
8,3,4,28.936,28.95,0.013999999999999346
8,4,4,34.062,34.06,0.001999999999995339
8,5,4,27.645,27.64,0.004999999999999005
8,6,4,28.935,28.94,0.005000000000002558
8,1,1,28.614,28.61,0.004000000000001336
8,2,1,27.522,27.52,0.0019999999999988916
8,3,1,29.2,29.2,0.0
8,4,1,34.278,34.28,0.0020000000000024443
8,5,1,27.877,27.88,0.0030000000000001137
8,6,1,29.121,29.12,0.0009999999999976694
8,1,2,28.498,28.5,0.0019999999999988916
8,2,2,27.361,27.36,0.0010000000000012221
8,3,2,28.896,28.9,0.003999999999997783
8,4,2,34.073,34.07,0.0030000000000001137
8,5,2,27.699,27.7,0.0009999999999976694
8,6,2,28.933,28.93,0.0030000000000001137
8,1,3,28.775,28.77,0.004999999999999005
8,2,3,27.554,27.55,0.003999999999997783
8,3,3,29.117,29.12,0.0030000000000001137
8,4,3,34.046,34.05,0.003999999999997783
8,5,3,27.497,27.5,0.0030000000000001137
8,6,3,28.907,28.91,0.0030000000000001137
8,1,4,28.884,28.88,0.004000000000001336
8,2,4,27.61,27.61,0.0
8,3,4,29.217,29.21,0.006999999999997897
8,4,4,34.051,34.05,0.0010000000000047748
8,5,4,27.526,27.53,0.004000000000001336
8,6,4,29.168,29.17,0.0020000000000024443
8,1,1,28.439,28.43,0.009000000000000341
8,2,1,27.313,27.31,0.0030000000000001137
8,3,1,28.912,28.91,0.0019999999999988916
8,4,1,33.853,33.85,0.0030000000000001137
8,5,1,27.527,27.53,0.0030000000000001137
8,6,1,28.818,28.82,0.0019999999999988916
8,1,2,28.677,28.68,0.0030000000000001137
8,2,2,27.501,27.5,0.0010000000000012221
8,3,2,28.927,28.92,0.006999999999997897
8,4,2,34.247,34.25,0.0030000000000001137
8,5,2,27.606,27.6,0.006000000000000227
8,6,2,29.18,29.18,0.0
8,1,3,28.45,28.45,0.0
8,2,3,27.572,27.57,0.0019999999999988916
8,3,3,29.454,29.45,0.004000000000001336
8,4,3,34.04,34.04,0.0
8,5,3,27.688,27.69,0.0020000000000024443
8,6,3,28.548,28.55,0.0020000000000024443
8,1,4,28.662,28.67,0.008000000000002672
8,2,4,27.392,27.39,0.0019999999999988916
8,3,4,28.824,28.82,0.004000000000001336
8,4,4,34.097,34.1,0.0030000000000001137
8,5,4,27.873,27.87,0.0030000000000001137
8,6,4,28.976,28.98,0.004000000000001336
8,1,1,28.408,28.41,0.0019999999999988916
8,2,1,27.396,27.4,0.003999999999997783
8,3,1,28.735,28.73,0.004999999999999005
8,4,1,34.026,34.03,0.003999999999997783
8,5,1,27.789,27.79,0.0009999999999976694
8,6,1,29.172,29.17,0.0019999999999988916
8,1,2,28.416,28.42,0.004000000000001336
8,2,2,27.445,27.45,0.004999999999999005
8,3,2,29.082,29.08,0.0020000000000024443
8,4,2,34.144,34.14,0.003999999999997783
8,5,2,27.529,27.53,0.0010000000000012221
8,6,2,28.835,28.83,0.005000000000002558
8,1,3,28.485,28.48,0.004999999999999005
8,2,3,27.417,27.42,0.0030000000000001137
8,3,3,29.199,29.2,0.0009999999999976694
8,4,3,34.088,34.09,0.0020000000000024443
8,5,3,27.85,27.85,0.0
8,6,3,28.836,28.84,0.004000000000001336
8,1,4,28.484,28.48,0.004000000000001336
8,2,4,27.475,27.47,0.005000000000002558
8,3,4,28.926,28.92,0.005999999999996675
8,4,4,33.91,33.91,0.0
8,5,4,27.662,27.66,0.0019999999999988916
8,6,4,29.25,29.25,0.0
8,1,1,28.468,28.46,0.007999999999999119
8,2,1,27.409,27.41,0.0010000000000012221
8,3,1,29.024,29.03,0.006000000000000227
8,4,1,34.077,34.08,0.0030000000000001137
8,5,1,27.58,27.58,0.0
8,6,1,29.085,29.08,0.005000000000002558
8,1,2,28.441,28.44,0.0009999999999976694
8,2,2,27.318,27.32,0.0019999999999988916
8,3,2,29.043,29.04,0.0030000000000001137
8,4,2,33.806,33.81,0.0040000000000048885
8,5,2,27.666,27.66,0.006000000000000227
8,6,2,28.632,28.63,0.0020000000000024443
8,1,3,27.985,28.02,0.03500000000000014
8,2,3,27.026,27.03,0.004000000000001336
8,3,3,28.957,28.95,0.0070000000000014495
8,4,3,34.037,34.04,0.0030000000000001137
8,5,3,27.539,27.54,0.0009999999999976694
8,6,3,29.162,29.16,0.0019999999999988916
8,1,4,28.6,28.6,0.0
8,2,4,27.557,27.56,0.0030000000000001137
8,3,4,29.401,29.4,0.0010000000000012221
8,4,4,34.149,34.15,0.0009999999999976694
8,5,4,27.699,27.7,0.0009999999999976694
8,6,4,29.011,29.01,0.0009999999999976694
8,1,1,28.516,28.51,0.005999999999996675
8,2,1,27.459,27.46,0.0010000000000012221
8,3,1,29.011,29.01,0.0009999999999976694
8,4,1,33.856,33.85,0.006000000000000227
8,5,1,27.397,27.4,0.0030000000000001137
8,6,1,28.962,28.96,0.0019999999999988916
8,1,2,28.521,28.52,0.0010000000000012221
8,2,2,27.323,27.32,0.0030000000000001137
8,3,2,28.943,28.94,0.0030000000000001137
8,4,2,34.047,34.05,0.0030000000000001137
8,5,2,27.603,27.6,0.0030000000000001137
8,6,2,29.082,29.08,0.0020000000000024443
8,1,3,28.423,28.42,0.002999999999996561
8,2,3,27.301,27.3,0.0009999999999976694
8,3,3,28.545,28.54,0.005000000000002558
8,4,3,33.922,33.92,0.001999999999995339
8,5,3,27.596,27.6,0.004000000000001336
8,6,3,29.04,29.04,0.0
8,1,4,28.392,28.4,0.007999999999999119
8,2,4,27.427,27.43,0.0030000000000001137
8,3,4,29.004,29.0,0.004000000000001336
8,4,4,34.07,34.07,0.0
8,5,4,27.552,27.55,0.0019999999999988916
8,6,4,28.558,28.56,0.0019999999999988916
8,1,1,28.365,28.37,0.005000000000002558
8,2,1,27.405,27.41,0.004999999999999005
8,3,1,29.445,29.44,0.004999999999999005
8,4,1,34.101,34.1,0.0009999999999976694
8,5,1,27.662,27.66,0.0019999999999988916
8,6,1,29.163,29.16,0.0030000000000001137
8,1,2,28.473,28.47,0.0030000000000001137
8,2,2,27.375,27.38,0.004999999999999005
8,3,2,29.102,29.1,0.0019999999999988916
8,4,2,34.196,34.2,0.0040000000000048885
8,5,2,27.929,27.93,0.0010000000000012221
8,6,2,28.84,28.84,0.0
8,1,3,28.725,28.73,0.004999999999999005
8,2,3,27.592,27.59,0.0019999999999988916
8,3,3,28.977,28.98,0.0030000000000001137
8,4,3,34.171,34.17,0.0009999999999976694
8,5,3,27.809,27.81,0.0009999999999976694
8,6,3,29.11,29.11,0.0
8,1,4,28.783,28.78,0.0030000000000001137
8,2,4,27.337,27.34,0.0030000000000001137
8,3,4,29.198,29.19,0.007999999999999119
8,4,4,34.08,34.08,0.0
8,5,4,27.712,27.71,0.0019999999999988916
8,6,4,29.114,29.11,0.004000000000001336
8,1,1,28.344,28.34,0.004000000000001336
8,2,1,27.28,27.28,0.0
8,3,1,29.137,29.14,0.0030000000000001137
8,4,1,34.054,34.05,0.0040000000000048885
8,5,1,27.651,27.65,0.0010000000000012221
8,6,1,29.231,29.23,0.0010000000000012221
8,1,2,28.524,28.53,0.006000000000000227
8,2,2,27.431,27.43,0.0010000000000012221
8,3,2,29.153,29.15,0.0030000000000001137
8,4,2,34.062,34.06,0.001999999999995339
8,5,2,27.776,27.78,0.004000000000001336
8,6,2,29.052,29.05,0.0019999999999988916
8,1,3,28.225,28.22,0.005000000000002558
8,2,3,27.327,27.33,0.002999999999996561
8,3,3,28.918,28.92,0.0020000000000024443
8,4,3,34.212,34.21,0.0020000000000024443
8,5,3,27.86,27.86,0.0
8,6,3,28.896,28.9,0.003999999999997783
8,1,4,28.723,28.72,0.0030000000000001137
8,2,4,27.44,27.44,0.0
8,3,4,29.148,29.14,0.007999999999999119
8,4,4,34.104,34.11,0.006000000000000227
8,5,4,27.802,27.8,0.0019999999999988916
8,6,4,28.639,28.64,0.0010000000000012221
8,1,1,28.855,28.85,0.004999999999999005
8,2,1,27.545,27.55,0.004999999999999005
8,3,1,29.082,29.08,0.0020000000000024443
8,4,1,33.95,33.95,0.0
8,5,1,27.559,27.56,0.0009999999999976694
8,6,1,29.001,29.0,0.0010000000000012221
8,1,2,28.865,28.87,0.005000000000002558
8,2,2,27.588,27.59,0.0019999999999988916
8,3,2,29.303,29.3,0.0030000000000001137
8,4,2,34.011,34.01,0.0010000000000047748
8,5,2,27.644,27.64,0.003999999999997783
8,6,2,29.096,29.1,0.004000000000001336
8,1,3,28.372,28.37,0.0019999999999988916
8,2,3,27.17,27.17,0.0
8,3,3,29.112,29.11,0.0019999999999988916
8,4,3,33.855,33.86,0.005000000000002558
8,5,3,27.471,27.47,0.0010000000000012221
8,6,3,28.942,28.94,0.0019999999999988916
8,1,4,28.717,28.72,0.0030000000000001137
8,2,4,27.468,27.47,0.0019999999999988916
8,3,4,29.113,29.11,0.0030000000000001137
8,4,4,33.72,33.72,0.0
8,5,4,27.375,27.38,0.004999999999999005
8,6,4,28.752,28.75,0.0019999999999988916
8,1,1,28.767,28.77,0.0030000000000001137
8,2,1,27.492,27.49,0.0020000000000024443
8,3,1,29.106,29.12,0.013999999999999346
8,4,1,34.014,34.01,0.0040000000000048885
8,5,1,27.561,27.56,0.0010000000000012221
8,6,1,29.145,29.15,0.004999999999999005
8,1,2,28.61,28.61,0.0
8,2,2,27.503,27.5,0.0030000000000001137
8,3,2,29.116,29.11,0.006000000000000227
8,4,2,33.946,33.95,0.0040000000000048885
8,5,2,27.61,27.61,0.0
8,6,2,28.763,28.76,0.0030000000000001137
8,1,3,28.345,28.34,0.004999999999999005
8,2,3,27.284,27.29,0.006000000000000227
8,3,3,28.876,28.88,0.003999999999997783
8,4,3,34.105,34.1,0.0049999999999954525
8,5,3,27.694,27.69,0.003999999999997783
8,6,3,29.082,29.08,0.0020000000000024443
8,1,4,28.568,28.57,0.0019999999999988916
8,2,4,27.475,27.47,0.005000000000002558
8,3,4,29.077,29.08,0.002999999999996561
8,4,4,33.888,33.89,0.0020000000000024443
8,5,4,27.697,27.7,0.0030000000000001137
8,6,4,29.308,29.31,0.0019999999999988916
8,1,1,28.738,28.74,0.0019999999999988916
8,2,1,27.57,27.57,0.0
8,3,1,28.968,28.97,0.0019999999999988916
8,4,1,34.089,34.09,0.0010000000000047748
8,5,1,27.706,27.71,0.004000000000001336
8,6,1,29.145,29.15,0.004999999999999005
8,1,2,28.639,28.64,0.0010000000000012221
8,2,2,27.384,27.39,0.006000000000000227
8,3,2,29.255,29.25,0.004999999999999005
8,4,2,34.042,34.04,0.0020000000000024443
8,5,2,27.683,27.68,0.0030000000000001137
8,6,2,28.834,28.83,0.004000000000001336
8,1,3,28.458,28.46,0.0020000000000024443
8,2,3,27.482,27.48,0.0019999999999988916
8,3,3,29.277,29.28,0.0030000000000001137
8,4,3,34.248,34.25,0.0020000000000024443
8,5,3,27.8,27.8,0.0
8,6,3,29.029,29.03,0.0010000000000012221
8,1,4,28.373,28.38,0.006999999999997897
8,2,4,27.281,27.28,0.0009999999999976694
8,3,4,29.008,29.01,0.0020000000000024443
8,4,4,33.809,33.81,0.0010000000000047748
8,5,4,27.515,27.51,0.004999999999999005
8,6,4,29.09,29.09,0.0
