wafer,stage,site,true,pred,abs_err
20,1,1,28.561,28.56,0.0010000000000012221
20,2,1,27.618,27.62,0.0020000000000024443
20,3,1,29.461,29.46,0.0009999999999976694
20,4,1,34.511,34.51,0.0010000000000047748
20,5,1,28.0,28.0,0.0
20,6,1,29.487,29.49,0.0030000000000001137
20,1,2,29.134,29.13,0.004000000000001336
20,2,2,27.927,27.92,0.006999999999997897
20,3,2,29.444,29.45,0.006000000000000227
20,4,2,34.561,34.56,0.0009999999999976694
20,5,2,28.018,28.02,0.0019999999999988916
20,6,2,29.309,29.31,0.0009999999999976694
20,1,3,29.133,29.13,0.0030000000000001137
20,2,3,27.829,27.83,0.0009999999999976694
20,3,3,29.369,29.37,0.0010000000000012221
20,4,3,34.227,34.23,0.0030000000000001137
20,5,3,27.952,27.95,0.0020000000000024443
20,6,3,29.226,29.23,0.004000000000001336
20,1,4,28.801,28.8,0.0009999999999976694
20,2,4,27.782,27.78,0.0019999999999988916
20,3,4,29.58,29.57,0.00999999999999801
20,4,4,34.22,34.22,0.0
20,5,4,27.865,27.86,0.004999999999999005
20,6,4,29.5,29.5,0.0
20,1,1,28.871,28.87,0.0009999999999976694
20,2,1,27.776,27.77,0.006000000000000227
20,3,1,29.389,29.4,0.010999999999999233
20,4,1,34.436,34.43,0.006000000000000227
20,5,1,28.014,28.01,0.003999999999997783
20,6,1,29.493,29.49,0.0030000000000001137
20,1,2,28.882,28.89,0.007999999999999119
20,2,2,27.637,27.64,0.0030000000000001137
20,3,2,29.323,29.32,0.0030000000000001137
20,4,2,34.486,34.48,0.006000000000000227
20,5,2,28.075,28.08,0.004999999999999005
20,6,2,29.131,29.13,0.0010000000000012221
20,1,3,28.809,28.81,0.0009999999999976694
20,2,3,27.666,27.67,0.004000000000001336
20,3,3,29.35,29.34,0.010000000000001563
20,4,3,34.373,34.37,0.0030000000000001137
20,5,3,28.191,28.19,0.0009999999999976694
20,6,3,29.399,29.4,0.0009999999999976694
20,1,4,28.685,28.67,0.014999999999997016
20,2,4,27.738,27.74,0.0019999999999988916
20,3,4,29.255,29.26,0.005000000000002558
20,4,4,34.192,34.19,0.0020000000000024443
20,5,4,27.809,27.81,0.0009999999999976694
20,6,4,29.191,29.19,0.0009999999999976694
20,1,1,28.951,28.95,0.0010000000000012221
20,2,1,27.632,27.63,0.0020000000000024443
20,3,1,29.532,29.53,0.0019999999999988916
20,4,1,34.36,34.36,0.0
20,5,1,28.154,28.15,0.004000000000001336
20,6,1,29.406,29.41,0.004000000000001336
20,1,2,28.982,28.97,0.012000000000000455
20,2,2,27.696,27.7,0.003999999999997783
20,3,2,29.524,29.52,0.004000000000001336
20,4,2,34.221,34.22,0.0009999999999976694
20,5,2,27.978,27.98,0.0019999999999988916
20,6,2,29.392,29.39,0.0019999999999988916
20,1,3,29.003,29.01,0.0070000000000014495
20,2,3,27.89,27.89,0.0
20,3,3,29.499,29.49,0.009000000000000341
20,4,3,34.438,34.44,0.001999999999995339
20,5,3,27.981,27.98,0.0010000000000012221
20,6,3,29.135,29.14,0.004999999999999005
20,1,4,28.979,28.98,0.0010000000000012221
20,2,4,27.71,27.71,0.0
20,3,4,29.545,29.55,0.004999999999999005
20,4,4,34.342,34.34,0.001999999999995339
20,5,4,27.979,27.98,0.0010000000000012221
20,6,4,28.921,28.92,0.0009999999999976694
20,1,1,28.895,28.89,0.004999999999999005
20,2,1,27.75,27.75,0.0
20,3,1,29.252,29.25,0.0019999999999988916
20,4,1,34.36,34.36,0.0
20,5,1,27.885,27.88,0.005000000000002558
20,6,1,29.457,29.46,0.0030000000000001137
20,1,2,28.805,28.81,0.004999999999999005
20,2,2,27.65,27.65,0.0
20,3,2,29.504,29.5,0.004000000000001336
20,4,2,34.295,34.29,0.005000000000002558
20,5,2,27.925,27.92,0.004999999999999005
20,6,2,29.236,29.24,0.003999999999997783
20,1,3,28.91,28.91,0.0
20,2,3,27.747,27.74,0.0070000000000014495
20,3,3,29.422,29.42,0.0019999999999988916
20,4,3,34.514,34.52,0.006000000000000227
20,5,3,28.426,28.43,0.004000000000001336
20,6,3,29.162,29.16,0.0019999999999988916
20,1,4,29.103,29.09,0.013000000000001677
20,2,4,27.829,27.83,0.0009999999999976694
20,3,4,29.377,29.37,0.006999999999997897
20,4,4,34.379,34.38,0.0010000000000047748
20,5,4,27.906,27.91,0.004000000000001336
20,6,4,29.191,29.19,0.0009999999999976694
20,1,1,28.719,28.71,0.009000000000000341
20,2,1,27.718,27.72,0.0019999999999988916
20,3,1,29.736,29.73,0.006000000000000227
20,4,1,34.383,34.38,0.0030000000000001137
20,5,1,27.957,27.96,0.0030000000000001137
20,6,1,29.198,29.2,0.0019999999999988916
20,1,2,28.726,28.73,0.004000000000001336
20,2,2,27.569,27.57,0.0010000000000012221
20,3,2,29.488,29.49,0.0019999999999988916
20,4,2,34.28,34.28,0.0
20,5,2,27.925,27.93,0.004999999999999005
20,6,2,29.325,29.33,0.004999999999999005
20,1,3,28.937,28.94,0.0030000000000001137
20,2,3,27.743,27.74,0.0030000000000001137
20,3,3,29.59,29.59,0.0
20,4,3,34.418,34.42,0.0020000000000024443
20,5,3,27.913,27.92,0.0070000000000014495
20,6,3,29.259,29.26,0.0010000000000012221
20,1,4,28.705,28.71,0.005000000000002558
20,2,4,27.63,27.63,0.0
20,3,4,29.651,29.64,0.010999999999999233
20,4,4,34.317,34.32,0.0030000000000001137
20,5,4,28.145,28.14,0.004999999999999005
20,6,4,29.28,29.28,0.0
20,1,1,28.846,28.84,0.006000000000000227
20,2,1,27.686,27.69,0.004000000000001336
20,3,1,29.525,29.53,0.005000000000002558
20,4,1,34.221,34.22,0.0009999999999976694
20,5,1,27.91,27.91,0.0
20,6,1,28.929,28.93,0.0010000000000012221
20,1,2,28.909,28.91,0.0010000000000012221
20,2,2,27.639,27.64,0.0010000000000012221
20,3,2,29.198,29.2,0.0019999999999988916
20,4,2,34.327,34.33,0.0030000000000001137
20,5,2,28.002,28.0,0.0019999999999988916
20,6,2,29.37,29.37,0.0
20,1,3,29.066,29.07,0.004000000000001336
20,2,3,27.847,27.85,0.0030000000000001137
20,3,3,29.511,29.51,0.0009999999999976694
20,4,3,34.468,34.47,0.001999999999995339
20,5,3,28.172,28.17,0.0019999999999988916
20,6,3,29.405,29.41,0.004999999999999005
20,1,4,28.555,28.56,0.004999999999999005
20,2,4,27.506,27.51,0.004000000000001336
20,3,4,29.296,29.3,0.004000000000001336
20,4,4,34.435,34.44,0.0049999999999954525
20,5,4,28.244,28.24,0.004000000000001336
20,6,4,29.305,29.31,0.004999999999999005
20,1,1,28.598,28.6,0.0020000000000024443
20,2,1,27.574,27.58,0.005999999999996675
20,3,1,29.654,29.65,0.004000000000001336
20,4,1,34.303,34.3,0.0030000000000001137
20,5,1,28.007,28.01,0.0030000000000001137
20,6,1,29.373,29.38,0.006999999999997897
20,1,2,28.997,29.0,0.0030000000000001137
20,2,2,27.79,27.78,0.00999999999999801
20,3,2,29.451,29.45,0.0010000000000012221
20,4,2,34.392,34.39,0.0020000000000024443
20,5,2,27.777,27.78,0.0030000000000001137
20,6,2,29.023,29.02,0.0030000000000001137
20,1,3,29.173,29.17,0.002999999999996561
20,2,3,27.864,27.86,0.004000000000001336
20,3,3,29.299,29.29,0.009000000000000341
20,4,3,34.523,34.52,0.0030000000000001137
20,5,3,27.98,27.98,0.0
20,6,3,29.407,29.41,0.0030000000000001137
20,1,4,28.667,28.67,0.0030000000000001137
20,2,4,27.586,27.59,0.004000000000001336
20,3,4,29.438,29.44,0.0020000000000024443
20,4,4,34.425,34.42,0.0049999999999954525
20,5,4,27.857,27.86,0.0030000000000001137
20,6,4,29.183,29.18,0.0030000000000001137
20,1,1,28.741,28.75,0.009000000000000341
20,2,1,27.572,27.57,0.0019999999999988916
20,3,1,29.452,29.44,0.012000000000000455
20,4,1,33.998,34.0,0.0020000000000024443
20,5,1,27.801,27.8,0.0009999999999976694
20,6,1,29.486,29.49,0.003999999999997783
20,1,2,29.04,29.05,0.010000000000001563
20,2,2,27.774,27.77,0.004000000000001336
20,3,2,29.433,29.43,0.0030000000000001137
20,4,2,34.248,34.25,0.0020000000000024443
20,5,2,28.011,28.01,0.0009999999999976694
20,6,2,29.243,29.24,0.0030000000000001137
20,1,3,28.865,28.86,0.004999999999999005
20,2,3,27.644,27.64,0.003999999999997783
20,3,3,29.426,29.42,0.005999999999996675
20,4,3,34.336,34.34,0.0040000000000048885
20,5,3,27.933,27.93,0.0030000000000001137
20,6,3,29.111,29.11,0.0010000000000012221
20,1,4,28.754,28.75,0.004000000000001336
20,2,4,27.657,27.66,0.0030000000000001137
20,3,4,29.606,29.61,0.003999999999997783
20,4,4,34.349,34.35,0.0010000000000047748
20,5,4,27.842,27.84,0.0019999999999988916
20,6,4,29.119,29.12,0.0010000000000012221
20,1,1,28.785,28.78,0.004999999999999005
20,2,1,27.693,27.69,0.0030000000000001137
20,3,1,29.304,29.31,0.006000000000000227
20,4,1,34.347,34.35,0.0030000000000001137
20,5,1,27.998,28.0,0.0019999999999988916
20,6,1,29.459,29.46,0.0010000000000012221
20,1,2,28.624,28.62,0.003999999999997783
20,2,2,27.695,27.69,0.004999999999999005
20,3,2,29.733,29.73,0.0030000000000001137
20,4,2,34.443,34.44,0.0030000000000001137
20,5,2,28.06,28.06,0.0
20,6,2,29.228,29.23,0.0019999999999988916
20,1,3,28.932,28.93,0.0019999999999988916
20,2,3,27.769,27.77,0.0010000000000012221
20,3,3,29.465,29.48,0.015000000000000568
20,4,3,34.386,34.39,0.003999999999997783
20,5,3,28.026,28.03,0.004000000000001336
20,6,3,29.131,29.13,0.0010000000000012221
20,1,4,28.832,28.83,0.0020000000000024443
20,2,4,27.61,27.61,0.0
20,3,4,29.197,29.19,0.006999999999997897
20,4,4,34.328,34.33,0.001999999999995339
20,5,4,27.92,27.92,0.0
20,6,4,29.31,29.31,0.0
20,1,1,28.764,28.77,0.006000000000000227
20,2,1,27.532,27.53,0.0019999999999988916
20,3,1,29.402,29.4,0.0020000000000024443
20,4,1,34.484,34.49,0.006000000000000227
20,5,1,28.151,28.15,0.0010000000000012221
20,6,1,29.192,29.19,0.0019999999999988916
20,1,2,28.871,28.88,0.009000000000000341
20,2,2,27.652,27.66,0.007999999999999119
20,3,2,29.46,29.46,0.0
20,4,2,34.283,34.29,0.006999999999997897
20,5,2,28.011,28.01,0.0009999999999976694
20,6,2,29.37,29.37,0.0
20,1,3,29.075,29.08,0.004999999999999005
20,2,3,27.799,27.8,0.0010000000000012221
20,3,3,29.544,29.55,0.006000000000000227
20,4,3,34.461,34.46,0.0009999999999976694
20,5,3,27.913,27.92,0.0070000000000014495
20,6,3,29.319,29.32,0.0010000000000012221
20,1,4,28.873,28.87,0.0030000000000001137
20,2,4,27.663,27.66,0.0030000000000001137
20,3,4,29.538,29.54,0.0019999999999988916
20,4,4,34.284,34.29,0.006000000000000227
20,5,4,27.985,27.98,0.004999999999999005
20,6,4,29.023,29.02,0.0030000000000001137
20,1,1,28.992,29.0,0.007999999999999119
20,2,1,27.7,27.7,0.0
20,3,1,29.449,29.45,0.0009999999999976694
20,4,1,34.317,34.32,0.0030000000000001137
20,5,1,27.789,27.79,0.0009999999999976694
20,6,1,29.275,29.27,0.004999999999999005
20,1,2,28.794,28.79,0.004000000000001336
20,2,2,27.559,27.56,0.0009999999999976694
20,3,2,29.571,29.57,0.0010000000000012221
20,4,2,34.145,34.14,0.005000000000002558
20,5,2,27.86,27.86,0.0
20,6,2,29.22,29.22,0.0
20,1,3,28.919,28.92,0.0010000000000012221
20,2,3,27.779,27.78,0.0010000000000012221
20,3,3,29.311,29.31,0.0010000000000012221
20,4,3,34.316,34.32,0.003999999999997783
20,5,3,28.032,28.03,0.0019999999999988916
20,6,3,29.192,29.19,0.0019999999999988916
20,1,4,29.074,29.07,0.004000000000001336
20,2,4,27.864,27.86,0.004000000000001336
20,3,4,29.586,29.59,0.004000000000001336
20,4,4,34.263,34.26,0.0030000000000001137
20,5,4,27.979,27.98,0.0010000000000012221
20,6,4,29.548,29.55,0.0020000000000024443
20,1,1,28.797,28.8,0.0030000000000001137
20,2,1,27.616,27.61,0.006000000000000227
20,3,1,29.597,29.6,0.0030000000000001137
20,4,1,34.366,34.37,0.003999999999997783
20,5,1,27.879,27.88,0.0009999999999976694
20,6,1,29.108,29.11,0.0019999999999988916
20,1,2,28.697,28.7,0.0030000000000001137
20,2,2,27.517,27.52,0.0030000000000001137
20,3,2,29.52,29.52,0.0
20,4,2,34.201,34.2,0.0009999999999976694
20,5,2,27.759,27.76,0.0010000000000012221
20,6,2,29.221,29.22,0.0010000000000012221
20,1,3,28.93,28.93,0.0
20,2,3,27.763,27.76,0.0030000000000001137
20,3,3,29.276,29.27,0.006000000000000227
20,4,3,34.345,34.34,0.0049999999999954525
20,5,3,27.835,27.83,0.005000000000002558
20,6,3,29.042,29.04,0.0020000000000024443
20,1,4,28.924,28.92,0.003999999999997783
20,2,4,27.569,27.57,0.0010000000000012221
20,3,4,29.224,29.22,0.004000000000001336
20,4,4,34.25,34.25,0.0
20,5,4,27.904,27.9,0.004000000000001336
20,6,4,29.344,29.34,0.004000000000001336
20,1,1,29.129,29.13,0.0009999999999976694
20,2,1,27.888,27.89,0.0019999999999988916
20,3,1,29.644,29.65,0.006000000000000227
20,4,1,34.263,34.26,0.0030000000000001137
20,5,1,27.908,27.91,0.0019999999999988916
20,6,1,29.132,29.13,0.0020000000000024443
20,1,2,28.822,28.82,0.0019999999999988916
20,2,2,27.655,27.65,0.005000000000002558
20,3,2,29.527,29.53,0.0030000000000001137
20,4,2,34.166,34.17,0.0040000000000048885
20,5,2,27.802,27.8,0.0019999999999988916
20,6,2,29.58,29.58,0.0
20,1,3,28.744,28.75,0.006000000000000227
20,2,3,27.794,27.79,0.004000000000001336
20,3,3,29.599,29.59,0.009000000000000341
20,4,3,34.248,34.25,0.0020000000000024443
20,5,3,27.748,27.75,0.0019999999999988916
20,6,3,29.191,29.19,0.0009999999999976694
20,1,4,29.075,29.07,0.004999999999999005
20,2,4,27.774,27.77,0.004000000000001336
20,3,4,29.509,29.51,0.0010000000000012221
20,4,4,34.218,34.22,0.001999999999995339
20,5,4,27.728,27.73,0.0019999999999988916
20,6,4,29.405,29.4,0.005000000000002558
20,1,1,28.945,28.95,0.004999999999999005
20,2,1,27.815,27.81,0.005000000000002558
20,3,1,29.532,29.54,0.007999999999999119
20,4,1,34.415,34.42,0.005000000000002558
20,5,1,28.212,28.21,0.0019999999999988916
20,6,1,29.125,29.13,0.004999999999999005
20,1,2,28.954,28.97,0.015999999999998238
20,2,2,27.809,27.81,0.0009999999999976694
20,3,2,29.399,29.4,0.0009999999999976694
20,4,2,34.185,34.19,0.0049999999999954525
20,5,2,27.864,27.87,0.006000000000000227
20,6,2,29.402,29.4,0.0020000000000024443
20,1,3,29.18,29.18,0.0
20,2,3,27.749,27.75,0.0010000000000012221
20,3,3,29.319,29.32,0.0010000000000012221
20,4,3,34.386,34.39,0.003999999999997783
20,5,3,27.988,27.99,0.0019999999999988916
20,6,3,29.27,29.27,0.0
20,1,4,28.784,28.79,0.006000000000000227
20,2,4,27.672,27.67,0.0019999999999988916
20,3,4,29.436,29.44,0.004000000000001336
20,4,4,34.147,34.15,0.0030000000000001137
20,5,4,27.787,27.79,0.0030000000000001137
20,6,4,29.182,29.18,0.0019999999999988916
20,1,1,29.163,29.17,0.0070000000000014495
20,2,1,27.957,27.96,0.0030000000000001137
20,3,1,29.46,29.47,0.00999999999999801
20,4,1,34.46,34.46,0.0
20,5,1,28.032,28.03,0.0019999999999988916
20,6,1,29.284,29.28,0.003999999999997783
20,1,2,28.82,28.83,0.00999999999999801
20,2,2,27.803,27.8,0.0030000000000001137
20,3,2,29.432,29.43,0.0019999999999988916
20,4,2,34.256,34.26,0.003999999999997783
20,5,2,27.967,27.97,0.0030000000000001137
20,6,2,29.268,29.27,0.0019999999999988916
20,1,3,28.756,28.77,0.013999999999999346
20,2,3,27.791,27.79,0.0010000000000012221
20,3,3,29.521,29.52,0.0010000000000012221
20,4,3,34.204,34.21,0.006000000000000227
20,5,3,27.805,27.8,0.004999999999999005
20,6,3,29.216,29.22,0.003999999999997783
20,1,4,28.751,28.76,0.009000000000000341
20,2,4,27.751,27.75,0.0010000000000012221
20,3,4,29.342,29.34,0.0019999999999988916
20,4,4,34.361,34.36,0.0009999999999976694
20,5,4,27.692,27.69,0.0019999999999988916
20,6,4,29.178,29.18,0.0019999999999988916
20,1,1,29.012,29.01,0.0019999999999988916
20,2,1,27.812,27.81,0.0020000000000024443
20,3,1,29.493,29.49,0.0030000000000001137
20,4,1,34.17,34.17,0.0
20,5,1,27.838,27.84,0.0019999999999988916
20,6,1,29.122,29.12,0.0019999999999988916
20,1,2,28.864,28.87,0.006000000000000227
20,2,2,27.693,27.69,0.0030000000000001137
20,3,2,29.373,29.37,0.0030000000000001137
20,4,2,34.56,34.56,0.0
20,5,2,27.884,27.88,0.004000000000001336
20,6,2,29.276,29.27,0.006000000000000227
20,1,3,28.949,28.94,0.009000000000000341
20,2,3,27.598,27.6,0.0020000000000024443
20,3,3,29.315,29.31,0.005000000000002558
20,4,3,34.345,34.34,0.0049999999999954525
20,5,3,28.175,28.17,0.004999999999999005
20,6,3,29.151,29.15,0.0010000000000012221
20,1,4,28.775,28.78,0.005000000000002558
20,2,4,27.636,27.64,0.004000000000001336
20,3,4,29.364,29.37,0.006000000000000227
20,4,4,34.323,34.32,0.0030000000000001137
20,5,4,27.788,27.79,0.0019999999999988916
20,6,4,29.229,29.23,0.0010000000000012221
20,1,1,28.798,28.8,0.0020000000000024443
20,2,1,27.717,27.72,0.0030000000000001137
20,3,1,29.476,29.48,0.004000000000001336
20,4,1,34.436,34.44,0.003999999999997783
20,5,1,27.948,27.95,0.0019999999999988916
20,6,1,29.484,29.48,0.004000000000001336
20,1,2,28.587,28.59,0.0030000000000001137
20,2,2,27.479,27.48,0.0010000000000012221
20,3,2,29.496,29.5,0.004000000000001336
20,4,2,34.149,34.15,0.0009999999999976694
20,5,2,27.933,27.93,0.0030000000000001137
20,6,2,29.119,29.12,0.0010000000000012221
20,1,3,28.969,28.97,0.0009999999999976694
20,2,3,27.69,27.69,0.0
20,3,3,29.156,29.16,0.004000000000001336
20,4,3,34.195,34.19,0.005000000000002558
20,5,3,27.7,27.7,0.0
20,6,3,29.151,29.15,0.0010000000000012221
20,1,4,29.023,29.03,0.0070000000000014495
20,2,4,27.732,27.74,0.007999999999999119
20,3,4,29.23,29.22,0.010000000000001563
20,4,4,34.294,34.29,0.003999999999997783
20,5,4,27.808,27.81,0.0019999999999988916
20,6,4,29.116,29.12,0.004000000000001336
20,1,1,28.699,28.69,0.009000000000000341
20,2,1,27.566,27.57,0.004000000000001336
20,3,1,29.262,29.26,0.0019999999999988916
20,4,1,34.308,34.31,0.0020000000000024443
20,5,1,27.866,27.87,0.004000000000001336
20,6,1,29.372,29.37,0.0019999999999988916
20,1,2,28.916,28.91,0.006000000000000227
20,2,2,27.833,27.83,0.0030000000000001137
20,3,2,29.563,29.56,0.0030000000000001137
20,4,2,34.35,34.35,0.0
20,5,2,28.137,28.14,0.0030000000000001137
20,6,2,29.277,29.28,0.0030000000000001137
20,1,3,28.867,28.86,0.0070000000000014495
20,2,3,27.794,27.8,0.006000000000000227
20,3,3,29.407,29.41,0.0030000000000001137
20,4,3,34.388,34.39,0.0020000000000024443
20,5,3,28.033,28.03,0.0030000000000001137
20,6,3,29.299,29.3,0.0010000000000012221
20,1,4,28.828,28.83,0.0019999999999988916
20,2,4,27.668,27.67,0.0020000000000024443
20,3,4,29.412,29.41,0.0019999999999988916
20,4,4,34.37,34.37,0.0
20,5,4,28.15,28.15,0.0
20,6,4,29.078,29.08,0.0019999999999988916
20,1,1,28.669,28.67,0.0010000000000012221
20,2,1,27.687,27.69,0.0030000000000001137
20,3,1,29.418,29.42,0.0020000000000024443
20,4,1,34.411,34.41,0.0010000000000047748
20,5,1,27.933,27.93,0.0030000000000001137
20,6,1,29.267,29.27,0.0030000000000001137
20,1,2,28.771,28.77,0.0010000000000012221
20,2,2,27.635,27.63,0.005000000000002558
20,3,2,29.105,29.11,0.004999999999999005
20,4,2,34.417,34.42,0.0030000000000001137
20,5,2,27.848,27.85,0.0020000000000024443
20,6,2,29.173,29.17,0.002999999999996561
20,1,3,28.845,28.85,0.005000000000002558
20,2,3,27.679,27.68,0.0010000000000012221
20,3,3,29.197,29.19,0.006999999999997897
20,4,3,34.383,34.38,0.0030000000000001137
20,5,3,27.833,27.83,0.0030000000000001137
20,6,3,29.27,29.27,0.0
20,1,4,28.852,28.85,0.0019999999999988916
20,2,4,27.594,27.59,0.004000000000001336
20,3,4,29.462,29.46,0.0019999999999988916
20,4,4,34.395,34.39,0.005000000000002558
20,5,4,28.025,28.02,0.004999999999999005
20,6,4,29.021,29.02,0.0010000000000012221
20,1,1,28.746,28.76,0.014000000000002899
20,2,1,27.747,27.74,0.0070000000000014495
20,3,1,29.268,29.27,0.0019999999999988916
20,4,1,34.384,34.38,0.003999999999997783
20,5,1,27.985,27.98,0.004999999999999005
20,6,1,29.201,29.2,0.0010000000000012221
20,1,2,29.003,29.01,0.0070000000000014495
20,2,2,27.607,27.61,0.0030000000000001137
20,3,2,29.479,29.48,0.0010000000000012221
20,4,2,34.27,34.27,0.0
20,5,2,28.06,28.06,0.0
20,6,2,29.11,29.11,0.0
20,1,3,28.725,28.73,0.004999999999999005
20,2,3,27.606,27.6,0.006000000000000227
20,3,3,29.438,29.44,0.0020000000000024443
20,4,3,34.295,34.3,0.0049999999999954525
20,5,3,27.933,27.93,0.0030000000000001137
20,6,3,29.261,29.26,0.0009999999999976694
20,1,4,28.896,28.89,0.006000000000000227
20,2,4,27.724,27.72,0.004000000000001336
20,3,4,29.269,29.27,0.0010000000000012221
20,4,4,34.234,34.23,0.0040000000000048885
20,5,4,28.06,28.06,0.0
20,6,4,29.342,29.34,0.0019999999999988916
21,1,1,29.149,29.14,0.009000000000000341
21,2,1,27.909,27.91,0.0010000000000012221
21,3,1,29.51,29.52,0.00999999999999801
21,4,1,34.487,34.49,0.0030000000000001137
21,5,1,28.174,28.17,0.003999999999997783
21,6,1,29.357,29.36,0.0030000000000001137
21,1,2,28.682,28.68,0.0019999999999988916
21,2,2,27.652,27.65,0.0020000000000024443
21,3,2,29.372,29.37,0.0019999999999988916
21,4,2,34.685,34.68,0.005000000000002558
21,5,2,28.284,28.28,0.003999999999997783
21,6,2,29.601,29.6,0.0009999999999976694
21,1,3,29.01,29.02,0.00999999999999801
21,2,3,27.808,27.81,0.0019999999999988916
21,3,3,29.563,29.56,0.0030000000000001137
21,4,3,34.413,34.41,0.0030000000000001137
21,5,3,27.808,27.81,0.0019999999999988916
21,6,3,29.2,29.2,0.0
21,1,4,29.115,29.11,0.004999999999999005
21,2,4,27.931,27.93,0.0010000000000012221
21,3,4,29.597,29.6,0.0030000000000001137
21,4,4,34.294,34.29,0.003999999999997783
21,5,4,27.812,27.81,0.0020000000000024443
21,6,4,29.489,29.49,0.0009999999999976694
21,1,1,29.103,29.1,0.0030000000000001137
21,2,1,27.845,27.85,0.005000000000002558
21,3,1,29.51,29.51,0.0
21,4,1,34.35,34.35,0.0
21,5,1,27.928,27.93,0.0019999999999988916
21,6,1,29.583,29.58,0.0030000000000001137
21,1,2,28.99,29.0,0.010000000000001563
21,2,2,27.817,27.82,0.0030000000000001137
21,3,2,29.56,29.56,0.0
21,4,2,34.583,34.58,0.0030000000000001137
21,5,2,28.148,28.15,0.0019999999999988916
21,6,2,29.336,29.33,0.006000000000000227
21,1,3,29.174,29.17,0.003999999999997783
21,2,3,27.956,27.95,0.006000000000000227
21,3,3,29.36,29.36,0.0
21,4,3,34.507,34.51,0.0030000000000001137
21,5,3,28.21,28.21,0.0
21,6,3,29.175,29.17,0.004999999999999005
21,1,4,29.298,29.3,0.0020000000000024443
21,2,4,27.997,28.0,0.0030000000000001137
21,3,4,29.656,29.65,0.006000000000000227
21,4,4,34.382,34.38,0.001999999999995339
21,5,4,27.98,27.98,0.0
21,6,4,29.593,29.59,0.0030000000000001137
21,1,1,29.1,29.1,0.0
21,2,1,27.818,27.82,0.0019999999999988916
21,3,1,29.169,29.16,0.009000000000000341
21,4,1,34.391,34.39,0.0009999999999976694
21,5,1,28.008,28.01,0.0020000000000024443
21,6,1,29.479,29.48,0.0010000000000012221
21,1,2,28.887,28.89,0.0030000000000001137
21,2,2,27.853,27.85,0.0030000000000001137
21,3,2,29.426,29.43,0.004000000000001336
21,4,2,34.432,34.43,0.0020000000000024443
21,5,2,28.024,28.02,0.004000000000001336
21,6,2,29.444,29.44,0.003999999999997783
21,1,3,29.045,29.05,0.004999999999999005
21,2,3,27.853,27.85,0.0030000000000001137
21,3,3,29.522,29.52,0.0019999999999988916
21,4,3,34.547,34.55,0.0030000000000001137
21,5,3,28.119,28.12,0.0010000000000012221
21,6,3,29.502,29.5,0.0019999999999988916
21,1,4,29.276,29.26,0.015999999999998238
21,2,4,28.039,28.04,0.0009999999999976694
21,3,4,29.564,29.56,0.004000000000001336
21,4,4,34.58,34.58,0.0
21,5,4,28.148,28.15,0.0019999999999988916
21,6,4,29.421,29.42,0.0009999999999976694
21,1,1,28.892,28.89,0.0019999999999988916
21,2,1,27.842,27.84,0.0019999999999988916
21,3,1,29.353,29.35,0.0030000000000001137
21,4,1,34.515,34.51,0.005000000000002558
21,5,1,28.183,28.18,0.0030000000000001137
21,6,1,29.603,29.6,0.0030000000000001137
21,1,2,29.057,29.06,0.0030000000000001137
21,2,2,27.848,27.85,0.0020000000000024443
21,3,2,29.472,29.47,0.0020000000000024443
21,4,2,34.468,34.47,0.001999999999995339
21,5,2,28.184,28.18,0.004000000000001336
21,6,2,29.523,29.52,0.0030000000000001137
21,1,3,28.867,28.87,0.0030000000000001137
21,2,3,27.723,27.72,0.0030000000000001137
21,3,3,29.5,29.5,0.0
21,4,3,34.464,34.47,0.006000000000000227
21,5,3,28.052,28.05,0.0019999999999988916
21,6,3,29.424,29.42,0.003999999999997783
21,1,4,28.634,28.64,0.006000000000000227
21,2,4,27.563,27.56,0.0030000000000001137
21,3,4,29.426,29.43,0.004000000000001336
21,4,4,34.338,34.34,0.0020000000000024443
21,5,4,27.968,27.97,0.0019999999999988916
21,6,4,29.181,29.18,0.0010000000000012221
21,1,1,28.807,28.8,0.006999999999997897
21,2,1,27.764,27.77,0.006000000000000227
21,3,1,29.658,29.65,0.008000000000002672
21,4,1,34.364,34.36,0.003999999999997783
21,5,1,27.917,27.92,0.0030000000000001137
21,6,1,29.309,29.31,0.0009999999999976694
21,1,2,28.619,28.62,0.0010000000000012221
21,2,2,27.703,27.7,0.0030000000000001137
21,3,2,29.681,29.68,0.0010000000000012221
21,4,2,34.366,34.37,0.003999999999997783
21,5,2,28.044,28.04,0.004000000000001336
21,6,2,29.493,29.49,0.0030000000000001137
21,1,3,28.748,28.75,0.0019999999999988916
21,2,3,27.585,27.59,0.004999999999999005
21,3,3,29.552,29.54,0.012000000000000455
21,4,3,34.442,34.44,0.0020000000000024443
21,5,3,28.052,28.05,0.0019999999999988916
21,6,3,29.154,29.15,0.004000000000001336
21,1,4,28.841,28.84,0.0010000000000012221
21,2,4,27.736,27.74,0.003999999999997783
21,3,4,29.364,29.36,0.004000000000001336
21,4,4,34.511,34.51,0.0010000000000047748
21,5,4,28.34,28.34,0.0
21,6,4,29.346,29.35,0.004000000000001336
21,1,1,28.923,28.93,0.0070000000000014495
21,2,1,27.799,27.8,0.0010000000000012221
21,3,1,29.48,29.48,0.0
21,4,1,34.147,34.15,0.0030000000000001137
21,5,1,27.807,27.8,0.006999999999997897
21,6,1,29.264,29.26,0.003999999999997783
21,1,2,28.875,28.87,0.004999999999999005
21,2,2,27.717,27.71,0.006999999999997897
21,3,2,29.51,29.51,0.0
21,4,2,34.569,34.57,0.0009999999999976694
21,5,2,28.178,28.18,0.0019999999999988916
21,6,2,29.202,29.2,0.0020000000000024443
21,1,3,28.909,28.91,0.0010000000000012221
21,2,3,27.877,27.88,0.0030000000000001137
21,3,3,29.617,29.62,0.0030000000000001137
21,4,3,34.52,34.52,0.0
21,5,3,28.011,28.01,0.0009999999999976694
21,6,3,29.519,29.52,0.0010000000000012221
21,1,4,28.997,28.99,0.0070000000000014495
21,2,4,27.858,27.86,0.0019999999999988916
21,3,4,29.602,29.6,0.0019999999999988916
21,4,4,34.404,34.4,0.0040000000000048885
21,5,4,27.96,27.96,0.0
21,6,4,29.294,29.29,0.004000000000001336
21,1,1,28.939,28.94,0.0010000000000012221
21,2,1,27.679,27.68,0.0010000000000012221
21,3,1,29.267,29.27,0.0030000000000001137
21,4,1,34.462,34.46,0.0020000000000024443
21,5,1,28.079,28.08,0.0009999999999976694
21,6,1,29.171,29.17,0.0009999999999976694
21,1,2,28.95,28.95,0.0
21,2,2,27.738,27.74,0.0019999999999988916
21,3,2,29.559,29.56,0.0009999999999976694
21,4,2,34.501,34.5,0.0009999999999976694
21,5,2,27.984,27.98,0.004000000000001336
21,6,2,29.413,29.41,0.0030000000000001137
21,1,3,28.65,28.66,0.010000000000001563
21,2,3,27.708,27.71,0.0020000000000024443
21,3,3,29.583,29.58,0.0030000000000001137
21,4,3,34.319,34.32,0.0009999999999976694
21,5,3,27.833,27.83,0.0030000000000001137
21,6,3,29.252,29.25,0.0019999999999988916
21,1,4,29.044,29.04,0.004000000000001336
21,2,4,27.811,27.81,0.0010000000000012221
21,3,4,29.266,29.27,0.004000000000001336
21,4,4,34.333,34.33,0.0030000000000001137
21,5,4,28.156,28.16,0.004000000000001336
21,6,4,29.605,29.6,0.004999999999999005
21,1,1,29.022,29.02,0.0019999999999988916
21,2,1,27.811,27.81,0.0010000000000012221
21,3,1,29.571,29.57,0.0010000000000012221
21,4,1,34.593,34.59,0.0030000000000001137
21,5,1,28.16,28.16,0.0
21,6,1,29.295,29.29,0.005000000000002558
21,1,2,28.847,28.84,0.0070000000000014495
21,2,2,27.845,27.84,0.004999999999999005
21,3,2,29.597,29.6,0.0030000000000001137
21,4,2,34.568,34.57,0.0020000000000024443
21,5,2,28.17,28.17,0.0
21,6,2,29.325,29.33,0.004999999999999005
21,1,3,29.186,29.18,0.006000000000000227
21,2,3,27.914,27.92,0.006000000000000227
21,3,3,29.395,29.39,0.004999999999999005
21,4,3,34.365,34.36,0.005000000000002558
21,5,3,27.995,28.0,0.004999999999999005
21,6,3,29.49,29.49,0.0
21,1,4,28.926,28.93,0.004000000000001336
21,2,4,27.904,27.91,0.006000000000000227
21,3,4,29.472,29.47,0.0020000000000024443
21,4,4,34.561,34.56,0.0009999999999976694
21,5,4,28.299,28.3,0.0010000000000012221
21,6,4,29.052,29.05,0.0019999999999988916
21,1,1,28.813,28.82,0.0070000000000014495
21,2,1,27.738,27.74,0.0019999999999988916
21,3,1,29.328,29.32,0.007999999999999119
21,4,1,34.508,34.51,0.001999999999995339
21,5,1,28.056,28.06,0.003999999999997783
21,6,1,29.429,29.43,0.0010000000000012221
21,1,2,28.902,28.9,0.0020000000000024443
21,2,2,27.806,27.81,0.003999999999997783
21,3,2,29.49,29.49,0.0
21,4,2,34.629,34.63,0.0010000000000047748
21,5,2,28.264,28.26,0.003999999999997783
21,6,2,29.06,29.06,0.0
21,1,3,28.987,28.99,0.0030000000000001137
21,2,3,27.865,27.86,0.004999999999999005
21,3,3,29.677,29.69,0.013000000000001677
21,4,3,34.591,34.59,0.0009999999999976694
21,5,3,28.117,28.12,0.0030000000000001137
21,6,3,29.285,29.28,0.004999999999999005
21,1,4,28.831,28.83,0.0010000000000012221
21,2,4,27.717,27.71,0.006999999999997897
21,3,4,29.317,29.33,0.012999999999998124
21,4,4,34.278,34.27,0.007999999999995566
21,5,4,27.91,27.91,0.0
21,6,4,29.169,29.17,0.0010000000000012221
21,1,1,28.871,28.87,0.0009999999999976694
21,2,1,27.794,27.79,0.004000000000001336
21,3,1,29.38,29.38,0.0
21,4,1,34.581,34.58,0.0010000000000047748
21,5,1,28.161,28.16,0.0010000000000012221
21,6,1,29.135,29.14,0.004999999999999005
21,1,2,29.165,29.15,0.015000000000000568
21,2,2,27.89,27.89,0.0
21,3,2,29.362,29.36,0.0019999999999988916
21,4,2,34.316,34.31,0.006000000000000227
21,5,2,28.185,28.19,0.005000000000002558
21,6,2,29.483,29.48,0.0030000000000001137
21,1,3,29.139,29.14,0.0010000000000012221
21,2,3,27.861,27.86,0.0010000000000012221
21,3,3,29.835,29.83,0.005000000000002558
21,4,3,34.424,34.42,0.003999999999997783
21,5,3,27.961,27.96,0.0009999999999976694
21,6,3,29.207,29.21,0.0030000000000001137
21,1,4,28.795,28.79,0.005000000000002558
21,2,4,27.674,27.67,0.003999999999997783
21,3,4,29.42,29.43,0.00999999999999801
21,4,4,34.684,34.68,0.003999999999997783
21,5,4,28.079,28.08,0.0009999999999976694
21,6,4,29.154,29.15,0.004000000000001336
21,1,1,28.795,28.81,0.014999999999997016
21,2,1,27.72,27.72,0.0
21,3,1,29.656,29.67,0.014000000000002899
21,4,1,34.295,34.3,0.0049999999999954525
21,5,1,27.904,27.91,0.006000000000000227
21,6,1,29.313,29.31,0.0030000000000001137
21,1,2,28.907,28.92,0.013000000000001677
21,2,2,27.81,27.81,0.0
21,3,2,29.234,29.24,0.005999999999996675
21,4,2,34.456,34.46,0.003999999999997783
21,5,2,28.216,28.21,0.006000000000000227
21,6,2,29.367,29.37,0.0030000000000001137
21,1,3,29.054,29.05,0.003999999999997783
21,2,3,27.884,27.88,0.004000000000001336
21,3,3,29.929,29.91,0.01899999999999835
21,4,3,34.488,34.49,0.0020000000000024443
21,5,3,28.04,28.04,0.0
21,6,3,29.424,29.42,0.003999999999997783
21,1,4,28.596,28.6,0.004000000000001336
21,2,4,27.651,27.65,0.0010000000000012221
21,3,4,29.324,29.32,0.004000000000001336
21,4,4,34.543,34.54,0.0030000000000001137
21,5,4,28.084,28.08,0.004000000000001336
21,6,4,29.326,29.33,0.003999999999997783
21,1,1,28.674,28.68,0.006000000000000227
21,2,1,27.71,27.71,0.0
21,3,1,29.413,29.42,0.0070000000000014495
21,4,1,34.485,34.49,0.005000000000002558
21,5,1,27.917,27.92,0.0030000000000001137
21,6,1,29.115,29.12,0.005000000000002558
21,1,2,28.887,28.88,0.0070000000000014495
21,2,2,27.683,27.68,0.0030000000000001137
21,3,2,29.414,29.41,0.004000000000001336
21,4,2,34.32,34.32,0.0
21,5,2,27.978,27.98,0.0019999999999988916
21,6,2,29.39,29.39,0.0
21,1,3,29.113,29.11,0.0030000000000001137
21,2,3,27.931,27.93,0.0010000000000012221
21,3,3,29.401,29.4,0.0010000000000012221
21,4,3,34.538,34.54,0.0020000000000024443
21,5,3,28.292,28.29,0.0020000000000024443
21,6,3,29.499,29.5,0.0010000000000012221
21,1,4,28.877,28.88,0.0030000000000001137
21,2,4,27.683,27.68,0.0030000000000001137
21,3,4,29.47,29.47,0.0
21,4,4,34.669,34.67,0.0010000000000047748
21,5,4,27.953,27.95,0.0030000000000001137
21,6,4,29.518,29.52,0.0019999999999988916
21,1,1,28.874,28.88,0.006000000000000227
21,2,1,27.735,27.73,0.004999999999999005
21,3,1,29.484,29.49,0.005999999999996675
21,4,1,34.565,34.56,0.0049999999999954525
21,5,1,28.1,28.1,0.0
21,6,1,29.252,29.25,0.0019999999999988916
21,1,2,28.985,28.99,0.004999999999999005
21,2,2,27.701,27.7,0.0010000000000012221
21,3,2,29.349,29.36,0.010999999999999233
21,4,2,34.362,34.36,0.0020000000000024443
21,5,2,27.974,27.97,0.004000000000001336
21,6,2,29.627,29.63,0.0030000000000001137
21,1,3,29.06,29.07,0.010000000000001563
21,2,3,27.851,27.85,0.0009999999999976694
21,3,3,29.648,29.65,0.0019999999999988916
21,4,3,34.342,34.34,0.001999999999995339
21,5,3,28.129,28.13,0.0009999999999976694
21,6,3,29.613,29.61,0.0030000000000001137
21,1,4,28.969,28.96,0.009000000000000341
21,2,4,27.792,27.79,0.0020000000000024443
21,3,4,29.681,29.69,0.009000000000000341
21,4,4,34.609,34.61,0.0009999999999976694
21,5,4,28.148,28.15,0.0019999999999988916
21,6,4,29.529,29.53,0.0010000000000012221
21,1,1,28.926,28.93,0.004000000000001336
21,2,1,27.727,27.73,0.0030000000000001137
21,3,1,29.126,29.12,0.006000000000000227
21,4,1,34.424,34.42,0.003999999999997783
21,5,1,28.026,28.02,0.006000000000000227
21,6,1,29.352,29.35,0.0019999999999988916
21,1,2,28.941,28.95,0.009000000000000341
21,2,2,27.878,27.88,0.0019999999999988916
21,3,2,29.512,29.51,0.0019999999999988916
21,4,2,34.485,34.49,0.005000000000002558
21,5,2,27.931,27.93,0.0010000000000012221
21,6,2,29.299,29.3,0.0010000000000012221
21,1,3,28.988,28.99,0.0019999999999988916
21,2,3,27.81,27.81,0.0
21,3,3,29.501,29.5,0.0010000000000012221
21,4,3,34.4,34.4,0.0
21,5,3,27.991,27.99,0.0010000000000012221
21,6,3,29.319,29.32,0.0010000000000012221
21,1,4,28.975,28.97,0.005000000000002558
21,2,4,27.967,27.97,0.0030000000000001137
21,3,4,29.725,29.73,0.004999999999999005
21,4,4,34.585,34.58,0.005000000000002558
21,5,4,28.029,28.03,0.0010000000000012221
21,6,4,29.28,29.28,0.0
21,1,1,28.665,28.67,0.005000000000002558
21,2,1,27.612,27.62,0.008000000000002672
21,3,1,29.519,29.52,0.0010000000000012221
21,4,1,34.666,34.67,0.0040000000000048885
21,5,1,28.091,28.09,0.0010000000000012221
21,6,1,29.276,29.28,0.004000000000001336
21,1,2,28.847,28.85,0.0030000000000001137
21,2,2,27.794,27.79,0.004000000000001336
21,3,2,29.522,29.52,0.0019999999999988916
21,4,2,34.516,34.52,0.0040000000000048885
21,5,2,28.296,28.3,0.004000000000001336
21,6,2,29.29,29.29,0.0
21,1,3,28.945,28.95,0.004999999999999005
21,2,3,27.754,27.76,0.006000000000000227
21,3,3,29.261,29.27,0.009000000000000341
21,4,3,34.258,34.26,0.001999999999995339
21,5,3,28.005,28.0,0.004999999999999005
21,6,3,29.573,29.57,0.0030000000000001137
21,1,4,28.999,29.01,0.011000000000002785
21,2,4,27.918,27.92,0.0020000000000024443
21,3,4,29.666,29.66,0.006000000000000227
21,4,4,34.327,34.33,0.0030000000000001137
21,5,4,28.112,28.11,0.0019999999999988916
21,6,4,29.319,29.32,0.0010000000000012221
21,1,1,28.914,28.91,0.004000000000001336
21,2,1,27.861,27.86,0.0010000000000012221
21,3,1,29.57,29.57,0.0
21,4,1,34.371,34.37,0.0010000000000047748
21,5,1,27.932,27.93,0.0019999999999988916
21,6,1,29.255,29.26,0.005000000000002558
21,1,2,28.961,28.96,0.0009999999999976694
21,2,2,27.812,27.81,0.0020000000000024443
21,3,2,29.432,29.44,0.008000000000002672
21,4,2,34.441,34.44,0.0010000000000047748
21,5,2,28.084,28.08,0.004000000000001336
21,6,2,29.234,29.23,0.004000000000001336
21,1,3,28.894,28.9,0.006000000000000227
21,2,3,27.747,27.75,0.0030000000000001137
21,3,3,29.256,29.25,0.006000000000000227
21,4,3,34.598,34.6,0.0020000000000024443
21,5,3,28.319,28.32,0.0010000000000012221
21,6,3,29.318,29.32,0.0019999999999988916
21,1,4,28.905,28.91,0.004999999999999005
21,2,4,27.842,27.84,0.0019999999999988916
21,3,4,29.57,29.56,0.010000000000001563
21,4,4,34.293,34.29,0.0030000000000001137
21,5,4,28.04,28.04,0.0
21,6,4,29.253,29.25,0.0030000000000001137
21,1,1,28.948,28.95,0.0019999999999988916
21,2,1,27.925,27.92,0.004999999999999005
21,3,1,29.512,29.51,0.0019999999999988916
21,4,1,34.502,34.5,0.0020000000000024443
21,5,1,28.182,28.18,0.0019999999999988916
21,6,1,29.413,29.41,0.0030000000000001137
21,1,2,28.783,28.78,0.0030000000000001137
21,2,2,27.782,27.78,0.0019999999999988916
21,3,2,29.589,29.6,0.011000000000002785
21,4,2,34.604,34.6,0.003999999999997783
21,5,2,28.373,28.37,0.0030000000000001137
21,6,2,29.156,29.16,0.004000000000001336
21,1,3,29.116,29.12,0.004000000000001336
21,2,3,27.757,27.76,0.0030000000000001137
21,3,3,29.343,29.34,0.0030000000000001137
21,4,3,34.319,34.32,0.0009999999999976694
21,5,3,27.907,27.9,0.0070000000000014495
21,6,3,29.295,29.3,0.004999999999999005
21,1,4,28.787,28.8,0.013000000000001677
21,2,4,27.712,27.71,0.0019999999999988916
21,3,4,29.664,29.67,0.006000000000000227
21,4,4,34.301,34.3,0.0010000000000047748
21,5,4,28.155,28.15,0.005000000000002558
21,6,4,29.385,29.39,0.004999999999999005
21,1,1,28.911,28.91,0.0010000000000012221
21,2,1,27.797,27.79,0.0070000000000014495
21,3,1,29.571,29.57,0.0010000000000012221
21,4,1,34.737,34.73,0.007000000000005002
21,5,1,28.326,28.32,0.006000000000000227
21,6,1,29.314,29.32,0.006000000000000227
21,1,2,29.143,29.15,0.006999999999997897
21,2,2,27.889,27.89,0.0010000000000012221
21,3,2,29.548,29.55,0.0020000000000024443
21,4,2,34.509,34.51,0.0009999999999976694
21,5,2,28.283,28.28,0.0030000000000001137
21,6,2,29.561,29.56,0.0010000000000012221
21,1,3,28.934,28.93,0.004000000000001336
21,2,3,27.834,27.83,0.004000000000001336
21,3,3,29.366,29.37,0.004000000000001336
21,4,3,34.508,34.51,0.001999999999995339
21,5,3,28.348,28.35,0.0020000000000024443
21,6,3,29.249,29.25,0.0010000000000012221
21,1,4,28.861,28.86,0.0010000000000012221
21,2,4,27.916,27.91,0.006000000000000227
21,3,4,29.583,29.58,0.0030000000000001137
21,4,4,34.616,34.62,0.003999999999997783
21,5,4,28.199,28.2,0.0009999999999976694
21,6,4,29.17,29.17,0.0
21,1,1,29.067,29.07,0.0030000000000001137
21,2,1,27.913,27.91,0.0030000000000001137
21,3,1,29.498,29.5,0.0019999999999988916
21,4,1,34.483,34.48,0.0030000000000001137
21,5,1,28.016,28.02,0.004000000000001336
21,6,1,29.473,29.47,0.0030000000000001137
21,1,2,28.905,28.9,0.005000000000002558
21,2,2,27.808,27.81,0.0019999999999988916
21,3,2,29.593,29.59,0.0030000000000001137
21,4,2,34.575,34.58,0.0049999999999954525
21,5,2,28.112,28.11,0.0019999999999988916
21,6,2,29.491,29.49,0.0010000000000012221
21,1,3,28.738,28.74,0.0019999999999988916
21,2,3,27.708,27.7,0.007999999999999119
21,3,3,29.716,29.72,0.003999999999997783
21,4,3,34.396,34.4,0.003999999999997783
21,5,3,28.071,28.07,0.0010000000000012221
21,6,3,29.357,29.36,0.0030000000000001137
21,1,4,29.158,29.16,0.0019999999999988916
21,2,4,28.014,28.01,0.003999999999997783
21,3,4,29.545,29.54,0.005000000000002558
21,4,4,34.49,34.49,0.0
21,5,4,28.038,28.04,0.0019999999999988916
21,6,4,29.519,29.52,0.0010000000000012221
21,1,1,28.847,28.84,0.0070000000000014495
21,2,1,27.657,27.66,0.0030000000000001137
21,3,1,29.435,29.43,0.004999999999999005
21,4,1,34.357,34.36,0.0030000000000001137
21,5,1,28.014,28.01,0.003999999999997783
21,6,1,29.527,29.53,0.0030000000000001137
21,1,2,29.046,29.05,0.004000000000001336
21,2,2,27.696,27.7,0.003999999999997783
21,3,2,29.409,29.41,0.0010000000000012221
21,4,2,34.416,34.42,0.0040000000000048885
21,5,2,27.896,27.9,0.003999999999997783
21,6,2,29.374,29.37,0.003999999999997783
21,1,3,29.07,29.07,0.0
21,2,3,27.885,27.88,0.005000000000002558
21,3,3,29.492,29.49,0.0020000000000024443
21,4,3,34.471,34.47,0.0009999999999976694
21,5,3,28.001,28.0,0.0010000000000012221
21,6,3,29.136,29.14,0.004000000000001336
21,1,4,29.006,29.02,0.013999999999999346
21,2,4,27.839,27.84,0.0010000000000012221
21,3,4,29.693,29.69,0.0030000000000001137
21,4,4,34.399,34.4,0.0009999999999976694
21,5,4,27.909,27.91,0.0010000000000012221
21,6,4,29.437,29.43,0.0070000000000014495
22,1,1,28.928,28.93,0.0019999999999988916
22,2,1,27.908,27.9,0.008000000000002672
22,3,1,29.855,29.84,0.015000000000000568
22,4,1,34.474,34.48,0.006000000000000227
22,5,1,28.106,28.1,0.006000000000000227
22,6,1,29.548,29.55,0.0020000000000024443
22,1,2,29.078,29.08,0.0019999999999988916
22,2,2,27.86,27.86,0.0
22,3,2,29.84,29.84,0.0
22,4,2,34.351,34.35,0.0009999999999976694
22,5,2,28.005,28.0,0.004999999999999005
22,6,2,29.34,29.34,0.0
22,1,3,28.955,28.95,0.004999999999999005
22,2,3,27.777,27.78,0.0030000000000001137
22,3,3,29.759,29.76,0.0010000000000012221
22,4,3,34.425,34.43,0.005000000000002558
22,5,3,27.841,27.84,0.0010000000000012221
22,6,3,29.573,29.57,0.0030000000000001137
22,1,4,29.033,29.03,0.0030000000000001137
22,2,4,27.718,27.72,0.0019999999999988916
22,3,4,29.367,29.36,0.0070000000000014495
22,4,4,34.206,34.21,0.003999999999997783
22,5,4,27.962,27.96,0.0019999999999988916
22,6,4,29.149,29.15,0.0009999999999976694
22,1,1,28.948,28.95,0.0019999999999988916
22,2,1,27.784,27.79,0.006000000000000227
22,3,1,29.185,29.18,0.004999999999999005
22,4,1,34.447,34.45,0.0030000000000001137
22,5,1,28.178,28.18,0.0019999999999988916
22,6,1,29.363,29.36,0.0030000000000001137
22,1,2,28.595,28.59,0.004999999999999005
22,2,2,27.693,27.69,0.0030000000000001137
22,3,2,29.519,29.52,0.0010000000000012221
22,4,2,34.576,34.58,0.003999999999997783
22,5,2,27.954,27.96,0.006000000000000227
22,6,2,29.59,29.59,0.0
22,1,3,28.764,28.77,0.006000000000000227
22,2,3,27.693,27.69,0.0030000000000001137
22,3,3,29.655,29.65,0.005000000000002558
22,4,3,34.487,34.49,0.0030000000000001137
22,5,3,28.141,28.14,0.0009999999999976694
22,6,3,29.345,29.34,0.004999999999999005
22,1,4,29.065,29.07,0.004999999999999005
22,2,4,27.73,27.73,0.0
22,3,4,29.73,29.73,0.0
22,4,4,34.229,34.23,0.0009999999999976694
22,5,4,27.838,27.84,0.0019999999999988916
22,6,4,29.247,29.25,0.0030000000000001137
22,1,1,29.008,29.01,0.0020000000000024443
22,2,1,27.82,27.82,0.0
22,3,1,29.649,29.65,0.0009999999999976694
22,4,1,34.512,34.51,0.0020000000000024443
22,5,1,28.026,28.02,0.006000000000000227
22,6,1,29.36,29.36,0.0
22,1,2,28.785,28.79,0.004999999999999005
22,2,2,27.661,27.66,0.0010000000000012221
22,3,2,29.397,29.39,0.006999999999997897
22,4,2,34.439,34.44,0.0009999999999976694
22,5,2,28.328,28.33,0.0019999999999988916
22,6,2,29.04,29.04,0.0
22,1,3,29.044,29.04,0.004000000000001336
22,2,3,27.842,27.84,0.0019999999999988916
22,3,3,29.458,29.46,0.0020000000000024443
22,4,3,34.419,34.42,0.0010000000000047748
22,5,3,28.06,28.06,0.0
22,6,3,29.216,29.22,0.003999999999997783
22,1,4,28.821,28.82,0.0010000000000012221
22,2,4,27.727,27.73,0.0030000000000001137
22,3,4,29.447,29.45,0.0030000000000001137
22,4,4,34.48,34.48,0.0
22,5,4,28.097,28.1,0.0030000000000001137
22,6,4,29.199,29.2,0.0009999999999976694
22,1,1,28.928,28.93,0.0019999999999988916
22,2,1,27.852,27.85,0.0019999999999988916
22,3,1,29.663,29.66,0.0030000000000001137
22,4,1,34.463,34.46,0.0030000000000001137
22,5,1,28.001,28.0,0.0010000000000012221
22,6,1,29.561,29.56,0.0010000000000012221
22,1,2,29.181,29.18,0.0010000000000012221
22,2,2,27.946,27.95,0.003999999999997783
22,3,2,29.465,29.47,0.004999999999999005
22,4,2,34.54,34.54,0.0
22,5,2,28.075,28.08,0.004999999999999005
22,6,2,29.162,29.16,0.0019999999999988916
22,1,3,29.177,29.18,0.0030000000000001137
22,2,3,27.832,27.83,0.0020000000000024443
22,3,3,29.147,29.14,0.006999999999997897
22,4,3,34.582,34.58,0.0020000000000024443
22,5,3,28.1,28.1,0.0
22,6,3,29.617,29.62,0.0030000000000001137
22,1,4,28.834,28.83,0.004000000000001336
22,2,4,27.72,27.72,0.0
22,3,4,29.333,29.33,0.0030000000000001137
22,4,4,34.306,34.31,0.0040000000000048885
22,5,4,28.102,28.1,0.0019999999999988916
22,6,4,29.284,29.28,0.003999999999997783
22,1,1,29.075,29.07,0.004999999999999005
22,2,1,27.748,27.75,0.0019999999999988916
22,3,1,29.312,29.31,0.0020000000000024443
22,4,1,34.437,34.44,0.0030000000000001137
22,5,1,27.849,27.85,0.0010000000000012221
22,6,1,29.219,29.22,0.0009999999999976694
22,1,2,28.824,28.83,0.005999999999996675
22,2,2,27.697,27.7,0.0030000000000001137
22,3,2,29.436,29.44,0.004000000000001336
22,4,2,34.669,34.67,0.0010000000000047748
22,5,2,28.198,28.2,0.0019999999999988916
22,6,2,29.186,29.19,0.004000000000001336
22,1,3,28.964,28.96,0.003999999999997783
22,2,3,27.908,27.91,0.0019999999999988916
22,3,3,29.433,29.44,0.0070000000000014495
22,4,3,34.601,34.6,0.0009999999999976694
22,5,3,28.367,28.37,0.0030000000000001137
22,6,3,29.435,29.43,0.004999999999999005
22,1,4,29.091,29.09,0.0010000000000012221
22,2,4,27.772,27.78,0.008000000000002672
22,3,4,29.444,29.44,0.003999999999997783
22,4,4,34.43,34.43,0.0
22,5,4,27.981,27.98,0.0010000000000012221
22,6,4,29.188,29.19,0.0020000000000024443
22,1,1,29.176,29.18,0.004000000000001336
22,2,1,27.861,27.86,0.0010000000000012221
22,3,1,29.127,29.13,0.0030000000000001137
22,4,1,34.354,34.35,0.003999999999997783
22,5,1,28.417,28.42,0.0030000000000001137
22,6,1,29.219,29.22,0.0009999999999976694
22,1,2,28.98,28.98,0.0
22,2,2,27.767,27.77,0.0030000000000001137
22,3,2,29.299,29.29,0.009000000000000341
22,4,2,34.311,34.31,0.0009999999999976694
22,5,2,27.977,27.98,0.0030000000000001137
22,6,2,29.376,29.38,0.003999999999997783
22,1,3,29.165,29.18,0.015000000000000568
22,2,3,27.929,27.93,0.0010000000000012221
22,3,3,29.627,29.63,0.0030000000000001137
22,4,3,34.45,34.45,0.0
22,5,3,28.239,28.24,0.0009999999999976694
22,6,3,29.495,29.5,0.004999999999999005
22,1,4,28.787,28.78,0.006999999999997897
22,2,4,27.706,27.7,0.006000000000000227
22,3,4,29.623,29.62,0.0030000000000001137
22,4,4,34.515,34.52,0.005000000000002558
22,5,4,28.034,28.03,0.003999999999997783
22,6,4,29.576,29.58,0.003999999999997783
22,1,1,29.055,29.06,0.004999999999999005
22,2,1,27.887,27.89,0.0030000000000001137
22,3,1,29.474,29.47,0.004000000000001336
22,4,1,34.478,34.48,0.001999999999995339
22,5,1,27.927,27.93,0.0030000000000001137
22,6,1,29.5,29.5,0.0
22,1,2,28.792,28.79,0.0020000000000024443
22,2,2,27.807,27.81,0.0030000000000001137
22,3,2,29.746,29.75,0.004000000000001336
22,4,2,34.107,34.11,0.0030000000000001137
22,5,2,27.964,27.96,0.003999999999997783
22,6,2,29.301,29.3,0.0009999999999976694
22,1,3,29.197,29.19,0.006999999999997897
22,2,3,27.875,27.88,0.004999999999999005
22,3,3,29.478,29.48,0.0019999999999988916
22,4,3,34.48,34.48,0.0
22,5,3,28.066,28.07,0.004000000000001336
22,6,3,29.134,29.13,0.004000000000001336
22,1,4,28.751,28.74,0.011000000000002785
22,2,4,27.724,27.72,0.004000000000001336
22,3,4,29.121,29.12,0.0009999999999976694
22,4,4,34.262,34.26,0.0020000000000024443
22,5,4,27.974,27.97,0.004000000000001336
22,6,4,29.362,29.36,0.0019999999999988916
22,1,1,29.31,29.31,0.0
22,2,1,27.922,27.92,0.0019999999999988916
22,3,1,29.569,29.57,0.0010000000000012221
22,4,1,34.32,34.32,0.0
22,5,1,27.958,27.96,0.0020000000000024443
22,6,1,29.393,29.39,0.0030000000000001137
22,1,2,28.615,28.62,0.005000000000002558
22,2,2,27.548,27.55,0.0020000000000024443
22,3,2,29.423,29.42,0.002999999999996561
22,4,2,34.283,34.28,0.0030000000000001137
22,5,2,28.085,28.09,0.004999999999999005
22,6,2,29.517,29.52,0.0030000000000001137
22,1,3,29.092,29.09,0.0019999999999988916
22,2,3,27.861,27.86,0.0010000000000012221
22,3,3,29.804,29.81,0.006000000000000227
22,4,3,34.439,34.44,0.0009999999999976694
22,5,3,28.145,28.14,0.004999999999999005
22,6,3,29.33,29.33,0.0
22,1,4,29.066,29.07,0.004000000000001336
22,2,4,27.667,27.66,0.0070000000000014495
22,3,4,29.036,29.04,0.003999999999997783
22,4,4,34.426,34.43,0.003999999999997783
22,5,4,28.122,28.12,0.0019999999999988916
22,6,4,29.404,29.4,0.004000000000001336
22,1,1,29.207,29.21,0.0030000000000001137
22,2,1,27.874,27.87,0.003999999999997783
22,3,1,29.314,29.31,0.004000000000001336
22,4,1,34.338,34.34,0.0020000000000024443
22,5,1,27.984,27.98,0.004000000000001336
22,6,1,29.584,29.58,0.004000000000001336
22,1,2,29.179,29.17,0.008999999999996788
22,2,2,27.947,27.95,0.0030000000000001137
22,3,2,29.706,29.7,0.006000000000000227
22,4,2,34.545,34.54,0.005000000000002558
22,5,2,27.822,27.82,0.0019999999999988916
22,6,2,29.563,29.56,0.0030000000000001137
22,1,3,29.012,29.01,0.0019999999999988916
22,2,3,27.84,27.84,0.0
22,3,3,29.706,29.7,0.006000000000000227
22,4,3,34.422,34.42,0.001999999999995339
22,5,3,28.272,28.27,0.0019999999999988916
22,6,3,29.385,29.39,0.004999999999999005
22,1,4,29.026,29.03,0.004000000000001336
22,2,4,27.818,27.82,0.0019999999999988916
22,3,4,29.397,29.4,0.0030000000000001137
22,4,4,34.564,34.56,0.003999999999997783
22,5,4,27.995,28.0,0.004999999999999005
22,6,4,29.528,29.53,0.0020000000000024443
22,1,1,28.768,28.77,0.0019999999999988916
22,2,1,27.77,27.77,0.0
22,3,1,29.604,29.6,0.003999999999997783
22,4,1,34.531,34.53,0.0009999999999976694
22,5,1,28.052,28.05,0.0019999999999988916
22,6,1,29.323,29.32,0.0030000000000001137
22,1,2,28.537,28.55,0.013000000000001677
22,2,2,27.427,27.43,0.0030000000000001137
22,3,2,29.073,29.07,0.0030000000000001137
22,4,2,34.496,34.5,0.003999999999997783
22,5,2,28.325,28.32,0.004999999999999005
22,6,2,29.437,29.44,0.0030000000000001137
22,1,3,28.948,28.95,0.0019999999999988916
22,2,3,27.763,27.76,0.0030000000000001137
22,3,3,29.545,29.54,0.005000000000002558
22,4,3,34.251,34.25,0.0009999999999976694
22,5,3,28.106,28.11,0.003999999999997783
22,6,3,29.374,29.38,0.006000000000000227
22,1,4,28.848,28.84,0.007999999999999119
22,2,4,27.756,27.76,0.004000000000001336
22,3,4,29.24,29.24,0.0
22,4,4,34.468,34.47,0.001999999999995339
22,5,4,28.021,28.02,0.0010000000000012221
22,6,4,29.226,29.23,0.004000000000001336
22,1,1,28.821,28.82,0.0010000000000012221
22,2,1,27.659,27.66,0.0010000000000012221
22,3,1,29.767,29.76,0.006999999999997897
22,4,1,34.271,34.27,0.0009999999999976694
22,5,1,27.978,27.98,0.0019999999999988916
22,6,1,29.563,29.56,0.0030000000000001137
22,1,2,28.745,28.75,0.004999999999999005
22,2,2,27.642,27.64,0.0019999999999988916
22,3,2,29.438,29.44,0.0020000000000024443
22,4,2,34.411,34.41,0.0010000000000047748
22,5,2,28.066,28.07,0.004000000000001336
22,6,2,29.325,29.32,0.004999999999999005
22,1,3,28.785,28.79,0.004999999999999005
22,2,3,27.711,27.71,0.0009999999999976694
22,3,3,29.578,29.58,0.0019999999999988916
22,4,3,34.255,34.26,0.0049999999999954525
22,5,3,28.001,28.0,0.0010000000000012221
22,6,3,29.376,29.38,0.003999999999997783
22,1,4,29.154,29.16,0.006000000000000227
22,2,4,27.901,27.9,0.0010000000000012221
22,3,4,29.508,29.51,0.0020000000000024443
22,4,4,34.534,34.53,0.003999999999997783
22,5,4,28.198,28.2,0.0019999999999988916
22,6,4,29.17,29.17,0.0
22,1,1,28.87,28.88,0.00999999999999801
22,2,1,27.781,27.78,0.0009999999999976694
22,3,1,29.391,29.41,0.019000000000001904
22,4,1,34.263,34.26,0.0030000000000001137
22,5,1,27.981,27.98,0.0010000000000012221
22,6,1,29.449,29.45,0.0009999999999976694
22,1,2,29.057,29.06,0.0030000000000001137
22,2,2,27.698,27.7,0.0019999999999988916
22,3,2,29.536,29.53,0.006000000000000227
22,4,2,34.373,34.37,0.0030000000000001137
22,5,2,27.939,27.94,0.0010000000000012221
22,6,2,29.236,29.24,0.003999999999997783
22,1,3,29.062,29.05,0.012000000000000455
22,2,3,27.937,27.94,0.0030000000000001137
22,3,3,29.536,29.54,0.003999999999997783
22,4,3,34.414,34.41,0.0040000000000048885
22,5,3,27.973,27.97,0.0030000000000001137
22,6,3,29.302,29.3,0.0019999999999988916
22,1,4,28.981,28.98,0.0010000000000012221
22,2,4,27.874,27.88,0.006000000000000227
22,3,4,29.332,29.33,0.0020000000000024443
22,4,4,34.179,34.18,0.0009999999999976694
22,5,4,27.833,27.83,0.0030000000000001137
22,6,4,29.419,29.42,0.0010000000000012221
22,1,1,28.982,28.98,0.0019999999999988916
22,2,1,27.801,27.8,0.0009999999999976694
22,3,1,29.136,29.14,0.004000000000001336
22,4,1,34.64,34.64,0.0
22,5,1,28.211,28.21,0.0009999999999976694
22,6,1,29.45,29.45,0.0
22,1,2,29.305,29.3,0.004999999999999005
22,2,2,27.873,27.87,0.0030000000000001137
22,3,2,29.484,29.48,0.004000000000001336
22,4,2,34.476,34.47,0.006000000000000227
22,5,2,28.3,28.3,0.0
22,6,2,29.444,29.44,0.003999999999997783
22,1,3,28.992,28.99,0.0020000000000024443
22,2,3,27.957,27.96,0.0030000000000001137
22,3,3,29.389,29.39,0.0010000000000012221
22,4,3,34.27,34.27,0.0
22,5,3,27.934,27.93,0.004000000000001336
22,6,3,29.421,29.42,0.0009999999999976694
22,1,4,29.006,29.0,0.006000000000000227
22,2,4,27.865,27.86,0.004999999999999005
22,3,4,29.352,29.35,0.0019999999999988916
22,4,4,34.532,34.53,0.001999999999995339
22,5,4,28.16,28.16,0.0
22,6,4,29.028,29.03,0.0020000000000024443
22,1,1,28.764,28.76,0.003999999999997783
22,2,1,27.66,27.66,0.0
22,3,1,29.599,29.59,0.009000000000000341
22,4,1,34.316,34.32,0.003999999999997783
22,5,1,27.815,27.82,0.004999999999999005
22,6,1,29.443,29.44,0.0030000000000001137
22,1,2,28.645,28.64,0.004999999999999005
22,2,2,27.651,27.65,0.0010000000000012221
22,3,2,29.571,29.57,0.0010000000000012221
22,4,2,34.59,34.59,0.0
22,5,2,28.223,28.22,0.0030000000000001137
22,6,2,29.319,29.32,0.0010000000000012221
22,1,3,28.996,29.0,0.004000000000001336
22,2,3,27.674,27.67,0.003999999999997783
22,3,3,29.081,29.08,0.0010000000000012221
22,4,3,34.466,34.47,0.003999999999997783
22,5,3,28.022,28.02,0.0019999999999988916
22,6,3,29.183,29.18,0.0030000000000001137
22,1,4,28.818,28.82,0.0019999999999988916
22,2,4,27.788,27.79,0.0019999999999988916
22,3,4,29.622,29.62,0.0019999999999988916
22,4,4,34.407,34.41,0.0030000000000001137
22,5,4,27.703,27.7,0.0030000000000001137
22,6,4,28.959,28.96,0.0010000000000012221
22,1,1,29.046,29.04,0.006000000000000227
22,2,1,27.889,27.89,0.0010000000000012221
22,3,1,29.515,29.51,0.004999999999999005
22,4,1,34.452,34.45,0.001999999999995339
22,5,1,27.893,27.89,0.0030000000000001137
22,6,1,29.235,29.24,0.004999999999999005
22,1,2,28.979,28.98,0.0010000000000012221
22,2,2,27.932,27.93,0.0019999999999988916
22,3,2,29.608,29.61,0.0019999999999988916
22,4,2,34.626,34.62,0.006000000000000227
22,5,2,28.364,28.36,0.004000000000001336
22,6,2,29.117,29.12,0.0030000000000001137
22,1,3,28.695,28.69,0.004999999999999005
22,2,3,27.719,27.72,0.0009999999999976694
22,3,3,29.738,29.74,0.0019999999999988916
22,4,3,34.553,34.55,0.0030000000000001137
22,5,3,28.367,28.37,0.0030000000000001137
22,6,3,29.372,29.37,0.0019999999999988916
22,1,4,28.799,28.8,0.0010000000000012221
22,2,4,27.611,27.61,0.0010000000000012221
22,3,4,29.323,29.32,0.0030000000000001137
22,4,4,34.525,34.53,0.005000000000002558
22,5,4,28.226,28.23,0.004000000000001336
22,6,4,29.325,29.32,0.004999999999999005
22,1,1,29.132,29.13,0.0020000000000024443
22,2,1,27.959,27.96,0.0010000000000012221
22,3,1,29.746,29.74,0.006000000000000227
22,4,1,34.18,34.18,0.0
22,5,1,27.763,27.77,0.006999999999997897
22,6,1,29.363,29.36,0.0030000000000001137
22,1,2,28.971,28.98,0.009000000000000341
22,2,2,27.732,27.73,0.0019999999999988916
22,3,2,29.361,29.36,0.0010000000000012221
22,4,2,34.526,34.53,0.003999999999997783
22,5,2,28.295,28.29,0.005000000000002558
22,6,2,29.358,29.36,0.0019999999999988916
22,1,3,29.008,29.01,0.0020000000000024443
22,2,3,27.805,27.81,0.004999999999999005
22,3,3,29.11,29.11,0.0
22,4,3,34.264,34.26,0.0040000000000048885
22,5,3,27.629,27.63,0.0009999999999976694
22,6,3,29.451,29.45,0.0010000000000012221
22,1,4,28.735,28.74,0.004999999999999005
22,2,4,27.769,27.77,0.0010000000000012221
22,3,4,29.535,29.54,0.004999999999999005
22,4,4,34.288,34.29,0.0020000000000024443
22,5,4,27.836,27.84,0.004000000000001336
22,6,4,29.154,29.15,0.004000000000001336
22,1,1,28.756,28.76,0.004000000000001336
22,2,1,27.681,27.68,0.0010000000000012221
22,3,1,29.303,29.3,0.0030000000000001137
22,4,1,34.416,34.42,0.0040000000000048885
22,5,1,28.187,28.19,0.0030000000000001137
22,6,1,29.209,29.21,0.0010000000000012221
22,1,2,28.778,28.79,0.012000000000000455
22,2,2,27.76,27.76,0.0
22,3,2,29.436,29.44,0.004000000000001336
22,4,2,34.556,34.56,0.0040000000000048885
22,5,2,28.066,28.07,0.004000000000001336
22,6,2,28.977,28.98,0.0030000000000001137
22,1,3,28.95,28.94,0.00999999999999801
22,2,3,27.828,27.83,0.0019999999999988916
22,3,3,29.165,29.17,0.005000000000002558
22,4,3,34.404,34.4,0.0040000000000048885
22,5,3,27.875,27.88,0.004999999999999005
22,6,3,29.143,29.14,0.0030000000000001137
22,1,4,28.656,28.66,0.004000000000001336
22,2,4,27.752,27.75,0.0019999999999988916
22,3,4,29.86,29.85,0.00999999999999801
22,4,4,34.732,34.73,0.0020000000000024443
22,5,4,28.289,28.29,0.0009999999999976694
22,6,4,29.311,29.31,0.0010000000000012221
22,1,1,28.938,28.94,0.0020000000000024443
22,2,1,27.826,27.82,0.006000000000000227
22,3,1,29.703,29.71,0.0070000000000014495
22,4,1,34.312,34.31,0.001999999999995339
22,5,1,27.748,27.75,0.0019999999999988916
22,6,1,29.357,29.36,0.0030000000000001137
22,1,2,28.963,28.97,0.006999999999997897
22,2,2,27.777,27.78,0.0030000000000001137
22,3,2,29.357,29.36,0.0030000000000001137
22,4,2,34.495,34.5,0.005000000000002558
22,5,2,27.936,27.94,0.004000000000001336
22,6,2,29.488,29.49,0.0019999999999988916
22,1,3,29.207,29.22,0.012999999999998124
22,2,3,27.914,27.91,0.004000000000001336
22,3,3,29.488,29.48,0.007999999999999119
22,4,3,34.634,34.63,0.003999999999997783
22,5,3,28.246,28.24,0.006000000000000227
22,6,3,29.087,29.09,0.0030000000000001137
22,1,4,28.789,28.78,0.009000000000000341
22,2,4,27.739,27.74,0.0009999999999976694
22,3,4,29.814,29.81,0.004000000000001336
22,4,4,34.389,34.39,0.0009999999999976694
22,5,4,27.934,27.93,0.004000000000001336
22,6,4,29.641,29.64,0.0009999999999976694
22,1,1,28.922,28.91,0.012000000000000455
22,2,1,27.868,27.87,0.0020000000000024443
22,3,1,29.671,29.67,0.0009999999999976694
22,4,1,34.449,34.45,0.0010000000000047748
22,5,1,27.859,27.86,0.0009999999999976694
22,6,1,29.045,29.05,0.004999999999999005
22,1,2,29.272,29.26,0.011999999999996902
22,2,2,27.991,27.99,0.0010000000000012221
22,3,2,29.46,29.46,0.0
22,4,2,34.401,34.4,0.0010000000000047748
22,5,2,27.929,27.93,0.0010000000000012221
22,6,2,29.523,29.52,0.0030000000000001137
22,1,3,28.526,28.52,0.006000000000000227
22,2,3,27.646,27.65,0.003999999999997783
22,3,3,29.364,29.36,0.004000000000001336
22,4,3,34.648,34.65,0.001999999999995339
22,5,3,28.206,28.2,0.006000000000000227
22,6,3,29.369,29.37,0.0010000000000012221
22,1,4,29.083,29.09,0.0070000000000014495
22,2,4,27.773,27.77,0.0030000000000001137
22,3,4,29.317,29.32,0.0030000000000001137
22,4,4,34.237,34.24,0.0030000000000001137
22,5,4,28.09,28.09,0.0
22,6,4,29.402,29.4,0.0020000000000024443
22,1,1,28.524,28.53,0.006000000000000227
22,2,1,27.537,27.54,0.0030000000000001137
22,3,1,29.505,29.5,0.004999999999999005
22,4,1,34.516,34.52,0.0040000000000048885
22,5,1,28.299,28.3,0.0010000000000012221
22,6,1,29.143,29.14,0.0030000000000001137
22,1,2,28.965,28.97,0.004999999999999005
22,2,2,27.794,27.79,0.004000000000001336
22,3,2,29.285,29.28,0.004999999999999005
22,4,2,34.543,34.54,0.0030000000000001137
22,5,2,28.111,28.11,0.0010000000000012221
22,6,2,29.589,29.59,0.0010000000000012221
22,1,3,29.081,29.08,0.0010000000000012221
22,2,3,27.752,27.75,0.0019999999999988916
22,3,3,29.275,29.28,0.005000000000002558
22,4,3,34.569,34.57,0.0009999999999976694
22,5,3,28.26,28.26,0.0
22,6,3,29.048,29.05,0.0020000000000024443
22,1,4,28.865,28.86,0.004999999999999005
22,2,4,27.843,27.85,0.0070000000000014495
22,3,4,29.505,29.51,0.005000000000002558
22,4,4,34.498,34.5,0.0020000000000024443
22,5,4,28.333,28.33,0.0030000000000001137
22,6,4,29.458,29.46,0.0020000000000024443
23,1,1,28.966,28.97,0.003999999999997783
23,2,1,27.784,27.78,0.003999999999997783
23,3,1,29.723,29.72,0.0030000000000001137
23,4,1,34.364,34.37,0.006000000000000227
23,5,1,27.891,27.89,0.0009999999999976694
23,6,1,29.405,29.41,0.004999999999999005
23,1,2,28.909,28.91,0.0010000000000012221
23,2,2,27.695,27.7,0.004999999999999005
23,3,2,29.45,29.45,0.0
23,4,2,34.379,34.38,0.0010000000000047748
23,5,2,28.008,28.01,0.0020000000000024443
23,6,2,29.417,29.42,0.0030000000000001137
23,1,3,28.741,28.74,0.0010000000000012221
23,2,3,27.747,27.75,0.0030000000000001137
23,3,3,29.583,29.58,0.0030000000000001137
23,4,3,34.507,34.51,0.0030000000000001137
23,5,3,28.225,28.23,0.004999999999999005
23,6,3,29.324,29.32,0.004000000000001336
23,1,4,28.74,28.74,0.0
23,2,4,27.704,27.7,0.004000000000001336
23,3,4,29.722,29.72,0.0020000000000024443
23,4,4,34.304,34.31,0.006000000000000227
23,5,4,27.883,27.89,0.0070000000000014495
23,6,4,29.39,29.39,0.0
23,1,1,28.627,28.64,0.013000000000001677
23,2,1,27.521,27.52,0.0010000000000012221
23,3,1,29.352,29.35,0.0019999999999988916
23,4,1,34.393,34.39,0.0030000000000001137
23,5,1,28.015,28.01,0.004999999999999005
23,6,1,29.317,29.32,0.0030000000000001137
23,1,2,28.869,28.86,0.009000000000000341
23,2,2,27.632,27.63,0.0020000000000024443
23,3,2,29.498,29.5,0.0019999999999988916
23,4,2,34.297,34.3,0.0030000000000001137
23,5,2,28.069,28.07,0.0010000000000012221
23,6,2,29.489,29.49,0.0009999999999976694
23,1,3,28.791,28.79,0.0010000000000012221
23,2,3,27.64,27.65,0.00999999999999801
23,3,3,29.322,29.32,0.0019999999999988916
23,4,3,34.202,34.2,0.001999999999995339
23,5,3,27.894,27.89,0.003999999999997783
23,6,3,29.154,29.15,0.004000000000001336
23,1,4,28.818,28.82,0.0019999999999988916
23,2,4,27.756,27.76,0.004000000000001336
23,3,4,29.335,29.34,0.004999999999999005
23,4,4,34.193,34.19,0.0030000000000001137
23,5,4,28.176,28.18,0.004000000000001336
23,6,4,29.284,29.28,0.003999999999997783
23,1,1,29.014,29.02,0.006000000000000227
23,2,1,27.859,27.86,0.0009999999999976694
23,3,1,29.376,29.38,0.003999999999997783
23,4,1,34.323,34.32,0.0030000000000001137
23,5,1,27.8,27.8,0.0
23,6,1,29.415,29.42,0.005000000000002558
23,1,2,28.846,28.85,0.004000000000001336
23,2,2,27.621,27.62,0.0009999999999976694
23,3,2,29.307,29.31,0.0030000000000001137
23,4,2,34.274,34.27,0.003999999999997783
23,5,2,27.92,27.92,0.0
23,6,2,29.058,29.06,0.0019999999999988916
23,1,3,28.781,28.79,0.009000000000000341
23,2,3,27.756,27.76,0.004000000000001336
23,3,3,29.451,29.45,0.0010000000000012221
23,4,3,34.382,34.38,0.001999999999995339
23,5,3,27.903,27.9,0.0030000000000001137
23,6,3,29.092,29.09,0.0019999999999988916
23,1,4,28.899,28.91,0.010999999999999233
23,2,4,27.71,27.7,0.010000000000001563
23,3,4,29.526,29.53,0.004000000000001336
23,4,4,34.317,34.32,0.0030000000000001137
23,5,4,28.061,28.06,0.0010000000000012221
23,6,4,29.283,29.28,0.0030000000000001137
23,1,1,28.906,28.91,0.004000000000001336
23,2,1,27.838,27.83,0.008000000000002672
23,3,1,29.626,29.63,0.003999999999997783
23,4,1,34.354,34.36,0.006000000000000227
23,5,1,28.021,28.02,0.0010000000000012221
23,6,1,29.38,29.38,0.0
23,1,2,28.877,28.88,0.0030000000000001137
23,2,2,27.724,27.72,0.004000000000001336
23,3,2,29.378,29.38,0.0019999999999988916
23,4,2,34.198,34.2,0.0020000000000024443
23,5,2,27.647,27.65,0.0030000000000001137
23,6,2,29.332,29.33,0.0020000000000024443
23,1,3,28.798,28.8,0.0020000000000024443
23,2,3,27.673,27.68,0.0070000000000014495
23,3,3,29.353,29.35,0.0030000000000001137
23,4,3,34.407,34.41,0.0030000000000001137
23,5,3,28.099,28.1,0.0010000000000012221
23,6,3,29.225,29.22,0.005000000000002558
23,1,4,28.824,28.82,0.004000000000001336
23,2,4,27.627,27.63,0.0030000000000001137
23,3,4,29.248,29.25,0.0019999999999988916
23,4,4,34.374,34.38,0.006000000000000227
23,5,4,28.062,28.06,0.0020000000000024443
23,6,4,29.419,29.42,0.0010000000000012221
23,1,1,28.929,28.92,0.008999999999996788
23,2,1,27.815,27.81,0.005000000000002558
23,3,1,29.461,29.46,0.0009999999999976694
23,4,1,34.377,34.38,0.0030000000000001137
23,5,1,28.017,28.02,0.0030000000000001137
23,6,1,29.135,29.14,0.004999999999999005
23,1,2,28.91,28.9,0.010000000000001563
23,2,2,27.627,27.63,0.0030000000000001137
23,3,2,29.205,29.21,0.005000000000002558
23,4,2,34.454,34.45,0.003999999999997783
23,5,2,28.016,28.02,0.004000000000001336
23,6,2,29.157,29.16,0.0030000000000001137
23,1,3,28.66,28.66,0.0
23,2,3,27.683,27.68,0.0030000000000001137
23,3,3,29.461,29.47,0.009000000000000341
23,4,3,34.488,34.49,0.0020000000000024443
23,5,3,28.132,28.13,0.0020000000000024443
23,6,3,29.177,29.18,0.0030000000000001137
23,1,4,28.952,28.95,0.0020000000000024443
23,2,4,27.769,27.77,0.0010000000000012221
23,3,4,29.425,29.43,0.004999999999999005
23,4,4,34.435,34.44,0.0049999999999954525
23,5,4,28.088,28.09,0.0019999999999988916
23,6,4,29.175,29.17,0.004999999999999005
23,1,1,28.839,28.84,0.0010000000000012221
23,2,1,27.733,27.73,0.0030000000000001137
23,3,1,29.206,29.2,0.006000000000000227
23,4,1,34.302,34.3,0.0020000000000024443
23,5,1,27.811,27.81,0.0010000000000012221
23,6,1,28.935,28.93,0.004999999999999005
23,1,2,28.692,28.7,0.007999999999999119
23,2,2,27.583,27.58,0.0030000000000001137
23,3,2,29.178,29.17,0.007999999999999119
23,4,2,34.282,34.28,0.001999999999995339
23,5,2,28.162,28.16,0.0019999999999988916
23,6,2,29.323,29.32,0.0030000000000001137
23,1,3,28.945,28.94,0.004999999999999005
23,2,3,27.708,27.71,0.0020000000000024443
23,3,3,29.301,29.3,0.0009999999999976694
23,4,3,34.369,34.37,0.0009999999999976694
23,5,3,27.828,27.83,0.0019999999999988916
23,6,3,29.327,29.33,0.002999999999996561
23,1,4,29.012,29.01,0.0019999999999988916
23,2,4,27.792,27.79,0.0020000000000024443
23,3,4,29.21,29.22,0.00999999999999801
23,4,4,34.429,34.43,0.0009999999999976694
23,5,4,27.839,27.84,0.0010000000000012221
23,6,4,29.223,29.22,0.0030000000000001137
23,1,1,28.917,28.91,0.0070000000000014495
23,2,1,27.669,27.67,0.0010000000000012221
23,3,1,29.19,29.19,0.0
23,4,1,34.26,34.26,0.0
23,5,1,28.092,28.09,0.0019999999999988916
23,6,1,29.4,29.4,0.0
23,1,2,28.731,28.73,0.0010000000000012221
23,2,2,27.598,27.6,0.0020000000000024443
23,3,2,29.444,29.44,0.003999999999997783
23,4,2,34.393,34.4,0.006999999999997897
23,5,2,28.086,28.09,0.004000000000001336
23,6,2,29.142,29.14,0.0019999999999988916
23,1,3,28.451,28.45,0.0010000000000012221
23,2,3,27.548,27.55,0.0020000000000024443
23,3,3,29.488,29.49,0.0019999999999988916
23,4,3,34.45,34.45,0.0
23,5,3,28.087,28.09,0.0030000000000001137
23,6,3,29.232,29.23,0.0019999999999988916
23,1,4,28.809,28.82,0.010999999999999233
23,2,4,27.608,27.61,0.0019999999999988916
23,3,4,29.356,29.35,0.006000000000000227
23,4,4,34.149,34.15,0.0009999999999976694
23,5,4,27.77,27.77,0.0
23,6,4,29.307,29.3,0.006999999999997897
23,1,1,28.765,28.76,0.004999999999999005
23,2,1,27.644,27.64,0.003999999999997783
23,3,1,29.199,29.2,0.0009999999999976694
23,4,1,34.314,34.32,0.006000000000000227
23,5,1,27.941,27.94,0.0009999999999976694
23,6,1,29.313,29.31,0.0030000000000001137
23,1,2,28.943,28.94,0.0030000000000001137
23,2,2,27.823,27.83,0.006999999999997897
23,3,2,29.388,29.39,0.0019999999999988916
23,4,2,34.365,34.37,0.0049999999999954525
23,5,2,27.81,27.81,0.0
23,6,2,29.31,29.31,0.0
23,1,3,28.867,28.87,0.0030000000000001137
23,2,3,27.743,27.74,0.0030000000000001137
23,3,3,29.254,29.25,0.004000000000001336
23,4,3,34.47,34.47,0.0
23,5,3,28.198,28.2,0.0019999999999988916
23,6,3,29.069,29.07,0.0010000000000012221
23,1,4,28.962,28.96,0.0019999999999988916
23,2,4,27.746,27.75,0.004000000000001336
23,3,4,29.312,29.31,0.0020000000000024443
23,4,4,34.139,34.14,0.0009999999999976694
23,5,4,27.863,27.86,0.0030000000000001137
23,6,4,29.187,29.19,0.0030000000000001137
23,1,1,28.829,28.83,0.0009999999999976694
23,2,1,27.581,27.58,0.0010000000000012221
23,3,1,29.387,29.39,0.0030000000000001137
23,4,1,34.441,34.44,0.0010000000000047748
23,5,1,28.122,28.12,0.0019999999999988916
23,6,1,29.386,29.39,0.004000000000001336
23,1,2,28.825,28.83,0.004999999999999005
23,2,2,27.763,27.76,0.0030000000000001137
23,3,2,29.267,29.26,0.006999999999997897
23,4,2,34.367,34.37,0.0030000000000001137
23,5,2,28.004,28.0,0.004000000000001336
23,6,2,29.545,29.55,0.004999999999999005
23,1,3,28.728,28.72,0.008000000000002672
23,2,3,27.625,27.62,0.004999999999999005
23,3,3,29.29,29.29,0.0
23,4,3,34.336,34.34,0.0040000000000048885
23,5,3,27.923,27.92,0.002999999999996561
23,6,3,29.166,29.17,0.004000000000001336
23,1,4,28.857,28.86,0.0030000000000001137
23,2,4,27.724,27.72,0.004000000000001336
23,3,4,29.454,29.45,0.004000000000001336
23,4,4,34.388,34.39,0.0020000000000024443
23,5,4,27.937,27.94,0.0030000000000001137
23,6,4,29.224,29.22,0.004000000000001336
23,1,1,28.921,28.92,0.0009999999999976694
23,2,1,27.774,27.77,0.004000000000001336
23,3,1,29.217,29.22,0.0030000000000001137
23,4,1,34.484,34.49,0.006000000000000227
23,5,1,28.24,28.24,0.0
23,6,1,29.333,29.33,0.0030000000000001137
23,1,2,28.808,28.82,0.012000000000000455
23,2,2,27.597,27.59,0.0070000000000014495
23,3,2,29.078,29.08,0.0019999999999988916
23,4,2,34.174,34.18,0.006000000000000227
23,5,2,27.99,27.99,0.0
23,6,2,28.917,28.92,0.0030000000000001137
23,1,3,28.983,28.99,0.006999999999997897
23,2,3,27.749,27.75,0.0010000000000012221
23,3,3,29.583,29.59,0.0070000000000014495
23,4,3,34.088,34.09,0.0020000000000024443
23,5,3,27.734,27.74,0.005999999999996675
23,6,3,29.144,29.15,0.006000000000000227
23,1,4,28.978,28.97,0.008000000000002672
23,2,4,27.729,27.73,0.0010000000000012221
23,3,4,29.178,29.17,0.007999999999999119
23,4,4,34.331,34.33,0.0010000000000047748
23,5,4,28.066,28.07,0.004000000000001336
23,6,4,29.15,29.15,0.0
23,1,1,28.8,28.79,0.010000000000001563
23,2,1,27.572,27.57,0.0019999999999988916
23,3,1,29.275,29.27,0.004999999999999005
23,4,1,34.207,34.21,0.0030000000000001137
23,5,1,27.896,27.89,0.006000000000000227
23,6,1,29.508,29.51,0.0020000000000024443
23,1,2,28.95,28.94,0.00999999999999801
23,2,2,27.785,27.79,0.004999999999999005
23,3,2,29.478,29.48,0.0019999999999988916
23,4,2,34.369,34.37,0.0009999999999976694
23,5,2,28.052,28.05,0.0019999999999988916
23,6,2,29.363,29.36,0.0030000000000001137
23,1,3,28.742,28.74,0.0020000000000024443
23,2,3,27.573,27.57,0.0030000000000001137
23,3,3,29.555,29.56,0.004999999999999005
23,4,3,34.239,34.24,0.0010000000000047748
23,5,3,27.916,27.92,0.004000000000001336
23,6,3,29.326,29.33,0.003999999999997783
23,1,4,28.607,28.61,0.0030000000000001137
23,2,4,27.688,27.69,0.0020000000000024443
23,3,4,29.423,29.43,0.0070000000000014495
23,4,4,34.357,34.36,0.0030000000000001137
23,5,4,28.0,28.0,0.0
23,6,4,29.291,29.29,0.0010000000000012221
23,1,1,28.959,28.96,0.0010000000000012221
23,2,1,27.744,27.74,0.004000000000001336
23,3,1,29.115,29.11,0.004999999999999005
23,4,1,34.44,34.44,0.0
23,5,1,27.924,27.92,0.003999999999997783
23,6,1,29.356,29.35,0.006000000000000227
23,1,2,29.104,29.1,0.003999999999997783
23,2,2,27.817,27.82,0.0030000000000001137
23,3,2,29.543,29.54,0.0030000000000001137
23,4,2,34.348,34.35,0.0020000000000024443
23,5,2,28.05,28.05,0.0
23,6,2,29.417,29.42,0.0030000000000001137
23,1,3,28.623,28.62,0.0030000000000001137
23,2,3,27.512,27.51,0.0019999999999988916
23,3,3,29.319,29.32,0.0010000000000012221
23,4,3,34.414,34.42,0.006000000000000227
23,5,3,28.123,28.12,0.0030000000000001137
23,6,3,29.343,29.34,0.0030000000000001137
23,1,4,29.089,29.09,0.0010000000000012221
23,2,4,27.881,27.88,0.0010000000000012221
23,3,4,29.582,29.58,0.0020000000000024443
23,4,4,34.387,34.39,0.0030000000000001137
23,5,4,27.897,27.9,0.0030000000000001137
23,6,4,29.284,29.28,0.003999999999997783
23,1,1,28.86,28.86,0.0
23,2,1,27.806,27.81,0.003999999999997783
23,3,1,29.314,29.3,0.013999999999999346
23,4,1,34.4,34.4,0.0
23,5,1,27.953,27.95,0.0030000000000001137
23,6,1,29.137,29.14,0.0030000000000001137
23,1,2,28.766,28.76,0.005999999999996675
23,2,2,27.667,27.67,0.0030000000000001137
23,3,2,29.379,29.38,0.0009999999999976694
23,4,2,34.569,34.57,0.0009999999999976694
23,5,2,28.109,28.11,0.0009999999999976694
23,6,2,28.787,28.79,0.0030000000000001137
23,1,3,28.868,28.87,0.0020000000000024443
23,2,3,27.806,27.8,0.006000000000000227
23,3,3,29.615,29.62,0.005000000000002558
23,4,3,34.242,34.24,0.001999999999995339
23,5,3,27.739,27.74,0.0009999999999976694
23,6,3,29.371,29.37,0.0009999999999976694
23,1,4,28.652,28.65,0.0020000000000024443
23,2,4,27.674,27.68,0.006000000000000227
23,3,4,29.462,29.46,0.0019999999999988916
23,4,4,34.268,34.27,0.0020000000000024443
23,5,4,27.959,27.96,0.0010000000000012221
23,6,4,29.221,29.22,0.0010000000000012221
23,1,1,28.918,28.92,0.0020000000000024443
23,2,1,27.655,27.66,0.004999999999999005
23,3,1,29.161,29.15,0.011000000000002785
23,4,1,34.409,34.41,0.0009999999999976694
23,5,1,28.047,28.05,0.0030000000000001137
23,6,1,29.152,29.15,0.0020000000000024443
23,1,2,29.217,29.22,0.0030000000000001137
23,2,2,27.82,27.82,0.0
23,3,2,29.214,29.22,0.006000000000000227
23,4,2,34.131,34.13,0.0009999999999976694
23,5,2,27.702,27.7,0.0020000000000024443
23,6,2,29.129,29.13,0.0009999999999976694
23,1,3,28.796,28.8,0.004000000000001336
23,2,3,27.65,27.65,0.0
23,3,3,29.49,29.49,0.0
23,4,3,34.335,34.34,0.005000000000002558
23,5,3,27.968,27.97,0.0019999999999988916
23,6,3,29.305,29.3,0.004999999999999005
23,1,4,28.807,28.81,0.0030000000000001137
23,2,4,27.695,27.69,0.004999999999999005
23,3,4,29.458,29.46,0.0020000000000024443
23,4,4,34.426,34.42,0.006000000000000227
23,5,4,27.963,27.96,0.0030000000000001137
23,6,4,29.141,29.14,0.0009999999999976694
23,1,1,29.068,29.07,0.0019999999999988916
23,2,1,27.959,27.96,0.0010000000000012221
23,3,1,29.673,29.68,0.0070000000000014495
23,4,1,34.509,34.51,0.0009999999999976694
23,5,1,28.135,28.14,0.004999999999999005
23,6,1,29.429,29.43,0.0010000000000012221
23,1,2,28.916,28.92,0.004000000000001336
23,2,2,27.887,27.89,0.0030000000000001137
23,3,2,29.456,29.45,0.006000000000000227
23,4,2,34.452,34.45,0.001999999999995339
23,5,2,28.133,28.13,0.0030000000000001137
23,6,2,29.175,29.18,0.004999999999999005
23,1,3,28.856,28.85,0.006000000000000227
23,2,3,27.719,27.72,0.0009999999999976694
23,3,3,29.439,29.44,0.0010000000000012221
23,4,3,34.184,34.18,0.003999999999997783
23,5,3,27.929,27.93,0.0010000000000012221
23,6,3,29.079,29.08,0.0009999999999976694
23,1,4,28.955,28.96,0.005000000000002558
23,2,4,27.794,27.79,0.004000000000001336
23,3,4,29.375,29.37,0.004999999999999005
23,4,4,34.341,34.34,0.0009999999999976694
23,5,4,28.117,28.11,0.0070000000000014495
23,6,4,29.34,29.34,0.0
23,1,1,28.982,28.99,0.007999999999999119
23,2,1,27.773,27.77,0.0030000000000001137
23,3,1,29.259,29.26,0.0010000000000012221
23,4,1,34.172,34.17,0.001999999999995339
23,5,1,27.992,27.99,0.0020000000000024443
23,6,1,29.752,29.75,0.0019999999999988916
23,1,2,28.683,28.68,0.0030000000000001137
23,2,2,27.564,27.57,0.006000000000000227
23,3,2,29.283,29.29,0.006999999999997897
23,4,2,34.463,34.46,0.0030000000000001137
23,5,2,28.07,28.07,0.0
23,6,2,29.411,29.41,0.0010000000000012221
23,1,3,28.783,28.78,0.0030000000000001137
23,2,3,27.727,27.73,0.0030000000000001137
23,3,3,29.444,29.44,0.003999999999997783
23,4,3,34.352,34.35,0.001999999999995339
23,5,3,27.9,27.9,0.0
23,6,3,29.224,29.22,0.004000000000001336
23,1,4,28.759,28.76,0.0010000000000012221
23,2,4,27.691,27.69,0.0009999999999976694
23,3,4,29.58,29.58,0.0
23,4,4,34.488,34.49,0.0020000000000024443
23,5,4,28.038,28.04,0.0019999999999988916
23,6,4,29.176,29.18,0.004000000000001336
23,1,1,28.749,28.74,0.009000000000000341
23,2,1,27.594,27.6,0.006000000000000227
23,3,1,29.328,29.33,0.0019999999999988916
23,4,1,34.489,34.49,0.0010000000000047748
23,5,1,28.102,28.1,0.0019999999999988916
23,6,1,29.05,29.05,0.0
23,1,2,28.778,28.79,0.012000000000000455
23,2,2,27.582,27.58,0.0020000000000024443
23,3,2,29.214,29.22,0.006000000000000227
23,4,2,34.222,34.22,0.0020000000000024443
23,5,2,27.912,27.91,0.0019999999999988916
23,6,2,29.138,29.14,0.0019999999999988916
23,1,3,28.926,28.92,0.005999999999996675
23,2,3,27.793,27.79,0.0030000000000001137
23,3,3,29.351,29.35,0.0009999999999976694
23,4,3,34.438,34.44,0.001999999999995339
23,5,3,28.062,28.06,0.0020000000000024443
23,6,3,29.097,29.1,0.0030000000000001137
23,1,4,28.831,28.83,0.0010000000000012221
23,2,4,27.637,27.64,0.0030000000000001137
23,3,4,29.255,29.26,0.005000000000002558
23,4,4,34.4,34.4,0.0
23,5,4,27.978,27.98,0.0019999999999988916
23,6,4,29.236,29.24,0.003999999999997783
23,1,1,29.24,29.24,0.0
23,2,1,27.814,27.81,0.004000000000001336
23,3,1,29.424,29.42,0.003999999999997783
23,4,1,34.274,34.27,0.003999999999997783
23,5,1,27.956,27.96,0.004000000000001336
23,6,1,29.25,29.25,0.0
23,1,2,28.722,28.72,0.0020000000000024443
23,2,2,27.614,27.62,0.006000000000000227
23,3,2,29.119,29.12,0.0010000000000012221
23,4,2,34.354,34.35,0.003999999999997783
23,5,2,27.854,27.85,0.003999999999997783
23,6,2,29.474,29.48,0.006000000000000227
23,1,3,28.821,28.83,0.008999999999996788
23,2,3,27.756,27.76,0.004000000000001336
23,3,3,29.565,29.56,0.005000000000002558
23,4,3,34.318,34.32,0.0020000000000024443
23,5,3,27.981,27.98,0.0010000000000012221
23,6,3,29.375,29.38,0.004999999999999005
23,1,4,28.674,28.68,0.006000000000000227
23,2,4,27.425,27.42,0.004999999999999005
23,3,4,29.514,29.51,0.003999999999997783
23,4,4,34.116,34.11,0.006000000000000227
23,5,4,27.854,27.85,0.003999999999997783
23,6,4,29.398,29.4,0.0019999999999988916
23,1,1,28.906,28.91,0.004000000000001336
23,2,1,27.777,27.77,0.0070000000000014495
23,3,1,29.687,29.69,0.0030000000000001137
23,4,1,34.343,34.34,0.0030000000000001137
23,5,1,27.942,27.94,0.0019999999999988916
23,6,1,29.094,29.1,0.006000000000000227
23,1,2,28.857,28.86,0.0030000000000001137
23,2,2,27.804,27.8,0.003999999999997783
23,3,2,29.441,29.44,0.0009999999999976694
23,4,2,34.498,34.5,0.0020000000000024443
23,5,2,27.893,27.9,0.006999999999997897
23,6,2,29.244,29.24,0.004000000000001336
23,1,3,28.976,28.97,0.006000000000000227
23,2,3,27.788,27.79,0.0019999999999988916
23,3,3,29.553,29.56,0.006999999999997897
23,4,3,34.347,34.35,0.0030000000000001137
23,5,3,27.919,27.92,0.0010000000000012221
23,6,3,29.252,29.25,0.0019999999999988916
23,1,4,28.766,28.76,0.005999999999996675
23,2,4,27.683,27.67,0.012999999999998124
23,3,4,29.32,29.32,0.0
23,4,4,34.337,34.34,0.0030000000000001137
23,5,4,27.968,27.97,0.0019999999999988916
23,6,4,29.18,29.18,0.0
23,1,1,28.918,28.92,0.0020000000000024443
23,2,1,27.746,27.75,0.004000000000001336
23,3,1,29.462,29.47,0.007999999999999119
23,4,1,34.523,34.52,0.0030000000000001137
23,5,1,28.243,28.24,0.0030000000000001137
23,6,1,29.397,29.4,0.0030000000000001137
23,1,2,28.833,28.83,0.0030000000000001137
23,2,2,27.691,27.69,0.0009999999999976694
23,3,2,29.406,29.4,0.006000000000000227
23,4,2,34.366,34.36,0.006000000000000227
23,5,2,28.0,28.0,0.0
23,6,2,28.898,28.9,0.0019999999999988916
23,1,3,28.862,28.86,0.0019999999999988916
23,2,3,27.699,27.7,0.0009999999999976694
23,3,3,29.439,29.44,0.0010000000000012221
23,4,3,34.47,34.47,0.0
23,5,3,27.974,27.98,0.006000000000000227
23,6,3,29.218,29.22,0.0019999999999988916
23,1,4,28.928,28.93,0.0019999999999988916
23,2,4,27.734,27.73,0.004000000000001336
23,3,4,29.315,29.31,0.005000000000002558
23,4,4,34.403,34.4,0.0030000000000001137
23,5,4,27.874,27.88,0.006000000000000227
23,6,4,29.587,29.59,0.0030000000000001137
24,1,1,29.13,29.13,0.0
24,2,1,27.867,27.87,0.0030000000000001137
24,3,1,29.54,29.54,0.0
24,4,1,34.493,34.49,0.0030000000000001137
24,5,1,28.04,28.04,0.0
24,6,1,29.408,29.41,0.0019999999999988916
24,1,2,28.996,29.0,0.004000000000001336
24,2,2,27.883,27.88,0.0030000000000001137
24,3,2,29.528,29.53,0.0020000000000024443
24,4,2,34.431,34.43,0.0009999999999976694
24,5,2,28.144,28.15,0.006000000000000227
24,6,2,29.172,29.17,0.0019999999999988916
24,1,3,28.661,28.65,0.011000000000002785
24,2,3,27.509,27.51,0.0010000000000012221
24,3,3,29.126,29.13,0.003999999999997783
24,4,3,34.262,34.26,0.0020000000000024443
24,5,3,27.812,27.81,0.0020000000000024443
24,6,3,29.336,29.34,0.004000000000001336
24,1,4,28.831,28.83,0.0010000000000012221
24,2,4,27.747,27.74,0.0070000000000014495
24,3,4,29.575,29.57,0.004999999999999005
24,4,4,34.223,34.22,0.0030000000000001137
24,5,4,27.919,27.92,0.0010000000000012221
24,6,4,29.382,29.38,0.0020000000000024443
24,1,1,28.987,28.99,0.0030000000000001137
24,2,1,27.69,27.69,0.0
24,3,1,29.549,29.55,0.0010000000000012221
24,4,1,34.319,34.32,0.0009999999999976694
24,5,1,28.133,28.13,0.0030000000000001137
24,6,1,29.245,29.24,0.005000000000002558
24,1,2,28.678,28.68,0.0019999999999988916
24,2,2,27.613,27.61,0.0030000000000001137
24,3,2,29.557,29.56,0.0030000000000001137
24,4,2,34.469,34.47,0.0009999999999976694
24,5,2,27.944,27.94,0.003999999999997783
24,6,2,28.999,29.0,0.0010000000000012221
24,1,3,28.719,28.72,0.0009999999999976694
24,2,3,27.774,27.77,0.004000000000001336
24,3,3,29.775,29.78,0.005000000000002558
24,4,3,34.473,34.47,0.0030000000000001137
24,5,3,27.844,27.84,0.004000000000001336
24,6,3,29.473,29.47,0.0030000000000001137
24,1,4,29.273,29.28,0.0070000000000014495
24,2,4,27.935,27.94,0.005000000000002558
24,3,4,29.449,29.45,0.0009999999999976694
24,4,4,34.388,34.39,0.0020000000000024443
24,5,4,28.04,28.04,0.0
24,6,4,29.379,29.38,0.0009999999999976694
24,1,1,28.643,28.65,0.006999999999997897
24,2,1,27.647,27.65,0.0030000000000001137
24,3,1,29.553,29.56,0.006999999999997897
24,4,1,34.249,34.25,0.0009999999999976694
24,5,1,28.116,28.11,0.006000000000000227
24,6,1,29.278,29.28,0.0020000000000024443
24,1,2,28.614,28.62,0.006000000000000227
24,2,2,27.718,27.72,0.0019999999999988916
24,3,2,29.254,29.25,0.004000000000001336
24,4,2,34.452,34.45,0.001999999999995339
24,5,2,27.921,27.92,0.0009999999999976694
24,6,2,29.023,29.02,0.0030000000000001137
24,1,3,28.623,28.63,0.006999999999997897
24,2,3,27.598,27.6,0.0020000000000024443
24,3,3,29.516,29.52,0.004000000000001336
24,4,3,34.452,34.45,0.001999999999995339
24,5,3,28.135,28.14,0.004999999999999005
24,6,3,29.327,29.33,0.002999999999996561
24,1,4,28.757,28.76,0.0030000000000001137
24,2,4,27.632,27.63,0.0020000000000024443
24,3,4,29.334,29.33,0.004000000000001336
24,4,4,34.525,34.53,0.005000000000002558
24,5,4,27.987,27.99,0.0030000000000001137
24,6,4,29.315,29.32,0.004999999999999005
24,1,1,28.7,28.7,0.0
24,2,1,27.675,27.67,0.004999999999999005
24,3,1,29.689,29.69,0.0010000000000012221
24,4,1,34.262,34.26,0.0020000000000024443
24,5,1,27.91,27.91,0.0
24,6,1,29.404,29.4,0.004000000000001336
24,1,2,29.037,29.04,0.0030000000000001137
24,2,2,27.804,27.81,0.006000000000000227
24,3,2,29.699,29.7,0.0009999999999976694
24,4,2,34.49,34.49,0.0
24,5,2,28.045,28.04,0.005000000000002558
24,6,2,29.374,29.37,0.003999999999997783
24,1,3,28.815,28.81,0.005000000000002558
24,2,3,27.742,27.74,0.0020000000000024443
24,3,3,29.52,29.52,0.0
24,4,3,34.356,34.36,0.003999999999997783
24,5,3,27.823,27.82,0.0030000000000001137
24,6,3,29.235,29.23,0.004999999999999005
24,1,4,28.961,28.96,0.0009999999999976694
24,2,4,27.809,27.81,0.0009999999999976694
24,3,4,29.692,29.69,0.0019999999999988916
24,4,4,34.347,34.35,0.0030000000000001137
24,5,4,28.029,28.03,0.0010000000000012221
24,6,4,29.529,29.53,0.0010000000000012221
24,1,1,28.665,28.66,0.004999999999999005
24,2,1,27.68,27.68,0.0
24,3,1,29.555,29.56,0.004999999999999005
24,4,1,34.159,34.16,0.0009999999999976694
24,5,1,27.668,27.67,0.0020000000000024443
24,6,1,29.513,29.51,0.0030000000000001137
24,1,2,28.806,28.8,0.006000000000000227
24,2,2,27.82,27.82,0.0
24,3,2,29.366,29.37,0.004000000000001336
24,4,2,34.269,34.27,0.0010000000000047748
24,5,2,27.717,27.72,0.0030000000000001137
24,6,2,29.405,29.41,0.004999999999999005
24,1,3,28.859,28.86,0.0009999999999976694
24,2,3,27.716,27.72,0.003999999999997783
24,3,3,29.421,29.43,0.009000000000000341
24,4,3,34.371,34.37,0.0010000000000047748
24,5,3,27.999,28.0,0.0010000000000012221
24,6,3,29.146,29.15,0.003999999999997783
24,1,4,28.904,28.9,0.004000000000001336
24,2,4,27.793,27.79,0.0030000000000001137
24,3,4,29.516,29.52,0.004000000000001336
24,4,4,34.392,34.39,0.0020000000000024443
24,5,4,28.093,28.1,0.0070000000000014495
24,6,4,29.193,29.19,0.0030000000000001137
24,1,1,28.793,28.79,0.0030000000000001137
24,2,1,27.745,27.75,0.004999999999999005
24,3,1,29.518,29.51,0.007999999999999119
24,4,1,34.324,34.33,0.006000000000000227
24,5,1,28.122,28.12,0.0019999999999988916
24,6,1,29.385,29.39,0.004999999999999005
24,1,2,28.85,28.85,0.0
24,2,2,27.741,27.74,0.0010000000000012221
24,3,2,29.545,29.54,0.005000000000002558
24,4,2,34.657,34.66,0.0030000000000001137
24,5,2,28.027,28.03,0.0030000000000001137
24,6,2,29.389,29.39,0.0010000000000012221
24,1,3,28.735,28.74,0.004999999999999005
24,2,3,27.675,27.67,0.004999999999999005
24,3,3,29.592,29.59,0.0019999999999988916
24,4,3,34.338,34.34,0.0020000000000024443
24,5,3,27.97,27.97,0.0
24,6,3,29.295,29.3,0.004999999999999005
24,1,4,28.808,28.81,0.0019999999999988916
24,2,4,27.712,27.71,0.0019999999999988916
24,3,4,29.609,29.61,0.0009999999999976694
24,4,4,34.671,34.67,0.0009999999999976694
24,5,4,28.456,28.45,0.006000000000000227
24,6,4,29.51,29.51,0.0
24,1,1,28.574,28.58,0.005999999999996675
24,2,1,27.651,27.65,0.0010000000000012221
24,3,1,29.468,29.47,0.0019999999999988916
24,4,1,34.307,34.31,0.0030000000000001137
24,5,1,27.991,27.99,0.0010000000000012221
24,6,1,29.476,29.48,0.004000000000001336
24,1,2,28.871,28.87,0.0009999999999976694
24,2,2,27.684,27.69,0.006000000000000227
24,3,2,29.362,29.36,0.0019999999999988916
24,4,2,34.27,34.27,0.0
24,5,2,28.115,28.11,0.004999999999999005
24,6,2,29.302,29.3,0.0019999999999988916
24,1,3,28.817,28.82,0.0030000000000001137
24,2,3,27.782,27.78,0.0019999999999988916
24,3,3,29.53,29.53,0.0
24,4,3,34.301,34.3,0.0010000000000047748
24,5,3,27.892,27.89,0.0019999999999988916
24,6,3,29.194,29.19,0.003999999999997783
24,1,4,29.068,29.07,0.0019999999999988916
24,2,4,27.819,27.82,0.0010000000000012221
24,3,4,29.152,29.16,0.007999999999999119
24,4,4,34.211,34.21,0.0009999999999976694
24,5,4,27.866,27.87,0.004000000000001336
24,6,4,29.377,29.37,0.006999999999997897
24,1,1,28.74,28.74,0.0
24,2,1,27.691,27.69,0.0009999999999976694
24,3,1,29.414,29.41,0.004000000000001336
24,4,1,34.53,34.53,0.0
24,5,1,28.43,28.43,0.0
24,6,1,29.374,29.37,0.003999999999997783
24,1,2,28.786,28.78,0.006000000000000227
24,2,2,27.673,27.68,0.0070000000000014495
24,3,2,29.476,29.48,0.004000000000001336
24,4,2,34.06,34.06,0.0
24,5,2,27.758,27.76,0.0020000000000024443
24,6,2,29.239,29.24,0.0009999999999976694
24,1,3,28.892,28.89,0.0019999999999988916
24,2,3,27.774,27.77,0.004000000000001336
24,3,3,29.393,29.39,0.0030000000000001137
24,4,3,34.659,34.66,0.0009999999999976694
24,5,3,28.126,28.13,0.003999999999997783
24,6,3,29.194,29.19,0.003999999999997783
24,1,4,28.963,28.96,0.0030000000000001137
24,2,4,27.919,27.92,0.0010000000000012221
24,3,4,29.438,29.44,0.0020000000000024443
24,4,4,34.551,34.55,0.0010000000000047748
24,5,4,27.982,27.98,0.0019999999999988916
24,6,4,29.142,29.14,0.0019999999999988916
24,1,1,29.058,29.06,0.0019999999999988916
24,2,1,27.933,27.93,0.0030000000000001137
24,3,1,29.404,29.4,0.004000000000001336
24,4,1,34.392,34.39,0.0020000000000024443
24,5,1,28.076,28.08,0.003999999999997783
24,6,1,29.29,29.29,0.0
24,1,2,28.893,28.89,0.0030000000000001137
24,2,2,27.716,27.72,0.003999999999997783
24,3,2,29.74,29.74,0.0
24,4,2,34.439,34.44,0.0009999999999976694
24,5,2,27.9,27.9,0.0
24,6,2,29.505,29.5,0.004999999999999005
24,1,3,29.168,29.16,0.007999999999999119
24,2,3,27.816,27.81,0.006000000000000227
24,3,3,29.347,29.35,0.0030000000000001137
24,4,3,34.385,34.38,0.0049999999999954525
24,5,3,27.912,27.91,0.0019999999999988916
24,6,3,29.054,29.05,0.003999999999997783
24,1,4,28.572,28.57,0.0019999999999988916
24,2,4,27.545,27.54,0.005000000000002558
24,3,4,29.261,29.26,0.0009999999999976694
24,4,4,34.641,34.64,0.0009999999999976694
24,5,4,28.162,28.16,0.0019999999999988916
24,6,4,29.367,29.37,0.0030000000000001137
24,1,1,28.807,28.81,0.0030000000000001137
24,2,1,27.627,27.63,0.0030000000000001137
24,3,1,29.239,29.24,0.0009999999999976694
24,4,1,34.439,34.44,0.0009999999999976694
24,5,1,28.027,28.03,0.0030000000000001137
24,6,1,29.471,29.47,0.0010000000000012221
24,1,2,28.792,28.79,0.0020000000000024443
24,2,2,27.678,27.67,0.007999999999999119
24,3,2,29.425,29.43,0.004999999999999005
24,4,2,34.123,34.12,0.0030000000000001137
24,5,2,27.846,27.85,0.004000000000001336
24,6,2,29.243,29.24,0.0030000000000001137
24,1,3,28.735,28.74,0.004999999999999005
24,2,3,27.674,27.68,0.006000000000000227
24,3,3,29.557,29.56,0.0030000000000001137
24,4,3,34.106,34.11,0.003999999999997783
24,5,3,27.774,27.77,0.004000000000001336
24,6,3,29.145,29.15,0.004999999999999005
24,1,4,29.246,29.22,0.0259999999999998
24,2,4,27.831,27.83,0.0010000000000012221
24,3,4,29.516,29.52,0.004000000000001336
24,4,4,34.22,34.22,0.0
24,5,4,27.986,27.99,0.003999999999997783
24,6,4,29.408,29.41,0.0019999999999988916
24,1,1,28.857,28.86,0.0030000000000001137
24,2,1,27.74,27.74,0.0
24,3,1,29.166,29.16,0.006000000000000227
24,4,1,34.681,34.68,0.0009999999999976694
24,5,1,28.222,28.22,0.0020000000000024443
24,6,1,29.281,29.28,0.0009999999999976694
24,1,2,28.779,28.78,0.0010000000000012221
24,2,2,27.739,27.74,0.0009999999999976694
24,3,2,29.463,29.46,0.0030000000000001137
24,4,2,34.611,34.61,0.0009999999999976694
24,5,2,28.41,28.41,0.0
24,6,2,29.423,29.42,0.002999999999996561
24,1,3,28.937,28.94,0.0030000000000001137
24,2,3,27.789,27.79,0.0009999999999976694
24,3,3,29.307,29.3,0.006999999999997897
24,4,3,34.465,34.47,0.0049999999999954525
24,5,3,28.042,28.04,0.0020000000000024443
24,6,3,29.455,29.46,0.005000000000002558
24,1,4,28.905,28.91,0.004999999999999005
24,2,4,27.744,27.74,0.004000000000001336
24,3,4,29.556,29.56,0.003999999999997783
24,4,4,34.6,34.6,0.0
24,5,4,28.14,28.14,0.0
24,6,4,29.027,29.03,0.0030000000000001137
24,1,1,28.794,28.8,0.006000000000000227
24,2,1,27.706,27.71,0.004000000000001336
24,3,1,29.126,29.13,0.003999999999997783
24,4,1,34.364,34.36,0.003999999999997783
24,5,1,27.985,27.99,0.004999999999999005
24,6,1,29.572,29.57,0.0019999999999988916
24,1,2,28.699,28.69,0.009000000000000341
24,2,2,27.685,27.69,0.005000000000002558
24,3,2,29.543,29.54,0.0030000000000001137
24,4,2,34.549,34.55,0.0009999999999976694
24,5,2,28.259,28.26,0.0010000000000012221
24,6,2,29.226,29.23,0.004000000000001336
24,1,3,29.333,29.37,0.037000000000002586
24,2,3,27.923,27.93,0.0070000000000014495
24,3,3,29.205,29.21,0.005000000000002558
24,4,3,34.327,34.33,0.0030000000000001137
24,5,3,27.892,27.89,0.0019999999999988916
24,6,3,29.261,29.26,0.0009999999999976694
24,1,4,28.887,28.89,0.0030000000000001137
24,2,4,27.703,27.7,0.0030000000000001137
24,3,4,29.24,29.24,0.0
24,4,4,34.273,34.27,0.0030000000000001137
24,5,4,27.625,27.62,0.004999999999999005
24,6,4,29.65,29.65,0.0
24,1,1,29.013,29.01,0.0030000000000001137
24,2,1,27.786,27.78,0.006000000000000227
24,3,1,29.766,29.77,0.004000000000001336
24,4,1,34.479,34.48,0.0009999999999976694
24,5,1,27.847,27.85,0.0030000000000001137
24,6,1,29.331,29.33,0.0010000000000012221
24,1,2,28.921,28.92,0.0009999999999976694
24,2,2,27.828,27.83,0.0019999999999988916
24,3,2,29.535,29.53,0.004999999999999005
24,4,2,34.363,34.36,0.0030000000000001137
24,5,2,28.221,28.22,0.0010000000000012221
24,6,2,29.427,29.43,0.0030000000000001137
24,1,3,28.797,28.8,0.0030000000000001137
24,2,3,27.708,27.71,0.0020000000000024443
24,3,3,29.56,29.56,0.0
24,4,3,34.45,34.45,0.0
24,5,3,28.06,28.06,0.0
24,6,3,29.272,29.27,0.0019999999999988916
24,1,4,29.195,29.19,0.004999999999999005
24,2,4,27.804,27.8,0.003999999999997783
24,3,4,29.566,29.57,0.004000000000001336
24,4,4,34.271,34.27,0.0009999999999976694
24,5,4,27.869,27.87,0.0010000000000012221
24,6,4,29.172,29.17,0.0019999999999988916
24,1,1,28.819,28.82,0.0010000000000012221
24,2,1,27.668,27.67,0.0020000000000024443
24,3,1,29.43,29.43,0.0
24,4,1,34.563,34.56,0.0030000000000001137
24,5,1,28.083,28.08,0.0030000000000001137
24,6,1,29.344,29.35,0.006000000000000227
24,1,2,28.822,28.81,0.012000000000000455
24,2,2,27.647,27.65,0.0030000000000001137
24,3,2,29.607,29.61,0.0030000000000001137
24,4,2,34.333,34.33,0.0030000000000001137
24,5,2,28.028,28.03,0.0020000000000024443
24,6,2,29.623,29.62,0.0030000000000001137
24,1,3,28.974,28.97,0.004000000000001336
24,2,3,27.811,27.81,0.0010000000000012221
24,3,3,29.607,29.61,0.0030000000000001137
24,4,3,34.654,34.65,0.0040000000000048885
24,5,3,28.318,28.32,0.0019999999999988916
24,6,3,29.417,29.42,0.0030000000000001137
24,1,4,28.881,28.88,0.0010000000000012221
24,2,4,27.711,27.71,0.0009999999999976694
24,3,4,29.444,29.44,0.003999999999997783
24,4,4,34.203,34.2,0.0030000000000001137
24,5,4,27.882,27.88,0.0020000000000024443
24,6,4,29.236,29.24,0.003999999999997783
24,1,1,28.841,28.84,0.0010000000000012221
24,2,1,27.714,27.72,0.006000000000000227
24,3,1,29.673,29.68,0.0070000000000014495
24,4,1,34.236,34.24,0.0040000000000048885
24,5,1,28.042,28.04,0.0020000000000024443
24,6,1,29.558,29.56,0.0019999999999988916
24,1,2,28.74,28.74,0.0
24,2,2,27.653,27.65,0.0030000000000001137
24,3,2,29.313,29.32,0.0070000000000014495
24,4,2,34.103,34.1,0.0030000000000001137
24,5,2,27.664,27.66,0.004000000000001336
24,6,2,29.565,29.56,0.005000000000002558
24,1,3,29.271,29.27,0.0010000000000012221
24,2,3,27.843,27.85,0.0070000000000014495
24,3,3,29.396,29.4,0.003999999999997783
24,4,3,34.479,34.48,0.0009999999999976694
24,5,3,28.063,28.06,0.0030000000000001137
24,6,3,29.023,29.02,0.0030000000000001137
24,1,4,28.815,28.81,0.005000000000002558
24,2,4,27.737,27.74,0.0030000000000001137
24,3,4,29.259,29.26,0.0010000000000012221
24,4,4,34.192,34.19,0.0020000000000024443
24,5,4,27.742,27.74,0.0020000000000024443
24,6,4,29.059,29.06,0.0009999999999976694
24,1,1,28.913,28.92,0.0070000000000014495
24,2,1,27.738,27.74,0.0019999999999988916
24,3,1,29.357,29.36,0.0030000000000001137
24,4,1,34.349,34.35,0.0010000000000047748
24,5,1,28.249,28.25,0.0010000000000012221
24,6,1,29.402,29.4,0.0020000000000024443
24,1,2,28.823,28.83,0.006999999999997897
24,2,2,27.655,27.65,0.005000000000002558
24,3,2,29.279,29.28,0.0010000000000012221
24,4,2,34.297,34.3,0.0030000000000001137
24,5,2,27.97,27.97,0.0
24,6,2,29.428,29.43,0.0019999999999988916
24,1,3,28.962,28.96,0.0019999999999988916
24,2,3,27.832,27.83,0.0020000000000024443
24,3,3,29.258,29.25,0.007999999999999119
24,4,3,34.466,34.47,0.003999999999997783
24,5,3,27.998,28.0,0.0019999999999988916
24,6,3,29.474,29.48,0.006000000000000227
24,1,4,29.009,29.02,0.010999999999999233
24,2,4,27.927,27.93,0.0030000000000001137
24,3,4,29.362,29.36,0.0019999999999988916
24,4,4,34.516,34.52,0.0040000000000048885
24,5,4,28.028,28.03,0.0020000000000024443
24,6,4,29.174,29.17,0.003999999999997783
24,1,1,28.897,28.9,0.0030000000000001137
24,2,1,27.819,27.82,0.0010000000000012221
24,3,1,29.08,29.08,0.0
24,4,1,34.154,34.15,0.0040000000000048885
24,5,1,27.613,27.61,0.0030000000000001137
24,6,1,28.959,28.96,0.0010000000000012221
24,1,2,28.922,28.92,0.0019999999999988916
24,2,2,27.785,27.79,0.004999999999999005
24,3,2,29.334,29.33,0.004000000000001336
24,4,2,34.552,34.55,0.0020000000000024443
24,5,2,28.172,28.17,0.0019999999999988916
24,6,2,29.416,29.42,0.004000000000001336
24,1,3,29.014,29.01,0.003999999999997783
24,2,3,27.912,27.91,0.0019999999999988916
24,3,3,29.547,29.55,0.0030000000000001137
24,4,3,34.33,34.33,0.0
24,5,3,27.991,27.99,0.0010000000000012221
24,6,3,29.145,29.14,0.004999999999999005
24,1,4,28.795,28.79,0.005000000000002558
24,2,4,27.639,27.64,0.0010000000000012221
24,3,4,29.435,29.43,0.004999999999999005
24,4,4,34.472,34.47,0.0020000000000024443
24,5,4,28.089,28.09,0.0010000000000012221
24,6,4,29.097,29.1,0.0030000000000001137
24,1,1,28.9,28.89,0.00999999999999801
24,2,1,27.868,27.87,0.0020000000000024443
24,3,1,29.611,29.61,0.0010000000000012221
24,4,1,34.629,34.63,0.0010000000000047748
24,5,1,28.004,28.01,0.006000000000000227
24,6,1,29.271,29.27,0.0010000000000012221
24,1,2,28.548,28.55,0.0020000000000024443
24,2,2,27.459,27.46,0.0010000000000012221
24,3,2,29.303,29.31,0.006999999999997897
24,4,2,34.463,34.46,0.0030000000000001137
24,5,2,28.252,28.25,0.0019999999999988916
24,6,2,29.341,29.34,0.0010000000000012221
24,1,3,29.145,29.14,0.004999999999999005
24,2,3,27.934,27.93,0.004000000000001336
24,3,3,29.811,29.81,0.0010000000000012221
24,4,3,34.328,34.33,0.001999999999995339
24,5,3,28.086,28.09,0.004000000000001336
24,6,3,29.564,29.57,0.006000000000000227
24,1,4,28.78,28.78,0.0
24,2,4,27.577,27.58,0.002999999999996561
24,3,4,29.293,29.29,0.0030000000000001137
24,4,4,34.466,34.47,0.003999999999997783
24,5,4,28.099,28.1,0.0010000000000012221
24,6,4,29.209,29.21,0.0010000000000012221
24,1,1,29.009,29.01,0.0010000000000012221
24,2,1,27.92,27.92,0.0
24,3,1,29.31,29.31,0.0
24,4,1,34.522,34.52,0.001999999999995339
24,5,1,27.98,27.98,0.0
24,6,1,29.206,29.21,0.004000000000001336
24,1,2,28.712,28.72,0.007999999999999119
24,2,2,27.597,27.59,0.0070000000000014495
24,3,2,29.331,29.33,0.0010000000000012221
24,4,2,34.306,34.31,0.0040000000000048885
24,5,2,28.042,28.04,0.0020000000000024443
24,6,2,29.279,29.28,0.0010000000000012221
24,1,3,28.882,28.88,0.0020000000000024443
24,2,3,27.778,27.78,0.0020000000000024443
24,3,3,29.597,29.6,0.0030000000000001137
24,4,3,34.572,34.57,0.0020000000000024443
24,5,3,28.151,28.15,0.0010000000000012221
24,6,3,29.243,29.24,0.0030000000000001137
24,1,4,28.837,28.84,0.0030000000000001137
24,2,4,27.68,27.68,0.0
24,3,4,29.715,29.72,0.004999999999999005
24,4,4,34.229,34.23,0.0009999999999976694
24,5,4,27.824,27.82,0.004000000000001336
24,6,4,29.649,29.65,0.0009999999999976694
24,1,1,28.556,28.55,0.006000000000000227
24,2,1,27.593,27.59,0.0030000000000001137
24,3,1,29.305,29.31,0.004999999999999005
24,4,1,34.176,34.18,0.003999999999997783
24,5,1,27.919,27.92,0.0010000000000012221
24,6,1,29.483,29.48,0.0030000000000001137
24,1,2,28.831,28.83,0.0010000000000012221
24,2,2,27.66,27.66,0.0
24,3,2,29.348,29.35,0.0020000000000024443
24,4,2,34.429,34.43,0.0009999999999976694
24,5,2,28.2,28.2,0.0
24,6,2,29.363,29.36,0.0030000000000001137
24,1,3,28.652,28.65,0.0020000000000024443
24,2,3,27.595,27.6,0.005000000000002558
24,3,3,29.378,29.38,0.0019999999999988916
24,4,3,34.547,34.55,0.0030000000000001137
24,5,3,27.862,27.86,0.0019999999999988916
24,6,3,29.494,29.49,0.004000000000001336
24,1,4,28.861,28.86,0.0010000000000012221
24,2,4,27.695,27.7,0.004999999999999005
24,3,4,29.079,29.08,0.0009999999999976694
24,4,4,34.463,34.46,0.0030000000000001137
24,5,4,27.899,27.9,0.0009999999999976694
24,6,4,29.222,29.22,0.0020000000000024443
25,1,1,28.855,28.85,0.004999999999999005
25,2,1,27.565,27.57,0.004999999999999005
25,3,1,29.592,29.58,0.012000000000000455
25,4,1,34.168,34.17,0.0020000000000024443
25,5,1,27.809,27.81,0.0009999999999976694
25,6,1,29.367,29.37,0.0030000000000001137
25,1,2,28.621,28.62,0.0009999999999976694
25,2,2,27.505,27.51,0.005000000000002558
25,3,2,29.651,29.65,0.0010000000000012221
25,4,2,34.359,34.36,0.0009999999999976694
25,5,2,28.004,28.01,0.006000000000000227
25,6,2,29.197,29.2,0.0030000000000001137
25,1,3,29.118,29.12,0.0020000000000024443
25,2,3,27.762,27.77,0.007999999999999119
25,3,3,29.276,29.28,0.004000000000001336
25,4,3,34.329,34.33,0.0009999999999976694
25,5,3,27.778,27.78,0.0020000000000024443
25,6,3,29.194,29.19,0.003999999999997783
25,1,4,28.592,28.59,0.0019999999999988916
25,2,4,27.562,27.57,0.007999999999999119
25,3,4,29.341,29.34,0.0010000000000012221
25,4,4,34.315,34.32,0.005000000000002558
25,5,4,27.989,27.99,0.0009999999999976694
25,6,4,29.195,29.19,0.004999999999999005
25,1,1,29.098,29.1,0.0020000000000024443
25,2,1,27.789,27.79,0.0009999999999976694
25,3,1,29.295,29.3,0.004999999999999005
25,4,1,34.294,34.3,0.006000000000000227
25,5,1,28.041,28.04,0.0010000000000012221
25,6,1,29.349,29.35,0.0010000000000012221
25,1,2,28.665,28.67,0.005000000000002558
25,2,2,27.571,27.57,0.0010000000000012221
25,3,2,29.324,29.33,0.005999999999996675
25,4,2,34.238,34.24,0.0020000000000024443
25,5,2,27.903,27.9,0.0030000000000001137
25,6,2,29.416,29.42,0.004000000000001336
25,1,3,28.64,28.64,0.0
25,2,3,27.536,27.54,0.003999999999997783
25,3,3,29.301,29.3,0.0009999999999976694
25,4,3,34.511,34.51,0.0010000000000047748
25,5,3,27.935,27.94,0.005000000000002558
25,6,3,29.132,29.13,0.0020000000000024443
25,1,4,28.857,28.86,0.0030000000000001137
25,2,4,27.674,27.68,0.006000000000000227
25,3,4,29.348,29.35,0.0020000000000024443
25,4,4,34.271,34.27,0.0009999999999976694
25,5,4,28.0,28.0,0.0
25,6,4,29.214,29.21,0.003999999999997783
25,1,1,28.852,28.85,0.0019999999999988916
25,2,1,27.69,27.69,0.0
25,3,1,29.332,29.33,0.0020000000000024443
25,4,1,34.154,34.16,0.005999999999993122
25,5,1,27.814,27.81,0.004000000000001336
25,6,1,29.458,29.46,0.0020000000000024443
25,1,2,29.082,29.08,0.0020000000000024443
25,2,2,27.846,27.84,0.006000000000000227
25,3,2,29.362,29.36,0.0019999999999988916
25,4,2,34.209,34.21,0.0009999999999976694
25,5,2,27.679,27.68,0.0010000000000012221
25,6,2,29.229,29.23,0.0010000000000012221
25,1,3,28.883,28.89,0.0070000000000014495
25,2,3,27.667,27.66,0.0070000000000014495
25,3,3,29.432,29.44,0.008000000000002672
25,4,3,34.497,34.5,0.0030000000000001137
25,5,3,28.044,28.04,0.004000000000001336
25,6,3,29.141,29.14,0.0009999999999976694
25,1,4,28.772,28.77,0.0019999999999988916
25,2,4,27.68,27.68,0.0
25,3,4,29.452,29.45,0.0020000000000024443
25,4,4,34.3,34.3,0.0
25,5,4,28.147,28.15,0.0030000000000001137
25,6,4,29.266,29.27,0.004000000000001336
25,1,1,29.006,29.01,0.004000000000001336
25,2,1,27.872,27.87,0.0019999999999988916
25,3,1,29.425,29.43,0.004999999999999005
25,4,1,34.442,34.44,0.0020000000000024443
25,5,1,27.877,27.88,0.0030000000000001137
25,6,1,29.365,29.36,0.004999999999999005
25,1,2,29.186,29.19,0.004000000000001336
25,2,2,27.924,27.92,0.003999999999997783
25,3,2,29.263,29.26,0.0030000000000001137
25,4,2,34.526,34.53,0.003999999999997783
25,5,2,28.16,28.16,0.0
25,6,2,29.059,29.06,0.0009999999999976694
25,1,3,28.979,28.98,0.0010000000000012221
25,2,3,27.685,27.68,0.004999999999999005
25,3,3,29.463,29.46,0.0030000000000001137
25,4,3,34.229,34.23,0.0009999999999976694
25,5,3,27.943,27.94,0.0030000000000001137
25,6,3,29.282,29.28,0.0019999999999988916
25,1,4,28.761,28.76,0.0009999999999976694
25,2,4,27.795,27.79,0.005000000000002558
25,3,4,29.572,29.57,0.0019999999999988916
25,4,4,34.342,34.34,0.001999999999995339
25,5,4,28.088,28.09,0.0019999999999988916
25,6,4,29.003,29.0,0.0030000000000001137
25,1,1,28.979,28.97,0.009000000000000341
25,2,1,27.929,27.93,0.0010000000000012221
25,3,1,29.521,29.53,0.009000000000000341
25,4,1,34.237,34.24,0.0030000000000001137
25,5,1,27.823,27.82,0.0030000000000001137
25,6,1,29.225,29.23,0.004999999999999005
25,1,2,28.997,28.99,0.0070000000000014495
25,2,2,27.803,27.8,0.0030000000000001137
25,3,2,29.489,29.49,0.0009999999999976694
25,4,2,34.347,34.35,0.0030000000000001137
25,5,2,27.997,28.0,0.0030000000000001137
25,6,2,29.495,29.49,0.005000000000002558
25,1,3,28.824,28.82,0.004000000000001336
25,2,3,27.769,27.77,0.0010000000000012221
25,3,3,29.388,29.38,0.008000000000002672
25,4,3,34.316,34.32,0.003999999999997783
25,5,3,27.962,27.96,0.0019999999999988916
25,6,3,29.022,29.02,0.0019999999999988916
25,1,4,28.622,28.62,0.0019999999999988916
25,2,4,27.529,27.53,0.0010000000000012221
25,3,4,29.118,29.12,0.0020000000000024443
25,4,4,34.329,34.33,0.0009999999999976694
25,5,4,28.257,28.26,0.0030000000000001137
25,6,4,29.22,29.22,0.0
25,1,1,28.577,28.58,0.002999999999996561
25,2,1,27.649,27.65,0.0009999999999976694
25,3,1,29.644,29.64,0.003999999999997783
25,4,1,34.275,34.27,0.0049999999999954525
25,5,1,27.775,27.78,0.005000000000002558
25,6,1,29.437,29.44,0.0030000000000001137
25,1,2,28.65,28.65,0.0
25,2,2,27.6,27.6,0.0
25,3,2,29.353,29.35,0.0030000000000001137
25,4,2,34.369,34.37,0.0009999999999976694
25,5,2,27.782,27.78,0.0019999999999988916
25,6,2,28.836,28.84,0.004000000000001336
25,1,3,28.976,28.97,0.006000000000000227
25,2,3,27.828,27.83,0.0019999999999988916
25,3,3,29.12,29.12,0.0
25,4,3,34.284,34.29,0.006000000000000227
25,5,3,27.81,27.81,0.0
25,6,3,29.235,29.23,0.004999999999999005
25,1,4,28.814,28.82,0.006000000000000227
25,2,4,27.584,27.58,0.004000000000001336
25,3,4,29.353,29.35,0.0030000000000001137
25,4,4,34.416,34.42,0.0040000000000048885
25,5,4,27.864,27.86,0.004000000000001336
25,6,4,29.082,29.08,0.0020000000000024443
25,1,1,28.773,28.78,0.0070000000000014495
25,2,1,27.577,27.58,0.002999999999996561
25,3,1,29.487,29.49,0.0030000000000001137
25,4,1,34.212,34.21,0.0020000000000024443
25,5,1,27.965,27.96,0.004999999999999005
25,6,1,29.327,29.33,0.002999999999996561
25,1,2,29.184,29.19,0.006000000000000227
25,2,2,27.954,27.96,0.006000000000000227
25,3,2,29.371,29.37,0.0009999999999976694
25,4,2,34.493,34.49,0.0030000000000001137
25,5,2,28.341,28.34,0.0010000000000012221
25,6,2,29.179,29.18,0.0010000000000012221
25,1,3,28.566,28.58,0.013999999999999346
25,2,3,27.537,27.54,0.0030000000000001137
25,3,3,29.165,29.17,0.005000000000002558
25,4,3,34.507,34.51,0.0030000000000001137
25,5,3,27.948,27.95,0.0019999999999988916
25,6,3,29.636,29.64,0.004000000000001336
25,1,4,28.761,28.76,0.0009999999999976694
25,2,4,27.609,27.61,0.0009999999999976694
25,3,4,29.41,29.41,0.0
25,4,4,34.29,34.29,0.0
25,5,4,27.995,28.0,0.004999999999999005
25,6,4,29.108,29.11,0.0019999999999988916
25,1,1,28.481,28.48,0.0010000000000012221
25,2,1,27.447,27.45,0.0030000000000001137
25,3,1,29.284,29.28,0.003999999999997783
25,4,1,34.39,34.39,0.0
25,5,1,28.001,28.0,0.0010000000000012221
25,6,1,29.359,29.36,0.0009999999999976694
25,1,2,28.705,28.7,0.004999999999999005
25,2,2,27.57,27.57,0.0
25,3,2,29.092,29.1,0.008000000000002672
25,4,2,34.172,34.17,0.001999999999995339
25,5,2,27.794,27.79,0.004000000000001336
25,6,2,28.997,29.0,0.0030000000000001137
25,1,3,28.692,28.69,0.0019999999999988916
25,2,3,27.587,27.59,0.0030000000000001137
25,3,3,29.155,29.15,0.005000000000002558
25,4,3,34.404,34.4,0.0040000000000048885
25,5,3,27.849,27.85,0.0010000000000012221
25,6,3,29.241,29.24,0.0010000000000012221
25,1,4,28.576,28.58,0.003999999999997783
25,2,4,27.562,27.57,0.007999999999999119
25,3,4,29.246,29.25,0.004000000000001336
25,4,4,34.235,34.23,0.005000000000002558
25,5,4,27.777,27.78,0.0030000000000001137
25,6,4,29.405,29.41,0.004999999999999005
25,1,1,28.974,28.98,0.006000000000000227
25,2,1,27.905,27.91,0.004999999999999005
25,3,1,29.56,29.56,0.0
25,4,1,34.296,34.29,0.006000000000000227
25,5,1,27.898,27.9,0.0019999999999988916
25,6,1,29.238,29.24,0.0019999999999988916
25,1,2,28.811,28.81,0.0010000000000012221
25,2,2,27.684,27.69,0.006000000000000227
25,3,2,29.047,29.05,0.0030000000000001137
25,4,2,34.379,34.38,0.0010000000000047748
25,5,2,27.954,27.95,0.004000000000001336
25,6,2,29.103,29.1,0.0030000000000001137
25,1,3,28.875,28.88,0.004999999999999005
25,2,3,27.863,27.86,0.0030000000000001137
25,3,3,29.446,29.45,0.003999999999997783
25,4,3,34.345,34.34,0.0049999999999954525
25,5,3,27.98,27.98,0.0
25,6,3,29.329,29.33,0.0009999999999976694
25,1,4,28.829,28.83,0.0009999999999976694
25,2,4,27.627,27.63,0.0030000000000001137
25,3,4,29.636,29.64,0.004000000000001336
25,4,4,34.436,34.44,0.003999999999997783
25,5,4,28.184,28.18,0.004000000000001336
25,6,4,29.433,29.43,0.0030000000000001137
25,1,1,28.969,28.97,0.0009999999999976694
25,2,1,27.772,27.77,0.0019999999999988916
25,3,1,29.251,29.25,0.0010000000000012221
25,4,1,34.381,34.38,0.0009999999999976694
25,5,1,27.881,27.88,0.0010000000000012221
25,6,1,28.988,28.99,0.0019999999999988916
25,1,2,28.861,28.86,0.0010000000000012221
25,2,2,27.674,27.68,0.006000000000000227
25,3,2,29.363,29.36,0.0030000000000001137
25,4,2,34.465,34.47,0.0049999999999954525
25,5,2,27.991,27.99,0.0010000000000012221
25,6,2,29.466,29.46,0.006000000000000227
25,1,3,29.288,29.29,0.0019999999999988916
25,2,3,27.926,27.93,0.004000000000001336
25,3,3,29.416,29.42,0.004000000000001336
25,4,3,34.421,34.42,0.0009999999999976694
25,5,3,27.944,27.95,0.006000000000000227
25,6,3,29.249,29.25,0.0010000000000012221
25,1,4,29.132,29.13,0.0020000000000024443
25,2,4,27.86,27.86,0.0
25,3,4,29.429,29.43,0.0010000000000012221
25,4,4,34.148,34.15,0.001999999999995339
25,5,4,27.865,27.86,0.004999999999999005
25,6,4,29.45,29.45,0.0
25,1,1,28.885,28.88,0.005000000000002558
25,2,1,27.614,27.62,0.006000000000000227
25,3,1,29.373,29.38,0.006999999999997897
25,4,1,34.404,34.4,0.0040000000000048885
25,5,1,28.21,28.21,0.0
25,6,1,29.212,29.21,0.0019999999999988916
25,1,2,28.849,28.85,0.0010000000000012221
25,2,2,27.62,27.62,0.0
25,3,2,29.25,29.25,0.0
25,4,2,34.04,34.04,0.0
25,5,2,27.65,27.65,0.0
25,6,2,29.29,29.29,0.0
25,1,3,28.82,28.82,0.0
25,2,3,27.629,27.63,0.0009999999999976694
25,3,3,29.472,29.47,0.0020000000000024443
25,4,3,34.006,34.01,0.003999999999997783
25,5,3,27.784,27.78,0.003999999999997783
25,6,3,29.15,29.15,0.0
25,1,4,28.865,28.86,0.004999999999999005
25,2,4,27.841,27.84,0.0010000000000012221
25,3,4,29.409,29.41,0.0010000000000012221
25,4,4,34.38,34.38,0.0
25,5,4,27.883,27.88,0.0030000000000001137
25,6,4,29.184,29.19,0.006000000000000227
25,1,1,29.162,29.16,0.0019999999999988916
25,2,1,27.886,27.89,0.004000000000001336
25,3,1,29.654,29.66,0.006000000000000227
25,4,1,34.233,34.23,0.0030000000000001137
25,5,1,28.056,28.06,0.003999999999997783
25,6,1,29.228,29.23,0.0019999999999988916
25,1,2,28.824,28.82,0.004000000000001336
25,2,2,27.597,27.59,0.0070000000000014495
25,3,2,29.183,29.18,0.0030000000000001137
25,4,2,34.379,34.38,0.0010000000000047748
25,5,2,28.235,28.24,0.004999999999999005
25,6,2,28.927,28.93,0.0030000000000001137
25,1,3,28.815,28.81,0.005000000000002558
25,2,3,27.652,27.65,0.0020000000000024443
25,3,3,29.479,29.49,0.010999999999999233
25,4,3,34.242,34.24,0.001999999999995339
25,5,3,27.809,27.81,0.0009999999999976694
25,6,3,29.636,29.64,0.004000000000001336
25,1,4,28.669,28.66,0.009000000000000341
25,2,4,27.647,27.65,0.0030000000000001137
25,3,4,29.258,29.26,0.0020000000000024443
25,4,4,34.281,34.28,0.0009999999999976694
25,5,4,27.98,27.98,0.0
25,6,4,29.071,29.07,0.0010000000000012221
25,1,1,29.045,29.06,0.014999999999997016
25,2,1,27.816,27.82,0.004000000000001336
25,3,1,29.506,29.5,0.006000000000000227
25,4,1,34.101,34.1,0.0009999999999976694
25,5,1,27.609,27.61,0.0009999999999976694
25,6,1,28.86,28.86,0.0
25,1,2,28.911,28.91,0.0010000000000012221
25,2,2,27.76,27.76,0.0
25,3,2,29.474,29.48,0.006000000000000227
25,4,2,34.212,34.21,0.0020000000000024443
25,5,2,27.906,27.9,0.006000000000000227
25,6,2,29.298,29.3,0.0020000000000024443
25,1,3,28.968,28.97,0.0019999999999988916
25,2,3,27.731,27.73,0.0010000000000012221
25,3,3,29.234,29.24,0.005999999999996675
25,4,3,34.471,34.47,0.0009999999999976694
25,5,3,28.045,28.04,0.005000000000002558
25,6,3,28.915,28.92,0.005000000000002558
25,1,4,29.035,29.03,0.004999999999999005
25,2,4,27.807,27.81,0.0030000000000001137
25,3,4,29.553,29.55,0.0030000000000001137
25,4,4,34.406,34.4,0.006000000000000227
25,5,4,27.898,27.9,0.0019999999999988916
25,6,4,29.267,29.27,0.0030000000000001137
25,1,1,28.966,28.96,0.006000000000000227
25,2,1,27.72,27.72,0.0
25,3,1,29.245,29.24,0.005000000000002558
25,4,1,34.419,34.42,0.0010000000000047748
25,5,1,27.977,27.98,0.0030000000000001137
25,6,1,29.429,29.43,0.0010000000000012221
25,1,2,28.811,28.82,0.009000000000000341
25,2,2,27.627,27.63,0.0030000000000001137
25,3,2,29.37,29.37,0.0
25,4,2,34.098,34.1,0.0020000000000024443
25,5,2,27.836,27.84,0.004000000000001336
25,6,2,28.931,28.93,0.0010000000000012221
25,1,3,28.737,28.74,0.0030000000000001137
25,2,3,27.588,27.59,0.0019999999999988916
25,3,3,29.379,29.38,0.0009999999999976694
25,4,3,34.302,34.3,0.0020000000000024443
25,5,3,28.073,28.08,0.006999999999997897
25,6,3,29.181,29.18,0.0010000000000012221
25,1,4,28.953,28.96,0.0070000000000014495
25,2,4,27.743,27.74,0.0030000000000001137
25,3,4,29.49,29.49,0.0
25,4,4,34.246,34.25,0.003999999999997783
25,5,4,27.753,27.75,0.0030000000000001137
25,6,4,29.282,29.28,0.0019999999999988916
25,1,1,28.711,28.71,0.0009999999999976694
25,2,1,27.73,27.73,0.0
25,3,1,29.557,29.56,0.0030000000000001137
25,4,1,34.333,34.33,0.0030000000000001137
25,5,1,27.873,27.87,0.0030000000000001137
25,6,1,29.07,29.07,0.0
25,1,2,28.826,28.83,0.003999999999997783
25,2,2,27.612,27.62,0.008000000000002672
25,3,2,29.46,29.45,0.010000000000001563
25,4,2,34.339,34.34,0.0010000000000047748
25,5,2,28.108,28.11,0.0019999999999988916
25,6,2,29.212,29.21,0.0019999999999988916
25,1,3,28.899,28.9,0.0009999999999976694
25,2,3,27.74,27.74,0.0
25,3,3,29.604,29.6,0.003999999999997783
25,4,3,34.277,34.28,0.0030000000000001137
25,5,3,27.769,27.77,0.0010000000000012221
25,6,3,29.145,29.14,0.004999999999999005
25,1,4,28.548,28.55,0.0020000000000024443
25,2,4,27.588,27.59,0.0019999999999988916
25,3,4,29.302,29.31,0.007999999999999119
25,4,4,34.493,34.5,0.006999999999997897
25,5,4,28.023,28.02,0.0030000000000001137
25,6,4,29.516,29.52,0.004000000000001336
25,1,1,28.972,28.97,0.0020000000000024443
25,2,1,27.691,27.69,0.0009999999999976694
25,3,1,29.464,29.46,0.003999999999997783
25,4,1,34.1,34.1,0.0
25,5,1,27.838,27.84,0.0019999999999988916
25,6,1,29.244,29.25,0.006000000000000227
25,1,2,28.595,28.6,0.005000000000002558
25,2,2,27.694,27.69,0.003999999999997783
25,3,2,29.256,29.26,0.004000000000001336
25,4,2,34.425,34.43,0.005000000000002558
25,5,2,28.079,28.08,0.0009999999999976694
25,6,2,29.611,29.61,0.0010000000000012221
25,1,3,28.465,28.47,0.004999999999999005
25,2,3,27.48,27.48,0.0
25,3,3,29.096,29.09,0.006000000000000227
25,4,3,34.36,34.36,0.0
25,5,3,27.668,27.67,0.0020000000000024443
25,6,3,29.349,29.35,0.0010000000000012221
25,1,4,28.88,28.88,0.0
25,2,4,27.842,27.84,0.0019999999999988916
25,3,4,29.916,29.9,0.01600000000000179
25,4,4,34.228,34.23,0.001999999999995339
25,5,4,27.904,27.91,0.006000000000000227
25,6,4,29.407,29.41,0.0030000000000001137
25,1,1,28.911,28.9,0.011000000000002785
25,2,1,27.758,27.75,0.007999999999999119
25,3,1,29.306,29.31,0.003999999999997783
25,4,1,34.563,34.56,0.0030000000000001137
25,5,1,27.913,27.92,0.0070000000000014495
25,6,1,29.05,29.05,0.0
25,1,2,28.828,28.83,0.0019999999999988916
25,2,2,27.827,27.82,0.0070000000000014495
25,3,2,29.305,29.31,0.004999999999999005
25,4,2,34.312,34.31,0.001999999999995339
25,5,2,27.937,27.94,0.0030000000000001137
25,6,2,29.271,29.27,0.0010000000000012221
25,1,3,28.527,28.53,0.0030000000000001137
25,2,3,27.615,27.61,0.004999999999999005
25,3,3,29.362,29.36,0.0019999999999988916
25,4,3,34.391,34.39,0.0009999999999976694
25,5,3,27.873,27.87,0.0030000000000001137
25,6,3,29.337,29.34,0.0030000000000001137
25,1,4,29.175,29.17,0.004999999999999005
25,2,4,27.885,27.89,0.004999999999999005
25,3,4,29.369,29.36,0.009000000000000341
25,4,4,34.409,34.41,0.0009999999999976694
25,5,4,28.094,28.09,0.004000000000001336
25,6,4,29.351,29.35,0.0009999999999976694
25,1,1,28.905,28.9,0.005000000000002558
25,2,1,27.779,27.78,0.0010000000000012221
25,3,1,29.426,29.43,0.004000000000001336
25,4,1,34.378,34.38,0.0020000000000024443
25,5,1,27.978,27.98,0.0019999999999988916
25,6,1,29.17,29.17,0.0
25,1,2,28.919,28.92,0.0010000000000012221
25,2,2,27.658,27.66,0.0019999999999988916
25,3,2,29.492,29.49,0.0020000000000024443
25,4,2,34.231,34.23,0.0010000000000047748
25,5,2,27.86,27.86,0.0
25,6,2,29.266,29.27,0.004000000000001336
25,1,3,28.591,28.59,0.0010000000000012221
25,2,3,27.497,27.5,0.0030000000000001137
25,3,3,29.47,29.46,0.00999999999999801
25,4,3,34.164,34.16,0.0040000000000048885
25,5,3,27.811,27.81,0.0010000000000012221
25,6,3,29.154,29.15,0.004000000000001336
25,1,4,28.989,29.0,0.010999999999999233
25,2,4,27.607,27.61,0.0030000000000001137
25,3,4,29.473,29.47,0.0030000000000001137
25,4,4,34.138,34.14,0.0020000000000024443
25,5,4,27.876,27.88,0.003999999999997783
25,6,4,28.974,28.97,0.004000000000001336
25,1,1,28.931,28.93,0.0010000000000012221
25,2,1,27.539,27.54,0.0009999999999976694
25,3,1,29.155,29.16,0.004999999999999005
25,4,1,34.118,34.12,0.001999999999995339
25,5,1,27.764,27.76,0.003999999999997783
25,6,1,29.214,29.21,0.003999999999997783
25,1,2,28.69,28.7,0.00999999999999801
25,2,2,27.58,27.58,0.0
25,3,2,29.065,29.07,0.004999999999999005
25,4,2,34.373,34.37,0.0030000000000001137
25,5,2,27.686,27.69,0.004000000000001336
25,6,2,29.041,29.04,0.0010000000000012221
25,1,3,28.707,28.71,0.0030000000000001137
25,2,3,27.57,27.57,0.0
25,3,3,29.437,29.44,0.0030000000000001137
25,4,3,34.31,34.31,0.0
25,5,3,27.999,28.0,0.0010000000000012221
25,6,3,29.359,29.36,0.0009999999999976694
25,1,4,29.106,29.11,0.003999999999997783
25,2,4,27.696,27.7,0.003999999999997783
25,3,4,29.764,29.76,0.003999999999997783
25,4,4,34.276,34.28,0.003999999999997783
25,5,4,28.232,28.23,0.0019999999999988916
25,6,4,29.51,29.51,0.0
25,1,1,28.471,28.46,0.010999999999999233
25,2,1,27.591,27.59,0.0010000000000012221
25,3,1,29.422,29.42,0.0019999999999988916
25,4,1,34.239,34.24,0.0010000000000047748
25,5,1,27.816,27.81,0.006000000000000227
25,6,1,29.242,29.24,0.0020000000000024443
25,1,2,29.06,29.05,0.00999999999999801
25,2,2,27.732,27.73,0.0019999999999988916
25,3,2,29.282,29.28,0.0019999999999988916
25,4,2,34.218,34.22,0.001999999999995339
25,5,2,27.456,27.46,0.004000000000001336
25,6,2,29.137,29.14,0.0030000000000001137
25,1,3,28.596,28.59,0.006000000000000227
25,2,3,27.586,27.58,0.006000000000000227
25,3,3,29.014,29.01,0.003999999999997783
25,4,3,34.266,34.27,0.0040000000000048885
25,5,3,27.779,27.78,0.0010000000000012221
25,6,3,29.035,29.03,0.004999999999999005
25,1,4,28.842,28.85,0.008000000000002672
25,2,4,27.75,27.75,0.0
25,3,4,29.42,29.42,0.0
25,4,4,34.271,34.27,0.0009999999999976694
25,5,4,28.02,28.02,0.0
25,6,4,29.163,29.16,0.0030000000000001137
